window_id,label,Temperature__dominant_freq,Temperature__fft_peak_amplitude,Temperature__spectral_energy,Temperature__spectral_centroid,Temperature__spectral_spread,Temperature__spectral_skewness,Temperature__spectral_kurtosis,Temperature__mean_power_spectrum,Temperature__max_power_spectrum,Vibration__dominant_freq,Vibration__fft_peak_amplitude,Vibration__spectral_energy,Vibration__spectral_centroid,Vibration__spectral_spread,Vibration__spectral_skewness,Vibration__spectral_kurtosis,Vibration__mean_power_spectrum,Vibration__max_power_spectrum,Motor_Current__dominant_freq,Motor_Current__fft_peak_amplitude,Motor_Current__spectral_energy,Motor_Current__spectral_centroid,Motor_Current__spectral_spread,Motor_Current__spectral_skewness,Motor_Current__spectral_kurtosis,Motor_Current__mean_power_spectrum,Motor_Current__max_power_spectrum,Pressure__dominant_freq,Pressure__fft_peak_amplitude,Pressure__spectral_energy,Pressure__spectral_centroid,Pressure__spectral_spread,Pressure__spectral_skewness,Pressure__spectral_kurtosis,Pressure__mean_power_spectrum,Pressure__max_power_spectrum,Noise__dominant_freq,Noise__fft_peak_amplitude,Noise__spectral_energy,Noise__spectral_centroid,Noise__spectral_spread,Noise__spectral_skewness,Noise__spectral_kurtosis,Noise__mean_power_spectrum,Noise__max_power_spectrum
0,0,0.06666666666666667,0.3186527028622962,2.1265366666666674,0.20047670773769724,0.13882836270883447,0.6397846330858389,2.1167005952879983,0.14176911111111115,0.7615465878108512,0.1,0.014794824043412801,0.007526666666666664,0.22353016415527535,0.13201029037867987,0.47380431859361216,2.0436968131024082,0.0005017777777777776,0.0016416511385665916,0.06666666666666667,0.026994328088823762,0.026543333333333426,0.2522014387960337,0.14945606488530333,0.257893297729253,1.7337354828637594,0.0017695555555555615,0.005465203117252947,0.16666666666666666,0.021858128414339907,0.01198999999999999,0.24735203254157717,0.13553338228875741,0.26029414541966206,1.8114349881189247,0.0007993333333333325,0.0035833333333333017,0.3333333333333333,0.6586190940984868,8.973240000000008,0.26805553178477004,0.12897204458243855,-0.5122148271154361,2.1576751578489226,0.5982160000000006,3.2533433333333357
1,0,0.03333333333333333,0.2493771313220285,1.5479566666666646,0.2150304917616514,0.15411736831520575,0.39176970575305625,1.7830297876479388,0.10319711111111098,0.46641715219803187,0.06666666666666667,0.024468646291957604,0.010109999999999997,0.23323013313189095,0.14527519666674815,0.3352684644781608,1.7527080006384916,0.0006739999999999998,0.004490359885206979,0.1,0.02227792965719891,0.02125333333333343,0.2301632904750719,0.13139108571142746,0.45473194899447683,2.1434320255740493,0.0014168888888888953,0.0037222961235832703,0.23333333333333334,0.021525562620615432,0.016449999999999965,0.24695600163027848,0.15147471445001917,0.1473362652016939,1.6947308794176168,0.001096666666666664,0.003475123846005272,0.3333333333333333,0.3709704989768198,7.118683333333337,0.2919295751445345,0.13598590350727777,-0.29459987933013176,2.0092621891826576,0.4745788888888891,1.0321433333333299
2,0,0.06666666666666667,0.174069579358023,1.0263466666666647,0.2725653051354356,0.15839824547899028,-0.16797065805493416,1.519486898945362,0.06842311111111096,0.227251638434093,0.06666666666666667,0.01634163303082797,0.00774,0.2422516273575267,0.14220565226543036,0.2530998788389365,1.8596376331297935,0.000516,0.0020028672758568584,0.03333333333333333,0.025477618181556753,0.022476666666666794,0.22832290784399545,0.14811548563686977,0.23354690210828855,1.7140603651144377,0.0014984444444444526,0.004868317711538934,0.16666666666666666,0.02313246876386332,0.02610666666666671,0.2408648197108904,0.12852828859439724,0.09873352378977959,1.8923934739885233,0.001740444444444447,0.004013333333333342,0.1,0.3186777446724662,4.252099999999999,0.2679361656085841,0.14193500736949013,0.1439390258130398,1.8458272451323912,0.28347333333333324,0.7616662871214717
3,0,0.06666666666666667,0.19710013088323458,1.4494466666666697,0.239124904698562,0.1488454466387222,0.24075295157928236,1.5967299924794296,0.096629777777778,0.2913634619564115,0.5,0.012666666666666663,0.0059366666666666665,0.2746108579455517,0.15141877270281429,-0.0036557451503072143,1.7656272464526548,0.00039577777777777766,0.0012033333333333327,0.03333333333333333,0.03213921451161235,0.024270000000000038,0.2463546328626756,0.14988176000939127,-0.04415335447085827,1.7785273384692086,0.0016180000000000027,0.007746968320675752,0.03333333333333333,0.028494768831360116,0.03805000000000008,0.26199003689246403,0.14911623696263837,0.09816315257254192,1.8879830427222655,0.002536666666666672,0.00608963888064489,0.03333333333333333,0.40035803017771365,5.694603333333348,0.24343490161522052,0.1432903558168015,0.017335887597798694,1.78102769990522,0.3796402222222232,1.202149142458343
4,0,0.06666666666666667,0.3453316128089037,2.504683333333333,0.2252142943521024,0.14349913493090433,0.33604111152342137,1.813215077847576,0.16697888888888887,0.8944044210389891,0.06666666666666667,0.018382210056769033,0.006426666666666666,0.23923173410824672,0.154831200514064,0.16749056496448178,1.5206231639548307,0.0004284444444444443,0.002534292349283854,0.36666666666666664,0.028432215295190764,0.02400333333333326,0.267963572607872,0.13407296528636323,-0.26075425232259386,1.9524065543638505,0.001600222222222217,0.006062931499440598,0.1,0.02234202244457456,0.029723333333333345,0.2528685528867446,0.15404846235912464,0.17761807727360077,1.7239237754613497,0.0019815555555555567,0.0037437447518540506,0.2,0.4349558891652739,5.414833333333354,0.2606454877184513,0.1435577727331075,-0.005272568463038778,1.7983788919561652,0.3609888888888902,1.4188996913966554
5,0,0.06666666666666667,0.3985309500042126,2.928599999999996,0.2009916457130737,0.13542862161063068,0.6834874939041727,2.3490305160481357,0.19523999999999975,1.191201885834452,0.06666666666666667,0.025182702351725882,0.00844333333333333,0.23427039653578705,0.14749243011231394,0.40161184103270325,1.8427359769819465,0.0005628888888888887,0.004756263733017152,0.3333333333333333,0.023333333333333303,0.02074999999999997,0.25654166704449477,0.13919804346782155,0.07085894331352989,1.7585874631862173,0.001383333333333331,0.0040833333333333225,0.06666666666666667,0.029346967847515174,0.023203333333333385,0.22708601117377875,0.14725464400112048,0.4135467486059929,1.8996873001298937,0.0015468888888888923,0.00645933391382317,0.06666666666666667,0.396395100168295,5.268350000000015,0.257116979583156,0.14119345825879737,0.05906641815450471,1.7180967876321305,0.3512233333333343,1.1784680657807447
6,0,0.06666666666666667,0.2887357061708121,1.7566499999999985,0.21743306546493857,0.1498215153559968,0.4307129430305205,1.825151822739421,0.1171099999999999,0.6252623101346816,0.06666666666666667,0.02098557586304474,0.009410000000000002,0.23832439302252667,0.14025851688565796,0.06988795687933626,1.5663316631134265,0.0006273333333333334,0.003302957957277045,0.2,0.027418889137245158,0.028936666666666718,0.22348278685538922,0.13166745364204233,0.2129454091331951,1.858013540232168,0.0019291111111111145,0.0056384661114040535,0.16666666666666666,0.02484619353811239,0.02039000000000011,0.2521934914895862,0.15255927219533727,0.2124603908937935,1.6180424962575577,0.0013593333333333406,0.004630000000000034,0.23333333333333334,0.4172116280283431,4.880420000000003,0.22959694272525205,0.1265845752760987,0.15293873708931496,2.07304039954477,0.3253613333333335,1.305491569215454
7,0,0.03333333333333333,0.2983091263445797,2.0389133333333325,0.22886500877200247,0.15981631571181706,0.23485187372475186,1.6212177305723754,0.1359275555555555,0.667412511453498,0.06666666666666667,0.020729681530609084,0.010050000000000002,0.25022594151542454,0.15797639218381931,0.13116591869076757,1.5339009902535896,0.0006700000000000002,0.003222897722703566,0.06666666666666667,0.022386718501489027,0.025749999999999995,0.2351980305731348,0.13792560795520933,0.16833671982137227,1.827488952889142,0.0017166666666666663,0.003758738739486833,0.13333333333333333,0.026290428032417955,0.01906666666666673,0.25805216344981335,0.14500891409516445,0.17949326175316124,1.7349312571562616,0.0012711111111111154,0.005183899545958109,0.06666666666666667,0.41459121601519155,5.558413333333336,0.20456448634539146,0.12799325350773744,0.2540306958061608,1.7285430452400015,0.370560888888889,1.2891440729771644
8,0,0.03333333333333333,0.3231036122221516,2.762370000000002,0.2195795463297633,0.156792173915999,0.3229960339901594,1.6777055217690293,0.18415800000000015,0.782969581732519,0.26666666666666666,0.014600062994970577,0.010620000000000001,0.2650663040049872,0.1496208100191677,-0.015127575606523449,1.7954146087593925,0.0007080000000000001,0.001598713795928319,0.03333333333333333,0.03593603592872165,0.031510000000000066,0.2737096914950658,0.1633629263605265,-0.2402551583544537,1.64915940317534,0.0021006666666666704,0.009685490087027801,0.5,0.025333333333333267,0.028066666666666615,0.27255348606647806,0.15162203473887972,-0.011637385881475547,1.743124946149379,0.0018711111111111077,0.004813333333333308,0.36666666666666664,0.35743980569389094,4.841486666666674,0.22942033732573136,0.15140777587703858,0.22517200206108598,1.6922101686465776,0.32276577777777826,0.958224110208649
9,0,0.3333333333333333,0.22103695015389008,2.0586800000000016,0.24316947325720267,0.13991376292758695,-0.02472975275024595,1.6093008181591801,0.1372453333333334,0.36642999999999964,0.06666666666666667,0.03600202196486187,0.02207,0.20789072543309392,0.14738296233592962,0.47840374855008083,1.923500040828911,0.0014713333333333334,0.009721091891687973,0.36666666666666664,0.03262123315635264,0.028776666666666624,0.2936828802914869,0.1332196871189361,-0.577282820715957,1.9383958312429586,0.0019184444444444414,0.007981086394808403,0.36666666666666664,0.027176819686999188,0.02872000000000008,0.2790654377072324,0.1386829831571861,-0.06732042060463238,1.8390211398579235,0.001914666666666672,0.0055393464622474995,0.3,0.47097016464043145,7.9958300000000015,0.26171209913877796,0.13863267675513744,-0.06288772044771462,1.8831135296054982,0.5330553333333334,1.6635967198607633
10,0,0.06666666666666667,0.29791953130498866,2.5902166666666684,0.22342352120863418,0.142227250793419,0.24566228824897532,1.8019520786293672,0.17268111111111123,0.6656703534973809,0.03333333333333333,0.09001637070384307,0.07046,0.14790933049679872,0.1485061913325811,1.002523926679909,2.535753314460855,0.004697333333333332,0.06077210246018772,0.4,0.04229489801816694,0.047816666666666424,0.25646257607837436,0.15675540994656517,-0.031388302841678636,1.5910729381208495,0.0031877777777777616,0.013416437987753565,0.03333333333333333,0.0459266283252205,0.03843000000000018,0.22884424946478743,0.13683575439867743,-0.0061381664566377584,1.8729601734451604,0.0025620000000000118,0.015819413919922094,0.03333333333333333,0.7612160443809213,12.39159999999999,0.227068404022749,0.15269118882239502,0.262961381164782,1.8293949979210042,0.826106666666666,4.345873996672025
11,0,0.06666666666666667,0.43365239486182283,3.20512333333334,0.20963029396910715,0.1403958358215472,0.3721706741291723,1.7880459986258759,0.21367488888888936,1.4104079967704573,0.03333333333333333,0.11889057031405986,0.12487000000000001,0.14260813466733582,0.14740151106767102,1.2025076458584338,2.9966803118135954,0.008324666666666666,0.10601225782201809,0.03333333333333333,0.0827299822202777,0.12281999999999987,0.20722381626326647,0.150122422832956,0.3937943342965471,1.80842607753588,0.008187999999999992,0.051331874686255996,0.2,0.030208787526414975,0.038510000000000086,0.24058805808726855,0.1389183603578591,0.18977492713941943,1.9540063131488805,0.0025673333333333386,0.0068442813286206374,0.06666666666666667,0.46544493475593846,7.401919999999989,0.24809514513518358,0.16206589775064847,0.22778950282147964,1.5956661919145916,0.49346133333333253,1.6247924046746989
12,1,0.03333333333333333,1.0159708571112833,25.052749999999993,0.22195491706839449,0.1375278283537095,-0.028246655865163946,1.6991237513167003,1.6701833333333327,7.741475868745766,0.03333333333333333,0.29026188958253235,1.1384866666666666,0.2024443178657043,0.14406973760704192,0.2365980991961872,1.6856717173826339,0.07589911111111111,0.6318897340801666,0.03333333333333333,0.5240396068492608,8.055319999999995,0.24390596727452624,0.14360588870340257,-0.1686685794396105,1.741923345531527,0.537021333333333,2.0596313216004583,0.03333333333333333,0.22354004622910567,1.2378700000000005,0.23244081277242748,0.14479646411991764,-0.05629128549879782,1.6786622972141625,0.08252466666666672,0.37477614201083026,0.03333333333333333,2.223888198293185,138.86279999999994,0.24364959507885284,0.14988242524834264,0.03226133751376768,1.8027626634831218,9.257519999999996,37.09259038880782
13,1,0.26666666666666666,1.0220434243422691,59.67183333333328,0.2788111151744146,0.14572762996669883,-0.1344872291746313,1.834844834924098,3.9781222222222192,7.834295709309538,0.36666666666666664,0.1798193079691215,1.27298,0.24815818880398316,0.14920923395270572,0.0482756347955429,1.751383172099651,0.08486533333333335,0.2425123763887032,0.36666666666666664,0.6491285044102271,15.604033333333334,0.28571955564845936,0.14192623457707657,-0.22981675789707587,1.9328211864568936,1.0402688888888891,3.160258614283937,0.36666666666666664,0.23261611708522645,2.753826666666667,0.2879262911667209,0.14292543341378586,-0.2458525291531985,1.9020999671970564,0.1835884444444445,0.4058269344585583,0.5,2.3813333333333326,211.90308,0.28433249955603873,0.15023646169673632,-0.19534444280957755,1.8089429789108937,14.126872,42.530613333333314
14,1,0.43333333333333335,1.3939672617883592,59.40565333333328,0.2672078912562961,0.14659362383541305,-0.11190027689452185,1.7494175123511124,3.960376888888885,14.57358545203302,0.43333333333333335,0.15447383176965013,0.8258333333333333,0.283317411418015,0.13921680211544624,-0.1669933811591251,1.7683066365021558,0.05505555555555555,0.1789662352619863,0.43333333333333335,0.7262493168784974,14.521250000000002,0.2665993579960929,0.14045943865224755,-0.15501573900543675,1.7353141470941094,0.9680833333333336,3.95578552699863,0.43333333333333335,0.29886937557799026,2.497286666666666,0.26428027618141037,0.14046956283240114,-0.1699749736575846,1.7805456943159939,0.1664857777777778,0.6699217774378337,0.43333333333333335,2.399091882396195,167.4487266666667,0.27319915829440944,0.14454506410582932,-0.22103350989798462,1.7497964857055088,11.163248444444447,43.1673139513449
15,1,0.06666666666666667,1.119653488677817,39.98217999999999,0.2499386177319757,0.14353814606706236,0.09029702124057228,1.6368787831172678,2.665478666666666,9.402179510313053,0.03333333333333333,0.211538824485609,1.2821199999999997,0.24233593098978704,0.16117791150368876,0.18461092710411403,1.5924116821175207,0.08547466666666663,0.3356150569856497,0.4666666666666667,0.5386817123766037,11.45758,0.26795858223557073,0.15163677530119243,0.011819931424738831,1.5912571896902796,0.7638386666666667,2.1763349043674243,0.4666666666666667,0.2219923236494492,1.7571400000000006,0.2482783492881114,0.14570383477141133,0.0766416599971103,1.6206629037871068,0.1171426666666667,0.3696044381946136,0.06666666666666667,1.9048758608323244,142.11489000000006,0.26253737617656564,0.14481651969680437,-0.049935758678002796,1.6681279154734021,9.474326000000003,27.214140338862666
16,1,0.4,0.8990214513529938,46.49391666666669,0.26973060396706383,0.13895509412496249,-0.0804973211815019,1.8041459783073366,3.0995944444444468,6.061796774946327,0.2,0.17810442517283231,1.1320500000000002,0.25572598074869834,0.14432735362850277,-0.060403718791336755,1.7956557841730947,0.07547000000000001,0.2379088969960877,0.3333333333333333,0.4592607586594398,11.90175,0.2826805452605738,0.13962069946605807,-0.20053638831815981,1.9135696380493534,0.7934499999999999,1.5819033333333319,0.1,0.19195120518666312,2.106533333333334,0.26311262805774627,0.13848670102865515,-0.15408170903834395,1.8207515244890213,0.14043555555555556,0.2763394887945933,0.03333333333333333,3.0090621722436737,217.13515000000004,0.24589841474310548,0.15331114011838576,0.052514093088520085,1.686353899250057,14.475676666666669,67.90841367320861
17,1,0.23333333333333334,1.54084004288259,96.30044333333335,0.2685838771254225,0.14369866056200883,-0.06461619911415652,1.7578928793107453,6.420029555555557,17.806410283128162,0.23333333333333334,0.1853262057534206,1.4574433333333334,0.2650314563809502,0.13648341673464942,-0.01932938836181629,1.8230218925161055,0.09716288888888888,0.2575935190421939,0.23333333333333334,0.8555619978996053,21.61169666666666,0.27378132207643185,0.13769055035245417,-0.15578573624980876,1.8687045933789226,1.4407797777777773,5.489897491874732,0.23333333333333334,0.3213211789224076,3.33554,0.2622731387077661,0.14385721030632945,-0.018406878075009864,1.7445578519560252,0.22236933333333334,0.7743547501806439,0.23333333333333334,1.9112350086010468,157.4403466666667,0.2828855305454589,0.1320366681983411,-0.19973962864163347,1.937137703248642,10.49602311111111,27.396144435766825
18,1,0.4666666666666667,1.4165978581695202,100.05699,0.29724965956429755,0.1385259321517205,-0.2802616849064739,2.017012473100186,6.670465999999999,15.05062118827854,0.06666666666666667,0.3122600078705842,2.28049,0.23527937034137258,0.15240809818632461,0.12455998689252153,1.5980083193879393,0.15203266666666665,0.7312973438650299,0.23333333333333334,0.7101623108865951,18.876456666666662,0.28597856632594937,0.1351228428726108,-0.1735994775307633,2.002699997059061,1.2584304444444436,3.782478808528417,0.43333333333333335,0.27821975259515364,3.423350000000001,0.28914586120568436,0.14383254646906157,-0.25641980933677966,1.86843877730298,0.22822333333333342,0.5805467305058138,0.13333333333333333,2.720988824318407,239.73170999999985,0.19901614640920412,0.1233999971585466,0.5044195478342973,2.231882733322289,15.982113999999994,55.52835136549251
19,1,0.5,2.1939999999999986,93.39584333333327,0.2797424966972318,0.16072582943695424,0.05720489550955009,1.5822074814336333,6.226389555555552,36.10226999999996,0.03333333333333333,0.27414252711565107,2.08156,0.2392138962485808,0.1591029472823762,0.07952114149684562,1.5160399624235525,0.13877066666666668,0.5636559388001661,0.26666666666666666,0.6223071434782977,14.812636666666666,0.24614201299485686,0.15345655759359964,0.15571789820905205,1.7528292939413492,0.9875091111111111,2.9044963561808905,0.06666666666666667,0.32677550075357126,3.6393199999999997,0.2584114003720942,0.15716562638736917,0.09034233182485306,1.6296658872727905,0.24262133333333333,0.8008667091956043,0.13333333333333333,2.80209371704996,308.81648999999993,0.2555118982451994,0.14982372000680508,0.009361909733108981,1.5692458943724996,20.58776599999999,58.887968993481465
20,1,0.03333333333333333,1.755627525253027,97.66588333333326,0.2271870841358451,0.14638602826504496,0.28643004164135455,1.871404970119427,6.511058888888884,23.11671005569551,0.43333333333333335,0.16928013737210104,1.9493799999999997,0.28532801393076945,0.14328518866394507,-0.1706307127416283,1.8273265734740645,0.12995866666666664,0.21491823681538053,0.03333333333333333,1.0491698168709138,17.81703666666666,0.19571753354463972,0.13234408118287314,0.38130649632755054,2.0073059496898416,1.187802444444444,8.255679784747102,0.03333333333333333,0.5301313234326006,4.062733333333334,0.21333420669756578,0.15190911607959523,0.3563986382022645,1.8769465457645522,0.2708488888888889,2.1077941506330045,0.5,3.6460000000000004,462.8689833333333,0.27551157037246043,0.16638916176235788,-0.11256858983876526,1.5278600793514097,30.85793222222222,99.69987000000002
21,1,0.13333333333333333,1.9385734612011574,117.61634666666657,0.29019397618296083,0.13384736094268432,0.1045747105751601,1.7891947098067984,7.841089777777771,28.185502983550766,0.03333333333333333,0.39409336423894836,3.2518299999999996,0.21012363103095,0.15320113502513605,0.3949996261953918,1.7570373825192278,0.21678866666666663,1.1648218480287933,0.03333333333333333,0.8109645815639206,19.490336666666657,0.252883606455142,0.15914896572501488,0.14606069962971707,1.6623873653575099,1.299355777777777,4.932476644133586,0.26666666666666666,0.28238697691058046,2.759826666666667,0.26557678297981313,0.1450075749467901,-0.03559263782140254,1.8628986755517272,0.1839884444444445,0.5980680354652251,0.4666666666666667,4.382529120294239,485.54868333333314,0.2609180923152624,0.16682991843207925,0.011295529619489389,1.3759671459510585,32.36991222222221,144.0492111767025
22,1,0.4666666666666667,2.3143319797747117,151.34213999999992,0.278728858651058,0.143883002416911,-0.05633228882598567,1.737318515251442,10.089475999999992,40.170993844559526,0.03333333333333333,0.29294532188013217,2.514216666666667,0.21809555667497593,0.1471446337532517,0.2971540742155194,1.7601249430705264,0.16761444444444445,0.6436272120859069,0.06666666666666667,0.8548481787887393,25.672479999999993,0.25188424465935644,0.14905098302294592,0.15678388704368423,1.7890135658054385,1.711498666666666,5.480740565838183,0.4666666666666667,0.31027724762944525,4.301903333333333,0.246778661548081,0.14052021777654927,0.14661350934600678,1.748121870991086,0.2867935555555555,0.7220397779737807,0.06666666666666667,4.184427258576197,507.83999,0.2754707059941498,0.15393421679808988,-0.0582125700491858,1.5538989381536943,33.85599933333334,131.32073611736635
23,0,0.06666666666666667,0.16068416175882128,1.0373099999999997,0.2546721512974305,0.15026589307829116,0.21568944132990156,1.5958050606041239,0.06915399999999997,0.1936454988010128,0.5,0.023333333333333324,0.010689999999999998,0.3186042404058717,0.15172596362237983,-0.5002674032484196,2.0047747342656037,0.0007126666666666665,0.00408333333333333,0.5,0.023333333333333428,0.026256666666666744,0.2787374945946265,0.1501544073403523,0.02331647048058039,1.7279493952823461,0.0017504444444444496,0.004083333333333367,0.3,0.03154619395910598,0.04212000000000002,0.2470644935411512,0.14722925918927032,0.17641133763684513,1.737151446936968,0.0028080000000000006,0.00746371764979151,0.1,0.4742491498635368,6.847140000000008,0.26968656389805884,0.14191420129582796,0.024832188077922722,1.7945346603102637,0.45647600000000055,1.686841921097155
24,0,0.06666666666666667,0.17448123825309156,0.8341233333333344,0.2384261952288399,0.14348857040250326,0.08938339455318853,1.5863471663914428,0.055608222222222295,0.22832776876749075,0.06666666666666667,0.018320187534100925,0.008399999999999998,0.24837793393327676,0.1538631862629024,0.28950162329036977,1.6725968274819107,0.0005599999999999997,0.0025172195346347018,0.2,0.028745292802425573,0.039700000000000145,0.2629089846328647,0.14389286814014304,0.1309087381686913,1.8286263541337582,0.0026466666666666765,0.006197188937228846,0.03333333333333333,0.03681852370478634,0.04296666666666678,0.2500641580202143,0.13865479225707464,-0.029495048785974826,2.019498919072118,0.0028644444444444524,0.010167027658499353,0.4,0.4153460693637218,6.18632000000001,0.2616786808372785,0.13454003601214054,-0.13804789517183055,1.9330367629441036,0.4124213333333339,1.2938426800192022
25,0,0.03333333333333333,0.18172608716683208,1.1729933333333329,0.2525570499021327,0.16193935622455385,0.09380503424317801,1.5754540472777423,0.07819955555555552,0.24768278067725286,0.1,0.011729280448920932,0.00563,0.2391346752028937,0.14710957365162705,0.29026162090695556,1.7639477011555567,0.0003753333333333334,0.001031820148870791,0.23333333333333334,0.034557113247912184,0.04503000000000007,0.26634632726506086,0.1456487474426734,0.10039745296796185,1.8720005069332644,0.0030020000000000047,0.008956455570217707,0.26666666666666666,0.04108548282863411,0.04905333333333345,0.22297650246676345,0.13728452230636026,0.27989517427705196,2.1285272956941004,0.00327022222222223,0.012660126744464912,0.3,0.49599857022510807,4.718183333333337,0.2791461392386995,0.12588213189636174,0.008140700296662345,2.14040351566167,0.31454555555555574,1.8451093624901358
26,0,0.03333333333333333,0.2715116630973407,1.7904900000000048,0.24311864809640701,0.15136392067156834,0.009714070297914268,1.6636239477018737,0.1193660000000003,0.5528893739841289,0.3333333333333333,0.01338323993325649,0.006149999999999999,0.2973446806826653,0.14369832818767064,-0.2787000171372548,1.946100537156541,0.00040999999999999994,0.0013433333333333337,0.4,0.03046034793793337,0.04020999999999977,0.2765618856298124,0.1458446545458843,-0.15834487334654251,1.8101983855871833,0.002680666666666651,0.0069587459737497125,0.23333333333333334,0.03542656365300031,0.043033333333333465,0.24960616689060128,0.1405441119786094,0.1388652429048456,2.0328008308636223,0.002868888888888898,0.009412810591950618,0.26666666666666666,0.4026431158049976,5.389099999999996,0.2637469863968509,0.13825792707547813,-0.07083624456153813,1.9913436725800047,0.3592733333333331,1.2159110902886752
27,0,0.03333333333333333,0.21555335050315702,2.0222800000000047,0.2523095390368615,0.1485466486156812,-0.021622920794974538,1.6561452478627208,0.13481866666666698,0.3484743518485265,0.36666666666666664,0.012389545642899118,0.007899999999999997,0.26610195655491137,0.15037742367642745,0.04830207325147713,1.7032412133871475,0.0005266666666666666,0.0011512563092811038,0.43333333333333335,0.03552526713849229,0.05156999999999973,0.2821951170806843,0.1481820078966085,-0.33099210534566437,1.8263150878589216,0.003437999999999982,0.009465334539459304,0.36666666666666664,0.032091589148527125,0.04286666666666683,0.26354396757867043,0.1426971196082422,-0.26019697403077696,1.8342413468464058,0.002857777777777788,0.007724025705583978,0.26666666666666666,0.37303494400558895,4.904249999999999,0.2115366459823358,0.13515273577125655,0.4262273619947036,2.1946988146030875,0.3269499999999999,1.0436630208693967
28,0,0.06666666666666667,0.2982996249176718,1.7497300000000027,0.23810410866714588,0.14435242412563512,0.23769347344532837,1.8708632088432597,0.11664866666666683,0.6673699966951777,0.03333333333333333,0.015424050141246289,0.00874,0.22633305229241213,0.1478640297192092,0.23083289074640925,1.6507574183115812,0.0005826666666666668,0.0017842599206975974,0.2,0.03782860333239089,0.04280333333333311,0.25684238912715424,0.14300413465254777,0.12415779671074735,1.810735980941569,0.002853555555555541,0.010732524225595312,0.23333333333333334,0.044146905945572475,0.06401000000000014,0.2594324088323926,0.13965478757356561,-0.12877079326115798,1.9313833639943865,0.0042673333333333435,0.014617119784254168,0.2,0.3112583448653104,5.133030000000013,0.2360012897302832,0.13369654483096285,0.26099053082963697,2.06411148404997,0.34220200000000095,0.7266131793621938
29,0,0.03333333333333333,0.2132086914868379,1.7328166666666671,0.23739979628732427,0.14983351453515772,0.12255275487920077,1.7637524661263972,0.11552111111111116,0.3409345959414722,0.06666666666666667,0.02075044055514008,0.010209999999999997,0.2145317090535692,0.13203476548689433,0.27800188881514837,1.8633943056821716,0.0006806666666666664,0.0032293558742430167,0.06666666666666667,0.03895062493414327,0.05196333333333327,0.20843923479040832,0.13667759041282299,0.48207050188060513,2.150012973940103,0.0034642222222222184,0.011378633870702278,0.23333333333333334,0.0371309905712247,0.0504166666666668,0.27171960009461565,0.147786242689863,0.03027709028928376,1.8526074159107906,0.0033611111111111194,0.010340328456002832,0.13333333333333333,0.35420031994099976,4.499900000000008,0.2415319654096146,0.127792459672995,0.01277813864527928,1.9397871497536463,0.29999333333333394,0.9409339998472995
30,0,0.4666666666666667,0.27615307338793227,2.9251999999999985,0.24406570763335603,0.14479623108698633,0.10471736662785458,1.768521576968883,0.1950133333333332,0.5719538995620054,0.06666666666666667,0.016627058601099302,0.009683333333333332,0.21687342262564643,0.13586029276218436,0.3791843034339761,1.9091578683011812,0.0006455555555555556,0.002073443082932927,0.06666666666666667,0.04538455009501718,0.049720000000000084,0.23086023970890526,0.1443356682341225,0.25278872010504033,1.8105836987654294,0.003314666666666672,0.015448180404953427,0.16666666666666666,0.037812402433299336,0.05082000000000006,0.2567346156282619,0.13783736405744423,0.06223550434971238,1.875822961254798,0.0033880000000000047,0.010723333333333362,0.13333333333333333,0.2784890125473828,2.9836900000000055,0.27220067276587817,0.13660989580921526,0.023627749887596673,1.7645246909216585,0.19891266666666704,0.5816709758221223
31,0,0.03333333333333333,0.3715959884600457,3.108233333333329,0.23197600036645744,0.15249232510631752,0.1930804181796894,1.761722308478216,0.20721555555555524,1.0356268397969883,0.03333333333333333,0.06269153302341637,0.055349999999999996,0.17501034232085486,0.14365354781989456,0.761527502036291,2.24361883302804,0.00369,0.029476712346195796,0.06666666666666667,0.044097804044331085,0.0638133333333333,0.22263598175165572,0.15422755606875693,0.48125269476513094,1.9790977142204653,0.004254222222222221,0.014584622411491673,0.03333333333333333,0.03984894469650007,0.05678666666666671,0.2606019087791742,0.1402171775266329,-0.19218305528716864,1.8345133569468959,0.003785777777777781,0.01190953795068541,0.06666666666666667,0.4638507412432705,6.227030000000007,0.22821421076576706,0.1370527172688983,0.2160203322935946,1.8237911847305999,0.415135333333334,1.6136813261394864
32,0,0.03333333333333333,0.445520996468271,3.0957033333333372,0.19973158325801071,0.15036702488661977,0.5314064731437742,1.9945972181706717,0.2063802222222225,1.4886671872056085,0.03333333333333333,0.09573089239230055,0.08098000000000002,0.17131095960159803,0.16459677395382968,0.8801972587994911,2.2741806147987216,0.005398666666666667,0.0687330281866967,0.03333333333333333,0.11523416510477735,0.17165000000000025,0.18767158883265078,0.1407170056510564,0.5511351740447231,2.1116249738786896,0.011443333333333345,0.09959184605546316,0.03333333333333333,0.04810830908471425,0.055600000000000024,0.25969707579931167,0.1557913396120196,-0.09057014035450865,1.6652015766931636,0.0037066666666666684,0.017358070522428,0.03333333333333333,0.616648408962513,8.601210000000016,0.2275654364000915,0.14606336188663926,0.16835953526669056,1.7764081562631582,0.5734140000000011,2.8519144520699906
33,1,0.43333333333333335,0.3350450971596244,5.000733333333338,0.24423098087625242,0.15435434387929492,0.22552438769661645,1.6479957710373956,0.3333822222222224,0.841914128480266,0.03333333333333333,0.09184984323708571,0.07951333333333334,0.1694857345868725,0.15530480914929426,0.7912712552836854,2.2092922762356477,0.005300888888888888,0.06327295277007915,0.03333333333333333,0.2191727054257934,0.6064666666666663,0.16035964126533617,0.1256023414834118,0.7887381511393747,2.618434889217807,0.04043111111111108,0.36027506102746204,0.03333333333333333,0.09735813720817982,0.1355033333333332,0.21163310637541158,0.14825371365072154,0.3074843727359813,1.9237559148173107,0.009033555555555546,0.07108955160485077,0.03333333333333333,0.7740260933747846,16.83359,0.22309492672084358,0.14202012842604683,0.37675031064379366,2.0515221020338887,1.1222393333333336,4.49337294918773
34,1,0.03333333333333333,1.148518998289834,26.38374666666666,0.20650164424282264,0.1498955618989194,0.47323057105424865,1.7852438262998338,1.758916444444444,9.89321917074513,0.03333333333333333,0.3698173901828633,1.3352633333333332,0.15260411344110011,0.1394715731073239,1.0199695390124877,2.759081031617168,0.08901755555555556,1.0257367656124812,0.03333333333333333,0.6070301102840204,6.922613333333336,0.20137450684965438,0.1417759359940721,0.4829637033178682,1.9241638227975209,0.4615075555555558,2.763641660935725,0.03333333333333333,0.2176229868303283,0.9871199999999991,0.2088696677992827,0.14942451798793063,0.479970442272227,1.8565316890936856,0.06580799999999995,0.35519823297714936,0.03333333333333333,3.2226644888071108,131.16548666666665,0.19398561813141116,0.1547049730343243,0.5829326382451661,1.908437205645874,8.744365777777778,77.89174805563796
35,1,0.13333333333333333,0.8141961300791384,23.890050000000034,0.2551849388227311,0.14519008836967495,0.21921724029024822,1.839836951246839,1.592670000000002,4.971865036768841,0.13333333333333333,0.08589230965436272,0.35635,0.2674131255670827,0.1399568232844208,0.035641903046780825,1.9391681756912966,0.023756666666666666,0.055331166433206985,0.13333333333333333,0.48114784365043123,6.300819999999997,0.2509417740813319,0.13633396347377122,0.18490399873581084,1.9745005523599488,0.42005466666666647,1.7362743558709484,0.03333333333333333,0.16811746286303794,1.05964,0.24258938042968872,0.14534030709409848,0.23159440518043065,1.8821728209621267,0.07064266666666666,0.2119761098962871,0.13333333333333333,1.6617706353613497,86.3377466666667,0.25913226851887566,0.14429967021292242,0.03313231672916739,1.7197854325215205,5.75584977777778,20.71111233411948
36,1,0.5,0.9753333333333335,24.377996666666686,0.2740267876450263,0.15399161067938397,0.10768531316321601,1.679994125772492,1.625199777777779,7.134563333333336,0.03333333333333333,0.22501119798412214,0.9923000000000002,0.2592056574888602,0.16542759395319326,0.02309057677148829,1.6804208377635672,0.06615333333333336,0.37972529413687356,0.03333333333333333,0.5218697152598641,7.951833333333336,0.2511303562974019,0.16297226114534483,0.1606027111548921,1.682921864739712,0.5301222222222225,2.0426099977905876,0.5,0.2106666666666666,1.2514200000000004,0.26705886322565875,0.1600099015240395,0.04110687082652366,1.735414386445241,0.08342800000000004,0.33285333333333317,0.03333333333333333,3.1667093404716575,198.63977666666668,0.264785659706677,0.16939167076049452,-0.021481924592547788,1.5495706556443156,13.242651777777779,75.2103603527283
37,1,0.43333333333333335,0.8534047176871041,31.62983000000005,0.2597405391576085,0.15163267514399936,0.13045407563869377,1.6832089351596,2.1086553333333367,5.462247091279545,0.03333333333333333,0.4013609612856508,2.2601566666666666,0.21541217450829594,0.16012025154180895,0.3527531759883834,1.7238965124113004,0.15067711111111112,1.2081796593310625,0.03333333333333333,0.5835186640682916,10.59779,0.23695529301254198,0.15482050405466916,0.19358020458108854,1.7195101538622553,0.7065193333333333,2.5537052348703275,0.03333333333333333,0.23137257313771048,2.0041499999999997,0.2537482879424076,0.1592008541883082,0.07227323376405288,1.6518902222036238,0.13360999999999998,0.40149950700273884,0.03333333333333333,3.7358174023537924,295.6799900000002,0.24780678299701037,0.1595509393027514,0.044252429134452875,1.6358446081749798,19.711999333333345,104.6724874779708
38,1,0.03333333333333333,1.0497767217058998,37.18094999999997,0.24894916197479197,0.15470573475239935,-0.002513376706375634,1.5586457099242506,2.478729999999998,8.265233740766897,0.5,0.15399999999999997,0.9059833333333333,0.26420597890858144,0.15001541406374258,0.06610215877866309,1.7770192024313054,0.060398888888888884,0.17786999999999994,0.03333333333333333,0.5352387993919336,7.932729999999999,0.23199892201368788,0.1583071673047668,0.13023552512945535,1.519085146192905,0.5288486666666666,2.1486042928088893,0.06666666666666667,0.27047988300727416,2.056683333333333,0.24055578988615442,0.16239914668675604,0.1224429657031209,1.484758166857131,0.1371122222222222,0.5486952533372152,0.36666666666666664,2.50170663244943,146.53875666666673,0.2753561654762167,0.14640029939407298,-0.1556798942327878,1.8132409822169981,9.76925044444445,46.939020561311025
39,1,0.03333333333333333,1.2839951768989288,60.18219000000005,0.22727861336347904,0.14789435229270592,0.3201693828151997,1.8673303720441778,4.012146000000003,12.364827107247836,0.03333333333333333,0.3406406733239127,1.9674266666666664,0.21002726705986863,0.14122681717418098,0.3315975166219524,1.907310918608293,0.13116177777777777,0.8702705124192645,0.03333333333333333,0.860167665097651,16.07402,0.21448110858232936,0.14644089055409837,0.3644173427686992,1.9090171008226755,1.0716013333333334,5.5491630905965845,0.03333333333333333,0.3153886194976908,2.7969799999999987,0.21572084628538854,0.14338614577788136,0.3653562414037431,1.9102526137778,0.18646533333333323,0.746024859814944,0.03333333333333333,5.0197512514161815,401.60428999999993,0.20222737595689558,0.14223403601379658,0.44490730980530063,1.9849620674496335,26.773619333333325,188.9842696957074
40,1,0.2,1.2334685771981069,69.13613000000007,0.27175259511873845,0.14325763403027272,0.050317466898466626,1.8444627096770831,4.609075333333337,11.410835482013416,0.03333333333333333,0.3978205854224311,2.454386666666667,0.1888323612604344,0.1447783602455464,0.6322438869672414,2.1153181565734176,0.1636257777777778,1.1869591363938434,0.03333333333333333,0.627625726087102,14.178913333333337,0.22322939809212242,0.12990634282841307,0.13141355496792545,1.9523463790285536,0.9452608888888892,2.954355390347715,0.03333333333333333,0.26585556229341945,2.4825633333333332,0.23310872082400547,0.13832422742758693,0.17978010315648613,1.912661340244509,0.16550422222222222,0.5300938500176268,0.1,2.8519364935714204,366.30036666666655,0.25029276600863887,0.14839654322088552,0.13988147224906755,1.747238223289961,24.420024444444437,61.001563225233355
41,1,0.03333333333333333,1.4571198364726683,70.84710000000004,0.22825396596434155,0.15072015694937016,0.2702402908471246,1.6537911386099666,4.7231400000000034,15.923986633816018,0.06666666666666667,0.21297590867523922,1.124283333333333,0.2335486021968965,0.14653715182393084,0.10870130186609502,1.6677029490577655,0.07495222222222223,0.3401905325703288,0.03333333333333333,0.8558944034002067,16.547240000000002,0.219134751154084,0.15511686040431494,0.44781396926811384,1.860239775897755,1.1031493333333333,5.494164223288468,0.03333333333333333,0.31315535681755136,2.570906666666669,0.216718544284861,0.15371675124343165,0.3721250520789485,1.7387330185239869,0.17139377777777795,0.7354970812764593,0.06666666666666667,4.2612845729729685,497.14218000000005,0.22553321044930044,0.15295027694071658,0.23525900306122724,1.5849102624636346,33.142812,136.1890965889306
42,1,0.03333333333333333,1.4340009897675514,33.624459999999985,0.2303905834195252,0.16873226085105528,0.26005328677932116,1.4879979173402922,2.241630666666666,15.42269128990738,0.03333333333333333,0.4172612274114431,3.13021,0.2040488764593609,0.16372438466702965,0.4876718049106437,1.6874554716868977,0.20868066666666663,1.30580198925678,0.03333333333333333,0.8048531555289673,13.763573333333337,0.21061276668017967,0.16142405823013847,0.4471073914482363,1.6796174186287027,0.9175715555555556,4.858414514737021,0.03333333333333333,0.44597464372641965,2.570646666666669,0.18747020953092808,0.15009364543914414,0.5964314981961547,2.0104240679453187,0.1713764444444446,1.491700371351802,0.03333333333333333,5.956902542465643,669.3712899999998,0.2042171534524028,0.1547521343552183,0.5014402261711781,1.8655114673704447,44.62475266666665,266.13515925325237
43,1,0.43333333333333335,1.5250163870710365,73.22650000000004,0.2618024324158689,0.14220145732734313,0.10741537776010412,1.7269866085224683,4.88176666666667,17.442562356263977,0.03333333333333333,0.5120265743587998,4.554259999999999,0.19120681496495495,0.1427498388848138,0.6627320023985519,2.2019565637084586,0.30361733333333335,1.9662840963720567,0.03333333333333333,0.7409252446959492,11.739989999999999,0.21928983722625758,0.16162623118056937,0.3811086064407611,1.637109395956573,0.7826660000000001,4.117276636708142,0.13333333333333333,0.23682366590233664,1.5034199999999989,0.20412598590221284,0.13340166328559597,0.5183655636703448,2.0818115918416744,0.10022799999999996,0.4206408654856617,0.03333333333333333,5.600513955874799,588.5036499999998,0.23435789504160956,0.16120936262573038,0.127548882314911,1.6303758694014912,39.23357666666664,235.24317427461293
44,1,0.03333333333333333,2.637997058301539,177.7963666666668,0.23358150222555973,0.1532087292204817,0.3012510659845987,1.8443367154731256,11.85309111111112,52.19271359705681,0.13333333333333333,0.2447101290072578,2.302320000000001,0.24087381603624702,0.15210784572739752,0.33626350730853255,1.8243809582564938,0.15348800000000004,0.4491228542906157,0.03333333333333333,1.2893002585256734,24.319536666666668,0.20082464748968176,0.16043745524270595,0.6553478546609943,2.037627389681312,1.6213024444444444,12.467213674757762,0.03333333333333333,0.6599387645632981,6.101500000000001,0.22094446010780613,0.15386483131909678,0.3153363689032497,1.8513660950771529,0.4067666666666667,3.2663937972999917,0.2,2.930025869532431,383.2487166666666,0.24752456352120597,0.14118186265007646,0.2820010148211793,1.969079263140202,25.549914444444443,64.3878869709696
45,1,0.1,2.153880765624502,157.6347633333334,0.22403913173352222,0.1334156045314762,0.13013565011704625,1.7211843810216336,10.508984222222228,34.794017643953936,0.03333333333333333,0.4670941863469656,5.531623333333332,0.2246461956489648,0.1510271552709685,0.3730250575319826,1.9161977343733463,0.36877488888888893,1.6363273418935036,0.03333333333333333,1.0447695718307226,19.65183333333332,0.20943711701418952,0.14167496837066024,0.2576061630096118,1.7147674432990392,1.3101222222222217,8.186575936675135,0.03333333333333333,0.4422660582703622,5.740146666666668,0.23445402381794872,0.13699523132712374,-0.01769744980097521,1.743324707175712,0.38267644444444454,1.4669944972350255,0.03333333333333333,7.705226375277748,1085.8545299999998,0.19902382227695029,0.1476307584259595,0.5897658693965764,2.125977742334119,72.39030199999998,445.278851207069
46,0,0.06666666666666667,0.2862831930509034,1.30873333333333,0.24265038012998472,0.1376062282985789,-0.0043968114961112,1.7118721963031451,0.08724888888888867,0.6146854996756562,0.3333333333333333,0.009820613241770818,0.004429999999999998,0.2475875446636121,0.1477453555650519,0.10535928829755599,1.7348521983903615,0.0002953333333333331,0.0007233333333333326,0.06666666666666667,0.028181235755575438,0.02974666666666665,0.2096386073674264,0.13391206361461516,0.3200795525957351,1.7261819517178993,0.0019831111111111104,0.005956365365334928,0.16666666666666666,0.0206666666666667,0.025509999999999942,0.2676018309252592,0.14302902336560078,0.02083606300924427,1.7779568142483013,0.0017006666666666628,0.0032033333333333436,0.06666666666666667,0.35900829583491295,5.983133333333332,0.2714749162414519,0.14629738647088023,-0.0832687821340455,1.6880201966218327,0.3988755555555554,0.9666521735871627
47,0,0.06666666666666667,0.1734596272452641,0.6821099999999967,0.22307604226974317,0.13955620373768196,0.42645371259801246,1.9856998949977407,0.045473999999999785,0.22566181713049477,0.06666666666666667,0.015150047139297775,0.004969999999999999,0.1949439164961673,0.11839763898590225,0.4130175233864678,2.174943527936794,0.00033133333333333317,0.0017214294624220852,0.03333333333333333,0.03309780128572787,0.022009999999999974,0.19611399370045937,0.1512059982696381,0.6174577709627956,2.090199467120809,0.0014673333333333316,0.008215983374621472,0.26666666666666666,0.02239890187779383,0.022493333333333337,0.24469028010513547,0.13118065371292195,0.31073090011749044,2.073947413109424,0.001499555555555556,0.00376283103998277,0.13333333333333333,0.43701089172409746,5.5803999999999965,0.25357695274666703,0.14324821205971167,0.23459543354813078,1.8007319495160528,0.3720266666666664,1.4323388961411814
48,0,0.06666666666666667,0.10154595126346826,0.52923,0.2505376855197195,0.1402033870882708,-0.0966048814433714,1.7216420801912682,0.035282,0.07733685163502003,0.03333333333333333,0.019379716428670275,0.009999999999999998,0.2386125849866605,0.15220275286688642,0.05843665350401337,1.6177781023881184,0.0006666666666666665,0.0028168005664175443,0.06666666666666667,0.02506809017046532,0.025910000000000016,0.26034248234254276,0.1583166412117609,0.06619148364298762,1.569185479752152,0.0017273333333333344,0.00471306858595935,0.23333333333333334,0.029427250924571276,0.02765999999999994,0.2584335309965491,0.14379070999099625,0.3935092443441661,1.9724320796717179,0.0018439999999999965,0.006494723227332608,0.16666666666666666,0.33783888336174644,3.7517466666666714,0.24263193493862215,0.11750863560035012,0.16491475392533297,2.102316305692224,0.25011644444444475,0.8560133333333381
49,0,0.06666666666666667,0.16587766005903162,1.108289999999999,0.24438333833605375,0.15559274910982387,0.05013113459690765,1.511778866039099,0.07388599999999994,0.20636548579994743,0.23333333333333334,0.018722299706226294,0.009599999999999997,0.2677610885144932,0.13271387711511665,-0.05567245409308633,1.9045313371040329,0.0006399999999999999,0.002628933797173209,0.06666666666666667,0.030363277678853405,0.03389333333333344,0.2665838091753871,0.14303954573649477,0.04213726871578452,1.880917563772705,0.002259555555555563,0.006914464735523681,0.5,0.027999999999999817,0.02441333333333325,0.2772908412347258,0.15741522739064737,-0.017797396828458722,1.6594621520185342,0.0016275555555555498,0.0058799999999999235,0.13333333333333333,0.39186159615261934,4.056616666666675,0.22606140978869924,0.13857894764943063,0.40970976824411415,2.0694280002299577,0.27044111111111163,1.151666329044589
50,0,0.06666666666666667,0.3000592987506841,1.966789999999993,0.25145682471332803,0.14069612483448346,-0.027914385899976198,1.7554472298351522,0.13111933333333287,0.6752668707506423,0.3333333333333333,0.012875471943885313,0.006400000000000001,0.2549504096761624,0.12804035121351753,-0.049919165417455474,2.1891064982660255,0.0004266666666666667,0.001243333333333334,0.3,0.03427196220129789,0.037966666666666746,0.2618868822330969,0.14318968457847472,-0.04771780035724986,1.885681775776978,0.0025311111111111164,0.008809255448453934,0.03333333333333333,0.03364183640076635,0.030999999999999958,0.26322051529452356,0.15709180320894753,-0.09584079333425292,1.6349694190842574,0.002066666666666664,0.00848829867311946,0.2,0.40728690357300806,3.5538166666666746,0.22369589973114354,0.13795956518986052,0.6709575400663707,2.29492850540936,0.23692111111111158,1.2441196636656662
51,0,0.06666666666666667,0.268722708752976,1.7863799999999983,0.24019582818584928,0.13855108877039554,0.09952966372748456,1.6811060980529005,0.11909199999999989,0.5415892064965259,0.43333333333333335,0.01054879496309941,0.004320000000000001,0.285664288919056,0.15188559326349926,-0.1872332599472367,1.6526823724659532,0.00028800000000000006,0.0008345780638013361,0.36666666666666664,0.026303518534216377,0.02680000000000006,0.27327668609769484,0.14025662388210655,-0.23288001127079522,1.7085301240185924,0.0017866666666666703,0.005189063154598984,0.43333333333333335,0.02631475426985337,0.027069999999999865,0.26788088492095036,0.14279082209339092,0.0027529038591596424,1.6590153776570902,0.0018046666666666582,0.0051934971921207464,0.4,0.33837025674661186,3.722966666666669,0.27680906283628115,0.13701935397152018,-0.13570620749746504,1.8618242736652297,0.2481977777777779,0.8587082298807602
52,0,0.06666666666666667,0.31520769853018843,1.9168499999999997,0.22046245810800869,0.13744645396999552,0.2646768306918306,1.7549002382047874,0.12779000000000001,0.7451691990952363,0.06666666666666667,0.014505201241713271,0.0036466666666666665,0.23426739696949198,0.1564563252437528,0.16921709012708155,1.5093251831599044,0.0002431111111111111,0.0015780064729695022,0.3333333333333333,0.028197714643408978,0.026130000000000025,0.2672310349982948,0.1440636059033248,-0.21906640902342228,1.728487054587848,0.0017420000000000014,0.005963333333333408,0.4666666666666667,0.025267384840134625,0.020923333333333252,0.2532476801265812,0.1369880729527021,0.12498698772739064,1.9105267835324862,0.0013948888888888837,0.004788305524945987,0.36666666666666664,0.3096503093240791,3.988519999999996,0.29074009410702667,0.14068856297174034,-0.3151965567721063,1.9940879337477249,0.2659013333333331,0.7191248554837342
53,0,0.06666666666666667,0.39857706567726137,2.3238566666666642,0.19505515677801077,0.14058608673525066,0.437293020248251,1.7147885327834929,0.15492377777777755,1.1914775796292194,0.06666666666666667,0.015882176830791635,0.005383333333333331,0.23308314385390017,0.14912528565088545,0.2570521379078062,1.7122524778306651,0.00035888888888888873,0.0018918265566340092,0.03333333333333333,0.026277355102988557,0.024800000000000093,0.23630273624249173,0.14050107590615551,-0.09043128034774475,1.6506916664582443,0.0016533333333333395,0.00517874543406419,0.03333333333333333,0.0239620510916811,0.01820666666666669,0.24927811198987007,0.15149284941334215,0.10340148574098204,1.8178882375814627,0.0012137777777777791,0.004306349193902516,0.03333333333333333,0.40940640121428556,4.039826666666668,0.2233318150335385,0.14021173233728276,0.09432602357323255,1.7129745920885424,0.2693217777777779,1.257102010164244
54,0,0.06666666666666667,0.27159377442786875,1.3839000000000001,0.22569019173007948,0.1547579251851662,0.3811326999255991,1.7942843223665823,0.09226,0.5532238373098204,0.03333333333333333,0.025737180666950382,0.014896666666666662,0.21528600647211396,0.1528540035691357,0.3509715709180523,1.6833782390626597,0.0009931111111111108,0.004968018515124335,0.06666666666666667,0.04514680061627997,0.03441666666666657,0.24306301019934554,0.15146943439105645,0.29805632621061967,1.7446275808626528,0.0022944444444444375,0.015286752044146033,0.03333333333333333,0.021642032326979664,0.022190000000000043,0.2574556295666855,0.15014247559268584,0.11093786738821118,1.7457328794826792,0.001479333333333336,0.0035128317243152468,0.03333333333333333,0.2997293205946714,3.243353333333333,0.24152519368175712,0.14811868836627184,0.05481315332031214,1.7335363697620678,0.21622355555555553,0.6737824921810749
55,0,0.03333333333333333,0.3466409154655887,1.9937100000000019,0.22057958826872795,0.15809289839021262,0.29258622871120926,1.6605324909733756,0.13291400000000012,0.9011994320611605,0.03333333333333333,0.09392930729447577,0.08090333333333331,0.15373928494018674,0.14977451714929024,1.0161112224596307,2.5963452870737544,0.005393555555555554,0.06617036076615043,0.03333333333333333,0.07523560555526002,0.09477999999999973,0.22456578393059903,0.16734079785361364,0.3755511126153279,1.7143548966260653,0.006318666666666648,0.04245297257450003,0.4666666666666667,0.03293720749827067,0.02802999999999994,0.2971492257801733,0.16551058898141813,-0.3889542333583285,1.5889322918184874,0.0018686666666666624,0.008136447283381035,0.03333333333333333,0.5567914980105493,6.1918633333333215,0.2180440832161105,0.1493459879717694,0.2480498775902787,1.730845211590682,0.4127908888888881,2.325125791926237
56,0,0.03333333333333333,0.3425186678471766,2.8953099999999985,0.22297160402547958,0.15487347187453504,0.26992186497349463,1.75032638462707,0.19302066666666653,0.8798927836785336,0.03333333333333333,0.11114690407184533,0.10749999999999998,0.1556564270306459,0.14579425656970066,0.9067667291950563,2.436993902878997,0.007166666666666666,0.0926522571356699,0.03333333333333333,0.1166525888162143,0.221266666666667,0.22295196539196868,0.15854445086090105,0.3772684647734985,1.7819155021564475,0.014751111111111131,0.10205869858143576,0.03333333333333333,0.06927545742145223,0.08873666666666652,0.2558578625968731,0.18460055951893742,0.08509374087402097,1.3516512869840405,0.005915777777777769,0.035993167507135805,0.36666666666666664,0.47611672274600997,8.003039999999995,0.2536921224636352,0.1435237587558883,-0.0828292335003371,1.6686606811395197,0.5335359999999997,1.7001535025880068
57,1,0.03333333333333333,0.9141325619286588,17.732399999999988,0.19193631432022437,0.13088616940111744,0.5507659240974427,2.3272721539824164,1.1821599999999992,6.267287555836899,0.03333333333333333,0.24737057598202566,0.6746100000000002,0.16748735657236294,0.13816614737110094,0.7190077394558901,2.2154165141061104,0.04497400000000002,0.4589415139625935,0.03333333333333333,0.4758413607698967,4.957930000000001,0.18380588272548823,0.12663193446931215,0.5707002507840981,2.3681244441897844,0.33052866666666675,1.6981875046451023,0.03333333333333333,0.2070293778627661,0.9137900000000003,0.1854286261420022,0.13029332287512668,0.605753010625269,2.41192928390414,0.060919333333333346,0.32145872473682996,0.03333333333333333,1.9181852204368124,68.45337999999998,0.2137276778172249,0.15028847271006962,0.321652700781616,1.8114694683593426,4.563558666666665,27.595759049266672
58,1,0.03333333333333333,1.3057525427926824,45.65779999999998,0.19786889087126833,0.13398882559620173,0.5784166459599857,2.26608098269707,3.043853333333333,12.787422772571668,0.03333333333333333,0.2519035882299872,1.2111799999999997,0.1975642584460639,0.1340819020083302,0.4098880980378441,1.9742327679448817,0.08074533333333331,0.47591563322357217,0.1,0.6029520706118003,10.520010000000001,0.21258586044219582,0.13535600301213255,0.4255045284838071,2.0924493274305926,0.7013340000000002,2.726633995912931,0.03333333333333333,0.27860640117570945,2.139483333333334,0.20412816731366612,0.13397701603536488,0.4374049627216521,2.054715261868386,0.1426322222222223,0.5821614508206027,0.03333333333333333,2.5486092154959725,155.97821,0.21841590721853688,0.1412102962763955,0.2628600042404331,1.8690505285469952,10.398547333333333,48.715566999832475
59,1,0.1,0.9461109440856988,33.60443333333332,0.24625624174180524,0.1436155082831807,0.24530156563480615,1.8927416869100926,2.240295555555554,6.713444388890492,0.1,0.1347020854276337,0.8028033333333333,0.267625339637366,0.14168699011305708,0.019946959946618117,1.8918388094222678,0.053520222222222226,0.13608488863915147,0.1,0.41409376126892683,9.173113333333333,0.2703166304729482,0.14491923387017883,0.018758148451126343,1.9118741682399163,0.6115408888888888,1.2860523234138523,0.1,0.19557953429922814,1.7172500000000002,0.2804869788383879,0.14794068997870136,-0.03978312248603046,1.837177048451699,0.11448333333333334,0.28688515677527227,0.3333333333333333,1.6178998732925345,124.23995666666667,0.26840939832946537,0.12949546024585912,-0.14051407403132068,2.044957434156035,8.282663777777778,19.631999999999998
60,1,0.4666666666666667,1.0259365178654574,43.45797333333336,0.27729751421891946,0.15320305919665356,-0.1070443045724962,1.649965600607672,2.897198222222224,7.89409304017425,0.03333333333333333,0.30639097043061353,1.432326666666667,0.19816373434282997,0.14948397689633938,0.5427496349397068,2.04673651117348,0.09548844444444446,0.7040657007105983,0.4666666666666667,0.44673184676999206,9.334870000000002,0.24565432116500935,0.14217215610352685,0.12368102240401056,1.8007774775297551,0.6223246666666667,1.4967700718889576,0.4666666666666667,0.23595107745654983,2.064496666666667,0.24968619677956985,0.15099003450145468,0.07796040567717571,1.6160549890398535,0.13763311111111115,0.4175468321468009,0.03333333333333333,3.174090890410413,188.39549999999997,0.24818348977951982,0.1622491253093789,0.07701849515339443,1.6277124758574402,12.5597,75.56139735439777
61,1,0.4666666666666667,0.9893662265898725,48.48612333333337,0.2549545592758614,0.15408079142449327,0.00010597579039252456,1.5581579332243405,3.232408222222225,7.341341477375122,0.26666666666666666,0.11454849224331681,0.6878166666666666,0.23971853047514702,0.13440248387991977,0.15419028997986897,2.1515198227328334,0.04585444444444444,0.09841017806412909,0.16666666666666666,0.37742342858445393,7.515889999999999,0.2581968319496835,0.1379787313673714,-0.029571195534029118,1.7529429641172045,0.5010593333333333,1.068363333333333,0.03333333333333333,0.20577677998298935,1.9241133333333336,0.2502801547955542,0.1500139038184634,0.005313769100674744,1.6117312050134058,0.12827422222222226,0.317580623851257,0.03333333333333333,2.1434760637625274,157.62958333333333,0.25059802082013616,0.15691044717779137,-0.03578084544432394,1.5851997190693354,10.508638888888889,34.45867226942174
62,1,0.06666666666666667,1.0295231031221526,28.613099999999974,0.24521956295579725,0.15397233179053962,0.25372099666711406,1.7724494455133233,1.9075399999999982,7.9493836489669985,0.36666666666666664,0.12894952098713594,0.4490833333333333,0.2712094290329753,0.1418783690774007,-0.2384464939819522,1.7248766434253038,0.029938888888888886,0.12470984222108861,0.03333333333333333,0.5314638192703879,6.2925600000000035,0.23698965315409143,0.1683754180843715,0.20986164763614332,1.5009156787380873,0.4195040000000002,2.1184034339510065,0.03333333333333333,0.23201841815630111,1.3816366666666662,0.20238374548025523,0.14819267806700914,0.5189324632254081,1.8581377631676343,0.09210911111111107,0.40374409772814146,0.36666666666666664,1.7089811595366327,114.93411000000005,0.273902853855041,0.14745803744435082,-0.11782052752315206,1.7184106457929333,7.662274000000003,21.904624527383806
63,1,0.03333333333333333,1.4847568288448836,54.06486666666659,0.2534117807780536,0.14821876361381509,-0.045954185973452334,1.8951124400380994,3.604324444444439,16.533771306011364,0.03333333333333333,0.4820075610223549,3.5863100000000006,0.22208789282920022,0.17050180813909085,0.35574970667874384,1.5545717643617534,0.2390873333333334,1.7424846666203941,0.03333333333333333,0.7490022865694071,13.131450000000001,0.2423656494491226,0.15805499684896437,0.1362649601742494,1.7259800198426183,0.8754300000000002,4.207533189646502,0.03333333333333333,0.44761110976065027,3.0145533333333323,0.21790661896133143,0.14975255504215715,0.2006134767105519,1.734132294793778,0.20097022222222216,1.5026677918587066,0.03333333333333333,4.620297463820917,411.46459000000004,0.23028621369084137,0.153358420952634,0.19236725444599354,1.6828237456450856,27.430972666666676,160.10361490642495
64,1,0.4,1.1154494859898587,37.974019999999996,0.26362941040238036,0.11913287201802138,-0.17006058158270276,2.0440473900080227,2.531601333333333,9.331706668462799,0.03333333333333333,0.22744586586952198,1.5867,0.21351551695032006,0.15555997498078017,0.4437220449477624,1.6849811471383327,0.10578,0.3879871642585245,0.26666666666666666,0.6113857365403108,12.438006666666663,0.229964128456881,0.14025984703772676,0.19135819031577198,1.712073812666781,0.8292004444444443,2.803443891337038,0.26666666666666666,0.20631194322150861,2.1831266666666673,0.25240886708356763,0.14589077805584694,0.06901865968302805,1.720411736648913,0.1455417777777778,0.31923463436876254,0.06666666666666667,2.3834073988741555,254.70178000000004,0.24059362745074,0.145250537809662,0.10010651534786881,1.569432004237957,16.98011866666667,42.604731217560506
65,1,0.03333333333333333,1.9025802857447758,67.40106000000003,0.2334420955898017,0.1547682287986214,0.19055858379708104,1.7052265631451833,4.493404000000002,27.148588077785046,0.13333333333333333,0.18247093225066852,0.6384500000000001,0.253239531974595,0.12236658899660878,0.17588807738176326,1.8304334918446854,0.042563333333333335,0.24971730837321043,0.03333333333333333,0.551606894819956,9.630669999999999,0.22238886317423057,0.1348671283128918,0.17241914412334963,1.8307906130766478,0.6420446666666665,2.2820262480968543,0.03333333333333333,0.3223324050566164,2.935023333333334,0.22440014030208963,0.1473632496074197,0.4207058629822022,2.051438440170879,0.19566822222222224,0.7792363451218699,0.03333333333333333,2.759198365545777,249.34244000000007,0.25426469842338745,0.16028456849478653,0.0544687049075422,1.5043487540042029,16.62282933333334,57.098817153228644
66,1,0.03333333333333333,2.0374630870859844,107.20587999999994,0.23573233631971896,0.15453644173148326,0.19751444128746465,1.7312448742499837,7.147058666666661,31.134418734284623,0.03333333333333333,0.6355990468308509,4.212893333333334,0.1847970827224072,0.147458259850967,0.5528966078571593,1.9628541990849835,0.28085955555555564,3.029896112492146,0.03333333333333333,0.9760872799212842,15.029083333333336,0.22799726208445378,0.15380818439057098,0.14949335819415233,1.6836579160178387,1.0019388888888894,7.145597835180985,0.03333333333333333,0.5394507396393666,4.810146666666663,0.21439704470257992,0.148014321359984,0.294419138509884,1.8950735642475882,0.3206764444444442,2.1825532537309473,0.03333333333333333,5.711777569184266,691.3001666666667,0.22547298639855362,0.14809519742350527,0.2493995754048649,1.8197616255725233,46.08667777777778,244.68302249877388
67,1,0.23333333333333334,1.8278025549973025,75.50713666666664,0.27502245036782247,0.12711811209956494,-0.12763369794598056,2.1508024065594156,5.033809111111109,25.056466350410005,0.43333333333333335,0.17055725603497982,1.3454066666666669,0.27818365289473046,0.14559602008839456,-0.24613271838006007,1.8453032024278362,0.0896937777777778,0.21817333189636243,0.1,0.4661369782737425,12.290649999999996,0.26904501836411,0.14368944089972893,-0.12893249327014294,1.844717599111444,0.8193766666666663,1.6296276188563161,0.23333333333333334,0.29650573052816454,3.858693333333334,0.24429659623088565,0.13229829459997625,0.016582632951995427,2.02285401777119,0.25724622222222226,0.6593673617703039,0.13333333333333333,3.368670770848433,464.1067499999998,0.25564951919626694,0.14001123380743272,0.19974084820751095,1.6298124982824336,30.940449999999988,85.10957071776433
68,1,0.03333333333333333,1.5972814207573955,106.3845933333333,0.2506358413370354,0.1523014270115909,0.12285872825153445,1.7356060308664534,7.09230622222222,19.134809528225734,0.03333333333333333,0.3710836044729683,2.3589499999999997,0.23033657455665116,0.15256293779249652,0.09062778665805943,1.5938144842349409,0.1572633333333333,1.0327728113148777,0.03333333333333333,0.9262591848376845,16.283133333333332,0.24141769668127808,0.16403746003964118,0.10166571940260087,1.5481420915487387,1.0855422222222222,6.4346705812212885,0.03333333333333333,0.2699617529364274,3.5726999999999993,0.2614975478362014,0.15771977591650657,-0.011229378820031416,1.6076826715319024,0.23817999999999992,0.546595110363815,0.03333333333333333,4.384672698719798,555.0008499999998,0.25379734299761897,0.1632379896846294,0.02462249923454605,1.524978796156719,37.00005666666666,144.19016006174067
69,0,0.03333333333333333,0.25924137048026774,1.7129166666666673,0.20604179015859822,0.14492432980984,0.3629971235282628,1.7733109171522379,0.11419444444444449,0.5040456612636557,0.5,0.020666666666666663,0.009409999999999998,0.27642772136197397,0.1564203937903784,0.14146411713294169,1.671990632331507,0.0006273333333333333,0.003203333333333332,0.4666666666666667,0.0340053863544555,0.0471466666666667,0.26010286981336544,0.15595428498651343,-0.024325631704084468,1.4445396650254894,0.003143111111111113,0.008672747258368411,0.03333333333333333,0.03342384279704272,0.032856666666666694,0.2334217324418813,0.1362001643738799,0.13251135322913554,1.9842470589693306,0.0021904444444444462,0.008378649504910685,0.36666666666666664,0.3678793452957054,5.826566666666661,0.26917110965063495,0.13757458010745252,-0.017275877012277834,1.9628578971296886,0.3884377777777774,1.0150140952139763
70,0,0.06666666666666667,0.24802937867295127,1.8033199999999958,0.2436374209223234,0.15565676680348234,0.15683712174226944,1.6193918401714804,0.12022133333333306,0.461389295136677,0.26666666666666666,0.014926484272775402,0.009149999999999998,0.24070546851963812,0.14224222931273256,0.1778564637652708,1.8638984941404717,0.0006099999999999999,0.0016709994955905855,0.16666666666666666,0.03570869797557897,0.03301666666666678,0.23890121749539692,0.13931039734926273,0.07382207921621281,1.6969891140431599,0.002201111111111118,0.009563333333333384,0.13333333333333333,0.03675709083712194,0.05026666666666674,0.2648787457231656,0.1504659467247037,0.014763368358763016,1.6622373505139958,0.0033511111111111163,0.010133127951063251,0.4,0.3697618360864711,6.252729999999999,0.27704305964332243,0.14618075632885374,-0.10753098728378914,1.7363326245315356,0.41684866666666653,1.0254286156952876
71,0,0.06666666666666667,0.34060693793350777,3.1274666666666673,0.2111230531782901,0.15406900867962253,0.43726537555580547,1.7720533453572558,0.20849777777777784,0.8700981462633031,0.03333333333333333,0.014243598028893665,0.00867,0.2581016277754015,0.15609816899397336,0.04368774799385591,1.686837653233413,0.000578,0.001521600636065276,0.03333333333333333,0.043385522888756176,0.05534333333333334,0.2035169675836461,0.1390172580476212,0.5627995840352683,2.224551291454656,0.0036895555555555566,0.014117276972480894,0.06666666666666667,0.04137751402617488,0.05813333333333348,0.2651343751058534,0.14593061783895936,0.010794446567142657,1.7795876097237961,0.0038755555555555652,0.012840740002397242,0.36666666666666664,0.3227226017206305,4.73323333333333,0.28565903922724445,0.14144198322667745,-0.20356707067269558,1.9198446261517657,0.3155488888888887,0.7811240824599952
72,0,0.06666666666666667,0.2685876793840275,2.402723333333339,0.21960297323904118,0.1458541101370849,0.3239175864257986,1.8200525525807079,0.16018155555555594,0.5410450613767286,0.1,0.015902507410660117,0.009466666666666663,0.21777357835408906,0.13196549501735638,0.36410555469476025,2.0411900532317864,0.000631111111111111,0.0018966730645957497,0.06666666666666667,0.05034399500365903,0.0778166666666665,0.27304009988605343,0.1466588644643421,-0.05192825114083085,1.7688851580948364,0.005187777777777769,0.01900888374696334,0.26666666666666666,0.04121289511069739,0.059723333333333545,0.24117715678117504,0.14474115584138855,0.12497527014983582,1.845611602661828,0.00398155555555557,0.012738770425540086,0.5,0.4046666666666672,5.703430000000004,0.273954869053955,0.14984634714646253,-0.005087361623188199,1.7991719592492121,0.3802286666666669,1.2281633333333362
73,0,0.06666666666666667,0.31651059360618894,2.484040000000002,0.22858162853741312,0.13916284514371227,0.3097032234431368,1.8222843931552783,0.16560266666666687,0.7513421689870656,0.5,0.01666666666666667,0.012309999999999996,0.27015115672703477,0.15448105333253806,0.0433476795898152,1.6047301407667098,0.0008206666666666665,0.002083333333333334,0.26666666666666666,0.06064795777192882,0.08746666666666657,0.2854803107231456,0.13468184530468127,-0.32312926078608567,2.092875418903097,0.005831111111111104,0.027586310864292467,0.1,0.03990252301468111,0.06708333333333338,0.25569456491366876,0.16453581841639833,0.10046858089243572,1.4895731878704994,0.0044722222222222255,0.011941585072028669,0.4666666666666667,0.3657788274298231,4.349750000000006,0.2729515437564224,0.14086185773287493,-0.018765833348983886,1.7197612187415454,0.2899833333333337,1.0034561294695223
74,0,0.06666666666666667,0.28445040609113736,3.020073333333334,0.25152164937762644,0.15037063928707847,0.1698690795452083,1.7919247080641978,0.20133822222222228,0.6068402514405972,0.4666666666666667,0.015938604411576344,0.00974,0.2610283809653893,0.14203761789679537,0.0237998798201981,1.694867893544789,0.0006493333333333334,0.0019052933294154068,0.26666666666666666,0.04533257056755093,0.06411000000000003,0.2515008056691271,0.1357260674737214,0.16257592731971054,1.990100723526742,0.004274000000000002,0.015412814656964889,0.03333333333333333,0.039386411281822055,0.07023999999999987,0.27819627963057053,0.15814607272733583,-0.2756703001660694,1.6835097696381807,0.004682666666666658,0.011634670452456298,0.23333333333333334,0.31247281110145825,5.53127666666666,0.2841359118612722,0.13514277209045678,-0.20871654823279762,1.9285772462561064,0.3687517777777774,0.7322944325823569
75,0,0.3,0.2551680074899882,3.0037500000000006,0.2436654782650333,0.14318524191867926,0.20404813709184372,2.0819052369319504,0.20025000000000007,0.4883303403480799,0.4666666666666667,0.015120771458308568,0.010033333333333332,0.24947652471025766,0.14931855037337247,0.1463518666673334,1.8374510860883406,0.0006688888888888888,0.0017147829712079927,0.3333333333333333,0.030615900008546797,0.05511666666666672,0.22313666337831103,0.13379622119311527,0.27601332884176744,1.8981441776661965,0.0036744444444444476,0.007030000000000018,0.5,0.05999999999999996,0.07917333333333343,0.30463268776997343,0.1558694752932435,-0.3211636621903652,1.763803503439396,0.005278222222222228,0.02699999999999997,0.13333333333333333,0.4849474991473706,6.760939999999984,0.25214651082735506,0.13487992892273415,-0.03248865458240132,1.642536695485088,0.45072933333333226,1.7638055769696677
76,0,0.06666666666666667,0.3395527837504322,2.802369999999999,0.23529042691623916,0.1335413575392592,0.2642854062053196,2.0183506192325096,0.18682466666666658,0.8647206971450083,0.06666666666666667,0.01798687547671123,0.0118,0.2282703973855829,0.1422912684495341,0.21061683498203784,1.6057078187630596,0.0007866666666666666,0.002426457670610368,0.43333333333333335,0.029518868841452384,0.03886666666666673,0.2661688083875556,0.1561829000328529,-0.06326974904985654,1.61806745334448,0.002591111111111115,0.006535227132591513,0.5,0.04800000000000022,0.05830000000000032,0.30830363759292634,0.15062690792296451,-0.202251573352871,1.6765921869659721,0.0038866666666666884,0.01728000000000016,0.43333333333333335,0.4568379194148919,6.776553333333333,0.25363918474119335,0.1495399743230072,0.08764041712103593,1.5458854436209173,0.45177022222222213,1.5652566346149543
77,0,0.03333333333333333,0.310900901668427,2.441483333333334,0.21424126691891496,0.14291078928898773,0.35163853581789867,1.8683809827080793,0.1627655555555556,0.7249452799368067,0.06666666666666667,0.015191988824540243,0.00822666666666667,0.2473084110018657,0.14884535285174363,0.3925333519497999,1.831578780656022,0.0005484444444444448,0.0017309739333371676,0.3333333333333333,0.03722006627255424,0.045886666666666666,0.27083698543300405,0.12836159451489457,-0.32853660851217414,2.007682641699484,0.003059111111111111,0.010389999999999972,0.1,0.028821443405869965,0.03723666666666675,0.2402097713190552,0.13809144816635285,0.17474462392701418,1.7035506893143217,0.0024824444444444507,0.00623006699998324,0.3333333333333333,0.44205328989965853,7.566320000000005,0.26440372933789136,0.13611835068017436,0.07767510771242567,1.8069493517341828,0.5044213333333336,1.4655833333333368
78,0,0.13333333333333333,0.23991775244182953,2.4070600000000035,0.2365633743906179,0.15021639218049151,0.3460037338291558,1.855975148846723,0.16047066666666687,0.4317039595255425,0.4666666666666667,0.011322247849533066,0.005330000000000001,0.2598092227719866,0.1434378247618755,0.2061926933707904,1.748619733836643,0.00035533333333333337,0.0009614497227469211,0.03333333333333333,0.04339320237060426,0.05794333333333334,0.2545289470567885,0.14123905133380446,-0.23513216812751145,1.8435730344963444,0.003862888888888889,0.014122275089821614,0.06666666666666667,0.0589158594010075,0.061210000000000035,0.23076343477801003,0.14147059224683534,0.1511390873600897,1.742194480846333,0.004080666666666669,0.026033088667194625,0.1,0.36159162249236476,7.638440000000005,0.2532508423348842,0.13324348578978737,0.11105965183993705,1.9075498376580335,0.5092293333333335,0.9806137609249562
79,0,0.4,0.21951730038234799,2.351083333333333,0.24862968233831556,0.13921172852464378,0.03106529707033156,1.7655785676278115,0.15673888888888884,0.3614088387536549,0.03333333333333333,0.041344816598708714,0.03482666666666666,0.201924722283559,0.1534418728110846,0.5691303701457412,2.0852868331429524,0.002321777777777777,0.012820453946856446,0.06666666666666667,0.03460458501092421,0.054656666666666666,0.2468854728106497,0.14765107487729218,0.14849028978840872,1.7124826449323858,0.003643777777777778,0.008981079778337104,0.03333333333333333,0.050387905958552304,0.07264999999999994,0.24148765702236735,0.14740920029320323,0.13739913230044037,1.8569669916818512,0.004843333333333329,0.019042058001659333,0.16666666666666666,0.4587291624089813,7.402856666666676,0.2559455672711485,0.1408962116548388,0.04325686166002732,1.692509050824061,0.49352377777777845,1.5782433333333417
80,0,0.03333333333333333,0.5413599928251493,4.774420000000001,0.23480711719036704,0.16187755472272206,0.23565134736265056,1.7728536684359162,0.31829466666666667,2.198029813737343,0.03333333333333333,0.1061851261525053,0.09813000000000001,0.1509534124302947,0.1425316285666521,1.0109490855125778,2.8046607874207785,0.006542000000000001,0.084564607620176,0.03333333333333333,0.11076880460353584,0.21537999999999977,0.22767025252158404,0.158653551896673,0.2912701204411621,1.718803866111066,0.014358666666666653,0.09202296054972228,0.03333333333333333,0.0675560630856187,0.11137000000000001,0.24765577028556252,0.16058352818311822,0.14377440778716802,1.6036664689803732,0.007424666666666668,0.034228662447210706,0.03333333333333333,0.6066106331689949,13.005463333333347,0.26096600812115184,0.1625795152611092,0.01621857948687873,1.5439404165117188,0.8670308888888899,2.7598234520526668
81,1,0.16666666666666666,0.3065731741544112,2.413850000000002,0.23611403996378724,0.1357561221134543,0.2983903791078177,1.9865106227305764,0.16092333333333347,0.7049033333333321,0.03333333333333333,0.10136675115402012,0.10429999999999995,0.1835965007430929,0.15956572525871596,0.6913712699805954,2.0121103856563547,0.0069533333333333305,0.07706413679640779,0.06666666666666667,0.1010619662635504,0.38291000000000047,0.2201317626199064,0.15108643744791522,0.3588810176590226,1.7066847248041292,0.02552733333333336,0.0766014076879125,0.4,0.06839015778238319,0.1265099999999999,0.2659309763826558,0.14370855894213763,-0.1152279043860956,1.7422487027972848,0.008433999999999994,0.035079102611244514,0.03333333333333333,0.9380475332338392,19.158810000000003,0.2419642750226321,0.15813152127328578,0.041935401920001905,1.5031644532405093,1.2772540000000003,6.59949880954568
82,1,0.16666666666666666,0.5430174951141067,8.526433333333332,0.19501269236390334,0.11999928718678236,0.4711086741097355,2.3510458064093585,0.5684288888888888,2.211509999999991,0.03333333333333333,0.24670680137519815,0.7234933333333333,0.16803546462443303,0.139376859763825,0.818831614125151,2.412877090806039,0.048232888888888895,0.456481843835861,0.03333333333333333,0.2325694939054881,1.8522599999999998,0.2014853878809197,0.1369292113218477,0.5601367146049314,2.2028755518346705,0.12348399999999997,0.40566427121591153,0.03333333333333333,0.12629997288020847,0.47692000000000007,0.2000912334411126,0.1324008138521617,0.4624495220201147,2.1945107418799012,0.03179466666666667,0.11963762362156045,0.03333333333333333,1.5377308217946608,53.25141666666664,0.20257254430894617,0.14690830552265466,0.5910920583829254,2.1340139912242813,3.5500944444444427,17.73462060222962
83,1,0.03333333333333333,1.6338547638909477,40.21078000000003,0.23175728298533796,0.15585935582278,0.09701206832246664,1.6258053863291486,2.6807186666666687,20.021110421168586,0.03333333333333333,0.2822215793158496,1.2654833333333335,0.2591651396261668,0.16363133801028013,-0.08777802853577937,1.6031153243468328,0.08436555555555557,0.5973676487364931,0.03333333333333333,0.7083721048368256,10.19577,0.27408971109108676,0.16322111763701336,-0.21197574244389839,1.6427039131764105,0.6797179999999999,3.763432791832159,0.03333333333333333,0.32855877216987095,2.064449999999999,0.27174136775630625,0.16609573697863933,-0.20289303749434193,1.6008225328741517,0.13762999999999995,0.8096315007732986,0.03333333333333333,3.119832527570773,167.5566,0.24213639530503817,0.15627008562199327,0.07294589388655157,1.6707175325059336,11.170440000000001,73.00016250066479
84,1,0.2,1.0248872624877203,41.997446666666754,0.2728048415856346,0.14045839285660383,-0.0655580975322506,1.8943372599395858,2.7998297777777834,7.8779542560718,0.5,0.21866666666666665,1.1108799999999999,0.2940265097800917,0.15537836775668068,-0.12076885460542015,1.6949873903770647,0.07405866666666666,0.3586133333333333,0.4666666666666667,0.5288412962515207,10.47490666666667,0.2953418277800845,0.15106119730643094,-0.1365773119668518,1.6725865078470101,0.6983271111111112,2.0975483746574146,0.4666666666666667,0.2304104275602662,2.158583333333332,0.2922591479186923,0.14866520817518092,-0.09823049625090476,1.7127087271268278,0.1439055555555555,0.39816723846378504,0.1,2.5206959453542193,227.02645999999987,0.27210282315052686,0.15066399021509597,-0.02392944265724071,1.7404722268949577,15.135097333333327,47.65431036693901
85,1,0.3333333333333333,1.2074111883603613,53.3551833333333,0.23074351450843655,0.13604835835073562,0.15214360127895574,1.8173004466237612,3.5570122222222196,10.933813333333351,0.03333333333333333,0.3519870784721647,2.04636,0.19763085545239287,0.1474933106806226,0.5708796259838574,2.1054464715617907,0.136424,0.9292117755852736,0.03333333333333333,0.5451782457868308,9.635879999999998,0.2165304175934918,0.14163424592032664,0.24489991424898735,1.7703805129120787,0.6423919999999997,2.229144897594046,0.03333333333333333,0.29115654165679494,2.4495933333333326,0.21768843075245253,0.14079871164518165,0.27079095891517924,1.9201329276840504,0.16330622222222216,0.6357909881215872,0.06666666666666667,3.9155497424801666,366.3077866666667,0.19493981305637165,0.13362110501451974,0.6050904498802012,2.3529409789704436,24.420519111111105,114.98647339377375
86,1,0.03333333333333333,1.4524482100882568,98.34278000000005,0.2460164136248428,0.15605230062107506,0.21175687674372362,1.6724363104133593,6.556185333333336,15.822043522414356,0.03333333333333333,0.3180413363890528,1.738466666666667,0.20033507556802468,0.1431790752753236,0.37461910644579655,1.7762824128936032,0.11589777777777782,0.7586271873910099,0.03333333333333333,0.6907264057476734,13.796850000000001,0.22194889285576855,0.14474283692162654,0.31840570741624674,1.8711839990277235,0.9197900000000002,3.578272256978247,0.2,0.2960707905329886,3.020366666666666,0.21501556263173963,0.14109816219879695,0.46645595852919297,2.0641430304128154,0.20135777777777772,0.6574343475512162,0.03333333333333333,3.746743572503821,345.12018666666665,0.2308324940748266,0.15731182950829659,0.29503751422666874,1.7232621941911825,23.00801244444444,105.28565548574025
87,1,0.5,1.3813333333333333,84.42184666666672,0.27342126542451023,0.15166933404922245,-0.03312561714994876,1.6975397365970444,5.6281231111111145,14.31061333333333,0.3333333333333333,0.18963239291968145,0.9251300000000002,0.2555460444591007,0.13889914095105393,-0.1332652811507593,1.8576210391547534,0.061675333333333346,0.2697033333333334,0.2,0.5368281012624148,11.45160666666667,0.267805359658872,0.14548156654442593,0.03723502999016489,1.795840382451543,0.7634404444444446,2.1613830772875704,0.03333333333333333,0.3397510168810386,3.3679533333333334,0.22804723146852462,0.14850724796692175,0.3756628552496746,1.9490064751399532,0.22453022222222221,0.8657306510377484,0.13333333333333333,2.66911741660599,268.3852066666666,0.25747717532273207,0.14896823036780038,0.10315627295942774,1.7597720729234103,17.892347111111107,53.431408377220755
88,1,0.3,0.9575944373255977,38.661603333333346,0.2627003167628021,0.14903161692339653,0.09720385558094273,1.7309275018672132,2.577440222222223,6.87740329797696,0.03333333333333333,0.33588169565269077,1.9385433333333333,0.19987768490067737,0.14648739112084408,0.3350087139141551,1.6789881290034998,0.12923622222222222,0.846123851058951,0.03333333333333333,0.5193533010789328,9.64869666666667,0.24114085982657452,0.1477071812166665,0.09762474428250954,1.7447455544645818,0.6432464444444447,2.022958885061885,0.06666666666666667,0.2538137666290786,2.6016599999999994,0.24423396550923548,0.1466264770423783,0.33097191638981255,1.8778223464599089,0.17344399999999996,0.4831607109783029,0.13333333333333333,3.1713855413088603,331.5685633333332,0.20945825934768297,0.13820974451928497,0.4691540524067022,2.0216509890383136,22.104570888888883,75.43264688717171
89,1,0.06666666666666667,1.649755608710048,69.40298666666672,0.25345950389695915,0.15947233906782715,-0.06863352664645472,1.5099124319246866,4.62686577777778,20.412701763526957,0.03333333333333333,0.3128501930632882,1.70759,0.19597591770444117,0.149983957220609,0.5148777806333652,1.8527573403376327,0.11383933333333335,0.7340643247480253,0.06666666666666667,0.6740710981708009,12.354800000000004,0.23104926120772645,0.15323377996838347,0.24039533339029948,1.6093035454936748,0.8236533333333335,3.4077888404189216,0.06666666666666667,0.28785492821057385,2.3806299999999996,0.21951734983981266,0.14797284206873706,0.31406172368615987,1.8195295888004164,0.1587086666666666,0.6214534477133598,0.03333333333333333,3.7988484036183143,464.21087999999986,0.23037007178188057,0.1503623005796153,0.2887300894493152,1.7444277149745748,30.947391999999994,108.23436895255061
90,1,0.03333333333333333,2.1089117998693823,195.91482666666658,0.25902236894207054,0.16079012944689472,0.04887012808736937,1.5812639521952518,13.060988444444439,33.35631734721239,0.03333333333333333,0.20766381093684463,1.8107099999999996,0.2423544594881475,0.1504046172694646,0.2913063153414522,1.9505204282418815,0.12071399999999999,0.3234319377961017,0.03333333333333333,0.9013666113022036,23.000930000000007,0.24079945805693276,0.15915296944956892,0.22703386838516315,1.731957238936339,1.5333953333333339,6.093463259778135,0.03333333333333333,0.4543873185997395,5.7992,0.22777080914127917,0.15764435562994772,0.4470714431932848,1.9306164188434263,0.3866133333333334,1.548508764781959,0.03333333333333333,3.5980745551546884,468.8389633333335,0.24706177652700076,0.15591427102412322,0.22446677547877697,1.7502881182894658,31.255930888888898,97.09605378338706
91,1,0.4,2.0579246115786853,181.31564999999998,0.2770306198121394,0.13748710056309804,-0.31026449016314916,1.9184102358814534,12.087709999999998,31.762902802059624,0.03333333333333333,0.30716155541840984,3.462266666666667,0.24278144250841344,0.1408429729067904,0.16558846037963607,1.965418823593695,0.23081777777777776,0.7076116584529264,0.36666666666666664,0.5768966205973657,14.275400000000005,0.28137427200989834,0.1401386749644307,-0.2766161389171923,1.9769056278801518,0.9516933333333335,2.4960728314249567,0.36666666666666664,0.38126992672420956,5.236816666666667,0.24950275515108822,0.14300522081765465,0.0945310724490464,1.944392188307167,0.3491211111111111,1.0902506776821308,0.36666666666666664,3.6294971143992747,393.03891,0.2627503327304941,0.14067295033523325,-0.12930601259624472,2.0143635780136573,26.202594,98.79936977574498
92,0,0.06666666666666667,0.2501996435944739,1.9752133333333348,0.24179748202303183,0.1519991614168133,0.2999355202735649,1.6536845895470933,0.131680888888889,0.46949896241101313,0.06666666666666667,0.01716666598858496,0.009639999999999996,0.22133157893457214,0.13790855847678998,0.20530065941620085,1.7748485954748388,0.0006426666666666665,0.0022102081587272978,0.23333333333333334,0.03883696676455325,0.05714999999999992,0.28233410659121483,0.13691042626427344,-0.18643138969415818,1.9217707888502509,0.0038099999999999944,0.0113123249060326,0.26666666666666666,0.027420228000385908,0.016003333333333394,0.26958748477002564,0.12428524931288461,0.04470745906063764,2.3540983592785474,0.0010668888888888924,0.005639016776948605,0.3333333333333333,0.3911538486750875,6.1564066666666575,0.24040906639606444,0.12993411277666672,0.08954500899804568,2.0206966192399873,0.4104271111111105,1.1475099999999996
93,0,0.06666666666666667,0.34934339671078385,2.2352699999999963,0.2430239716200498,0.14690959715450197,0.2417364858727582,1.7944808975903803,0.14901799999999976,0.9153060661907109,0.03333333333333333,0.015244335123130212,0.010116666666666664,0.24840559765938372,0.15109352884075494,0.050618881516744076,1.674432063674365,0.0006744444444444444,0.001742923150097261,0.06666666666666667,0.050182396257263395,0.05768333333333323,0.24953038426382543,0.14708439464855547,0.09165039438946646,1.567639925587333,0.003845555555555548,0.018887046705907524,0.26666666666666666,0.021919754218313423,0.018366666666666698,0.23976529870283503,0.13334575178374453,0.20531856673236526,2.195039255110068,0.0012244444444444466,0.0036035671874345182,0.3333333333333333,0.36495174719101975,5.562000000000007,0.2803162063129825,0.1466487377804339,-0.230640860481593,1.8930360469553658,0.3708000000000004,0.9989233333333349
94,0,0.06666666666666667,0.3232610363381111,3.1138299999999974,0.25339625197135174,0.15084997985998985,0.15492125532642817,1.7193592904501769,0.20758866666666653,0.7837327321079219,0.36666666666666664,0.01560026129103311,0.00617,0.2945519179839786,0.14942585984451343,-0.2719487702785362,1.7680396185654499,0.0004113333333333333,0.001825261142613795,0.3333333333333333,0.041252609345079884,0.06559999999999969,0.24416149803258694,0.13701180309684324,0.010180943562680473,1.7407682649237148,0.004373333333333312,0.01276333333333329,0.5,0.02599999999999986,0.025103333333333307,0.29232098595861183,0.13952312811714496,-0.07348971008169433,1.9020625541966154,0.0016735555555555542,0.005069999999999946,0.3333333333333333,0.38372443816421775,4.830783333333345,0.27534264376204864,0.13986910446790138,-0.11684854056637461,1.8118805408225234,0.322052222222223,1.1043333333333343
95,0,0.06666666666666667,0.30684384888231503,2.2683000000000044,0.26969436547109404,0.15508190820070178,-0.0010032032564158927,1.6885429811137282,0.15122000000000033,0.7061486069768473,0.3333333333333333,0.015506271132817344,0.008989999999999998,0.2575831553969822,0.1435999372398842,0.021318113246276006,1.6364485911060902,0.0005993333333333332,0.0018033333333333339,0.36666666666666664,0.04349254029165787,0.06309999999999971,0.26142905014220086,0.1321611281917727,0.0036000860677277446,1.7611432769392197,0.004206666666666649,0.014187007957661124,0.5,0.05333333333333338,0.05134000000000011,0.2984400279006169,0.15592835447284442,-0.1635944726846591,1.6764180704424074,0.0034226666666666737,0.02133333333333337,0.06666666666666667,0.32235888109006905,3.6670800000000043,0.24482151452597684,0.14485420936910676,-0.02808622486237548,1.5061138744051878,0.24447200000000033,0.7793643616323096
96,0,0.06666666666666667,0.24955404125000524,1.4201200000000005,0.2560390231657362,0.15075006632601887,-0.07778687100804026,1.6715748752006752,0.09467466666666671,0.46707914628156993,0.3,0.01588155425067756,0.011259999999999996,0.27230812114044095,0.1502978802637384,-0.04291978637604481,1.712871395564263,0.0007506666666666664,0.0018916782406291088,0.3333333333333333,0.0380000000000001,0.043360000000000065,0.2616724599411871,0.14733114456437335,-0.021743796691930353,1.638551192541547,0.0028906666666666716,0.010830000000000058,0.4666666666666667,0.03388597712351822,0.0397200000000001,0.28276237720745956,0.157074273828334,-0.07453927491079708,1.6601995991812473,0.0026480000000000063,0.008611945842117,0.1,0.47916861779374453,6.158819999999993,0.24224561668701206,0.1488765479364762,0.1878002602865,1.6737290609250406,0.4105879999999995,1.7220192320877572
97,0,0.03333333333333333,0.2132752353547671,1.548593333333332,0.23447766765852954,0.14292661285115452,0.03200640774676487,1.8204426300247536,0.10323955555555546,0.34114744511723477,0.4,0.014712845822915514,0.00814,0.2907938726012639,0.14698496763604918,-0.09025376176937648,1.6752666561754905,0.0005426666666666666,0.0016235087415666187,0.03333333333333333,0.03124866253227263,0.03140000000000008,0.2633361717476512,0.1549797549680999,-0.02976876189623049,1.6927338964377963,0.002093333333333339,0.007323591825418945,0.06666666666666667,0.027945341431742453,0.019750000000000063,0.25355771988871073,0.15093285784375887,-0.028541359333122674,1.714036840411233,0.0013166666666666706,0.00585706580802496,0.06666666666666667,0.5352248569206768,7.3128499999999965,0.224024763205321,0.14905753916363818,0.368326558844331,1.8204093924214046,0.48752333333333314,2.1484923559931923
98,0,0.03333333333333333,0.2236334686370313,1.2581633333333315,0.24543337502290583,0.15051158707795992,0.08404436159363896,1.779693454318601,0.08387755555555541,0.37508946220972544,0.06666666666666667,0.012399591934386453,0.006463333333333331,0.24512776964733876,0.14168243731075073,0.03592201080246188,1.68131573247148,0.00043088888888888875,0.001153124101044762,0.4,0.030310938462999648,0.03778000000000026,0.24791828801333252,0.14160587217161152,0.06931072376127671,1.8251780144829262,0.002518666666666684,0.006890647428808136,0.03333333333333333,0.023313569619534732,0.016426666666666673,0.24843850229852713,0.1551379800254932,0.11246562454164778,1.7184179304691665,0.0010951111111111118,0.004076418963036696,0.03333333333333333,0.49359821450486024,5.8236,0.23493486459316276,0.15704955437317297,0.11393296686791794,1.5865783688094128,0.38824000000000003,1.8272939802178951
99,0,0.06666666666666667,0.2501662930051069,1.36035,0.24147349311602412,0.15897494601944678,0.1856040142683889,1.5126099908066775,0.09068999999999999,0.46937380616937746,0.03333333333333333,0.01518755781758378,0.007266666666666666,0.2293878659418092,0.14413173853640823,0.2150254494692482,1.81961441621626,0.00048444444444444435,0.0017299643434683764,0.3333333333333333,0.033172947478999425,0.04822000000000015,0.2604029280379582,0.1366862647234656,0.06488795310208308,1.9843640341322992,0.003214666666666677,0.008253333333333406,0.13333333333333333,0.015025749544367199,0.01049666666666664,0.25746257069211187,0.1385527300894886,0.09823557027018436,1.841212201115512,0.0006997777777777762,0.0016932986202753831,0.06666666666666667,0.4389857560872008,6.729099999999999,0.22725267751584338,0.14748986031618005,0.2651632115792618,1.6545832852220423,0.44860666666666654,1.4453137053558853
100,0,0.06666666666666667,0.3217313384521324,2.884036666666664,0.24057274561610384,0.15571680115797967,0.14972940259916173,1.631381369690546,0.19226911111111092,0.7763329060665042,0.1,0.016781139259017808,0.01074,0.25375445041536293,0.1514682488425269,0.1766866294532887,1.7080522803990956,0.000716,0.0021120497612291153,0.3,0.041610376514785094,0.05726666666666648,0.2631028040667699,0.1296917821166794,0.01915936353209897,1.8310293762201115,0.003817777777777765,0.012985675752766344,0.03333333333333333,0.020156842221447573,0.01918000000000008,0.2566122155376442,0.14641984208133782,-0.12784555471055617,1.715065681252546,0.001278666666666672,0.003047237162552486,0.13333333333333333,0.41592931008212686,7.345366666666668,0.22560214439677612,0.13992642408291464,0.26174607805401645,1.8598076515512918,0.4896911111111113,1.2974789323904554
101,0,0.06666666666666667,0.29212978486789265,2.0748499999999943,0.23739822853688122,0.1529669647037823,0.24323085548079434,1.613553014572163,0.138323333333333,0.6400485840522093,0.13333333333333333,0.013753671234125365,0.00825,0.26510172915301394,0.14320745649630948,0.21532242046633404,1.8987835468995224,0.00055,0.0014187260431230567,0.3333333333333333,0.035004761580866746,0.06456666666666665,0.2658928515550475,0.14026072107443577,-0.06402595529951906,1.8040303517417196,0.004304444444444443,0.009189999999999936,0.03333333333333333,0.0313752442683376,0.03325000000000006,0.25963503622232387,0.14835070353234145,-0.18865186902510317,1.6808464838959027,0.002216666666666671,0.007383044646733884,0.2,0.3262589112301029,3.7199699999999916,0.2545633961672446,0.131824151164818,0.3227489305144242,2.1677295647628463,0.24799799999999947,0.7983365786778912
102,0,0.06666666666666667,0.20945916793588162,1.2200700000000002,0.2376623475659239,0.1529108937583171,0.18364537061129418,1.604911554133716,0.08133799999999998,0.32904857274293897,0.03333333333333333,0.03968791399128115,0.03405,0.20201510788146662,0.15438060058428707,0.5215250633932704,1.907778641445949,0.00227,0.011813478877344978,0.36666666666666664,0.03690524605328462,0.046170000000000044,0.2751197123732435,0.12447719366411657,-0.17223652327331113,1.8446012135510084,0.0030780000000000026,0.010214978896901102,0.3,0.028398119917630242,0.03646000000000006,0.2531910045156185,0.14262947034017978,-0.112245099367018,1.7504067290834082,0.0024306666666666712,0.006048399111420805,0.3333333333333333,0.29657601611278855,4.582966666666659,0.2603403656318125,0.15105565799689963,-0.15106607525291385,1.620078300390868,0.30553111111111053,0.6596799999999977
103,0,0.03333333333333333,0.3896732433678576,2.7780600000000018,0.23356590223352697,0.16505740635682356,0.20846626862563714,1.6162093343279629,0.18520400000000015,1.1388392744761917,0.03333333333333333,0.09642010023785033,0.09261666666666668,0.15676457682994366,0.1489777590057685,1.0125003019902636,2.709998850639709,0.006174444444444445,0.06972626797407828,0.03333333333333333,0.11476829664702494,0.17565999999999987,0.21961940841604358,0.1535738691575615,0.14487834267155356,1.6242966134768395,0.01171066666666666,0.09878821436444636,0.03333333333333333,0.05683088669079211,0.05364000000000012,0.19742786980736937,0.14018586445077602,0.4030460775478711,1.9436502843333852,0.003576000000000008,0.02422312261546239,0.03333333333333333,0.7237118400956236,9.560419999999986,0.23659528778295263,0.16216950505925884,0.013111471237663088,1.4514607530881238,0.6373613333333324,3.9281912062094517
104,1,0.06666666666666667,0.5051820322180356,3.8556300000000037,0.23223153702729082,0.14658131258198595,0.22897211671458922,1.6869176630966114,0.25704200000000027,1.9140666425695825,0.03333333333333333,0.09196016534611012,0.08293999999999999,0.19805136846782664,0.16475522374992788,0.43094518816706906,1.6219015878593255,0.005529333333333331,0.06342504007862934,0.03333333333333333,0.15028573515305188,0.3831333333333332,0.19557260148480474,0.14503825835273904,0.40441626528212976,1.7448909242529878,0.025542222222222206,0.16939351642869938,0.06666666666666667,0.056532917978716055,0.09029333333333353,0.19931601544259686,0.14908897217766864,0.6472077216098103,2.1053099740482586,0.006019555555555569,0.02396978111391178,0.06666666666666667,0.7702386255923109,13.553789999999989,0.21294790538379765,0.15268498447523476,0.26883873904608696,1.5797020740068988,0.9035859999999991,4.449506552657491
105,1,0.06666666666666667,0.6617935881014749,20.941326666666633,0.2351509200743526,0.14815356498141996,0.3339255416998853,1.8582214686231293,1.3960884444444424,3.2847806493916853,0.03333333333333333,0.3008519120490922,1.1884999999999997,0.18376618866746872,0.1400054644889466,0.6729844962221943,2.347306770280883,0.07923333333333331,0.6788390473769603,0.03333333333333333,0.3678486299409558,5.100100000000001,0.22973584717246898,0.14502873258211021,0.30833752301654416,1.9135892468652982,0.3400066666666668,1.0148446091207868,0.03333333333333333,0.22070919435546352,1.0928,0.19203923248263594,0.1332007650727398,0.6089904042001721,2.3733700097071813,0.07285333333333335,0.36534411354778323,0.03333333333333333,2.144540222045578,119.17270000000002,0.2096335429616779,0.14036115748978156,0.4734176465077279,2.1209129360732164,7.944846666666669,34.492895729784735
106,1,0.03333333333333333,1.1391427432858205,41.13686333333331,0.2354343791378732,0.14790539037661668,0.2544956291509063,1.867942605333037,2.742457555555554,9.732346421855587,0.03333333333333333,0.3074040674724759,1.3415466666666664,0.20266038717447152,0.14964261988776656,0.5351763349729972,2.008161122367953,0.08943644444444443,0.7087294552396689,0.2,0.5538301671008087,10.27725,0.23663906204495463,0.14609461705689034,0.2716779860379652,1.8379681696562067,0.68515,2.3004589049318223,0.03333333333333333,0.2397004317459033,1.575253333333334,0.21873240960095153,0.14321913683605672,0.4097802824580381,1.9572028949630584,0.10501688888888894,0.43092222734379343,0.03333333333333333,3.0490007286235157,210.45509333333337,0.2091712086276145,0.13769312912650272,0.46187503217051995,2.1490466684051017,14.030339555555562,69.72304082360047
107,1,0.1,1.2946162654904834,42.94524999999999,0.22263676013575479,0.15173963265564047,0.4065182546194619,1.8722026903084534,2.8630166666666663,12.570234561543943,0.1,0.18026856011102305,0.85804,0.2334513412017626,0.14179695659066563,0.4560675023770616,1.8470749807153117,0.05720266666666667,0.24372565323376144,0.1,0.6380809030563781,11.743699999999997,0.21729229865804928,0.14867495323637442,0.4826870494587964,1.8629277027458864,0.782913333333333,3.053604291339322,0.1,0.3025070528513302,2.22785,0.23040407435324867,0.15409654357773386,0.28573495037494284,1.6530903692739851,0.14852333333333334,0.6863288776859814,0.1,2.1143781570944635,182.14950333333337,0.21893570682509503,0.13927916637882606,0.40416055150481267,1.8919835208812645,12.143300222222226,33.52946243398635
108,1,0.06666666666666667,1.2430702867819583,42.54344333333334,0.2308547817143634,0.14291342486290248,0.37183695662653127,1.7587031283088348,2.8362295555555566,11.58917803410135,0.03333333333333333,0.3089730819584631,1.66558,0.223192585031616,0.15585140127026814,0.26903412153771267,1.7080655562120126,0.11103866666666667,0.7159827403118337,0.06666666666666667,0.5394034619289712,10.221700000000002,0.2431367951229119,0.1481709347090008,0.31842054299130157,1.7559398035105307,0.6814466666666669,2.182170710557193,0.13333333333333333,0.19892157270612662,1.9303266666666672,0.26044242804922757,0.15403107213157363,0.13531891745867863,1.62230294180082,0.12868844444444447,0.29677344065909117,0.03333333333333333,2.0605525902541415,157.45864999999998,0.24544532671584088,0.1554411463169838,0.12547356659283498,1.6047023380873133,10.497243333333332,31.844077329022884
109,1,0.03333333333333333,1.637404825724795,59.38670000000001,0.21097620735931275,0.14184091080720435,0.2964180604507179,1.7647718271628183,3.959113333333334,20.10820922480135,0.03333333333333333,0.22818327575130937,0.9902333333333329,0.2271577476059888,0.16093146065356262,0.2277883583338057,1.6343989649131432,0.06601555555555555,0.3905070549944857,0.03333333333333333,0.8012136826371385,12.436860000000005,0.2122643984781272,0.14942344945008262,0.3269743088048869,1.692170968827665,0.8291240000000004,4.81457523933724,0.03333333333333333,0.4073638339562549,2.95268,0.2176955287151453,0.15734117885687504,0.3883800045153302,1.7845666975540093,0.19684533333333334,1.2445896991165444,0.03333333333333333,2.8650913035433248,189.48329999999999,0.20809475610936046,0.14538135428846902,0.37376059609172585,1.814505786599629,12.632219999999997,61.56561133229692
110,1,0.03333333333333333,1.3068098807166073,67.84105999999996,0.22672219065148913,0.14286417604064855,0.2504536938299137,1.837473385609263,4.522737333333331,12.808140482539152,0.06666666666666667,0.15597618358800192,0.7604299999999997,0.26777829241891066,0.15317362579089924,-0.055954679040925485,1.5359786001275006,0.05069533333333332,0.18246427385008557,0.06666666666666667,0.6218162056245284,10.820246666666664,0.233449201377748,0.1393284862758995,0.309152375174186,1.8894291298074322,0.7213497777777778,2.899915451829644,0.03333333333333333,0.2755441310928696,2.5090833333333324,0.22387109414858927,0.15024186017410965,0.38110264559242524,1.8984368460664705,0.16727222222222213,0.5694342613479338,0.03333333333333333,3.4732502627177824,298.5556399999999,0.21719853691893834,0.15458303483993474,0.38121377045548527,1.7163533364167045,19.903709333333325,90.47600540601859
111,1,0.3,1.3110059780063135,54.06293333333333,0.2550266510563893,0.12977903130996063,0.02154248963085001,1.997721179993066,3.6041955555555556,12.890525057762177,0.03333333333333333,0.35971576475321737,1.8921899999999996,0.21232263092856277,0.15608526617564542,0.2682854046624099,1.5475909598922766,0.126146,0.9704657355899401,0.03333333333333333,0.6016870433239213,8.440449999999995,0.21081273221643704,0.1392401416293124,0.309544232815181,1.886872919791303,0.5626966666666663,2.715204735779118,0.03333333333333333,0.2032813083325449,1.7426033333333328,0.24496041476690397,0.1418830602551225,-0.005842822296297503,1.7432461167855586,0.11617355555555552,0.30992467738043394,0.03333333333333333,2.518468040899197,200.60574999999994,0.2143518648215895,0.1446945841935275,0.3783854577000684,1.8040470193824216,13.373716666666661,47.57010954772979
112,1,0.03333333333333333,1.6742746176689811,69.13067666666666,0.23583929723471422,0.15257881590319403,0.15012247940394266,1.6681040162857603,4.6087117777777795,21.023966215279597,0.03333333333333333,0.29847240158463084,1.9249900000000004,0.20614000694121026,0.1464088448048477,0.42993816937615403,1.8177006476521953,0.1283326666666667,0.6681433088077287,0.03333333333333333,0.9700611598462064,13.753429999999998,0.18761385480776832,0.14885493638020691,0.6624691621247322,2.037240093856537,0.9168953333333333,7.057639903816254,0.03333333333333333,0.4839115225348386,3.0281900000000004,0.19152742376295384,0.15019836151777446,0.5967890670583937,2.025430964279341,0.20187933333333333,1.756277712314892,0.13333333333333333,3.2317312011468387,355.28807999999987,0.19857223647152633,0.14329527202665956,0.6265898445216602,1.9191864255979931,23.685871999999993,78.33064917349492
113,1,0.03333333333333333,1.6994011898194552,80.01433333333327,0.21852202569361476,0.1453226738996642,0.3741807325723599,1.929929084066387,5.334288888888884,21.65973302969835,0.16666666666666666,0.24777409065517725,1.8657333333333335,0.24212823195578503,0.13835448136182407,0.3280609518740268,2.0445215106111077,0.12438222222222224,0.46043999999999996,0.03333333333333333,0.9121461867944317,19.36351999999999,0.21519285250943,0.14457119946272742,0.3268787563918995,1.8528629595812336,1.2909013333333328,6.240079995627167,0.03333333333333333,0.4155904916132406,3.3173000000000004,0.19872200833442275,0.14220422108505482,0.5055152976480337,2.0613616977229774,0.22115333333333334,1.2953659253950123,0.13333333333333333,4.222794898160428,512.6861899999999,0.20344476245063228,0.13595286854664262,0.5803697225632556,2.0828856199812846,34.17907933333332,133.73997563947307
114,1,0.03333333333333333,1.877138878592863,84.8750466666666,0.21385893975266887,0.14333507412544663,0.32572504655133117,1.785017022440344,5.658336444444441,26.427377771436536,0.03333333333333333,0.5486075871305647,5.25577,0.2235301301855316,0.148681161231789,0.18699763598270217,1.6570283137810482,0.35038466666666673,2.2572771349291503,0.3333333333333333,0.7440934827769368,18.635140000000007,0.24823032168443157,0.13953685853976724,0.13056945233187767,1.8284690625639572,1.242342666666667,4.152563333333337,0.03333333333333333,0.45179157017245325,4.836739999999999,0.2136808260984833,0.1411304147197691,0.3961342602107912,1.9944528533306223,0.32244933333333325,1.5308671715916806,0.03333333333333333,5.708911591725036,649.8202666666664,0.23341936040737962,0.15963204041031476,0.2480692044407358,1.6421457598012688,43.32135111111111,244.4375367159936
115,0,0.06666666666666667,0.31662016391337,1.8982699999999983,0.22947569484598918,0.15406322499611555,0.28314968721263006,1.6311140428453486,0.12655133333333327,0.7518624614739695,0.06666666666666667,0.025503419095234577,0.013609999999999997,0.20616713794495944,0.14911709503421844,0.47709995786728016,1.847344040457972,0.0009073333333333329,0.004878182891603817,0.36666666666666664,0.028701799712987426,0.03085666666666673,0.26409377732176925,0.14851596743753193,0.016881603631574957,1.692735918550911,0.002057111111111115,0.006178449800733339,0.43333333333333335,0.016984451158423286,0.013616666666666739,0.25558255009400266,0.15551549127023992,0.08879869300453108,1.6440047616510898,0.0009077777777777826,0.0021635368586464957,0.13333333333333333,0.29398746409098314,3.4371500000000017,0.2926926816154308,0.1322196315878889,-0.10668903591500913,1.8527412574634796,0.22914333333333345,0.6482147178198533
116,0,0.03333333333333333,0.297722593044436,1.9907099999999964,0.21885285736720042,0.14387763236836534,0.30037123616616745,1.9148751625454847,0.13271399999999978,0.6647905680682713,0.16666666666666666,0.014110673659011145,0.008876666666666665,0.26186759064503706,0.1444707787169668,-0.02522590293070398,1.7796044870499197,0.0005917777777777777,0.0014933333333333324,0.4666666666666667,0.030199280068033293,0.03709000000000003,0.2822861619339763,0.14287851203165802,-0.22734232823283843,1.8578543939628915,0.002472666666666669,0.0068399738747063465,0.3,0.024349270654271733,0.026863333333333406,0.28920265918073024,0.1547624520739263,-0.25230545685299105,1.734202768935891,0.0017908888888888937,0.004446652360462339,0.3333333333333333,0.29159103781380713,3.2328500000000027,0.2883678187138831,0.14805705244846276,-0.2136411424318222,1.7833765497894223,0.2155233333333335,0.6376899999999984
117,0,0.36666666666666664,0.26458453957267086,2.3978766666666687,0.2525482714630497,0.13976170932495433,0.0873353944949707,1.7479023155117546,0.15985844444444455,0.5250373393566168,0.03333333333333333,0.01667426988385047,0.012156666666666665,0.27308738369353336,0.1581678921671153,-0.11965069305020636,1.6396647105032174,0.0008104444444444443,0.0020852345711961213,0.26666666666666666,0.029446228124601452,0.04311999999999983,0.26100798936228126,0.14068946865467866,0.25279698131188044,1.8437045530567977,0.002874666666666655,0.006503102630745521,0.5,0.031333333333333255,0.03279666666666663,0.28147918830942026,0.1522781578263123,-0.05442143557979175,1.702036458249057,0.002186444444444442,0.007363333333333297,0.4666666666666667,0.28336222479056455,2.3769700000000036,0.2844955173889004,0.13633796259347822,-0.17661861503232015,1.7946201272950442,0.1584646666666669,0.6022061282869384
118,0,0.4,0.25952098632693066,2.3353833333333323,0.2624071797336333,0.1398988008070186,-0.1523514737266914,1.7325588405320966,0.15569222222222212,0.505133567580772,0.03333333333333333,0.013566938599878543,0.010599999999999998,0.262794226704186,0.14784642066267797,0.027126502233592607,1.8359372438181163,0.0007066666666666666,0.0013804636722965578,0.5,0.03533333333333335,0.04854999999999989,0.26631966897629944,0.15441451157351602,0.07551806793262097,1.703656521653057,0.0032366666666666594,0.009363333333333342,0.16666666666666666,0.02482829926604811,0.026619999999999967,0.21962639937572423,0.1302114509800073,0.34108676647800984,2.092847458984893,0.0017746666666666644,0.004623333333333338,0.5,0.19933333333333347,2.0435166666666684,0.2834424077629651,0.14557768803112292,-0.09448520235172812,1.780760968834982,0.13623444444444457,0.29800333333333373
119,0,0.3,0.25851005840219504,1.9783099999999971,0.25490359070949087,0.13017692746410217,-0.08533008786203196,1.838078893044342,0.13188733333333316,0.5012058772132972,0.16666666666666666,0.017524585904126554,0.011469999999999998,0.2172509267878647,0.1348194956111677,0.35398730409031937,2.024303719703848,0.0007646666666666665,0.0023033333333333334,0.4666666666666667,0.04612328777690348,0.05714999999999996,0.2528249828048665,0.1560139008655088,0.07341489662958454,1.5348831073055484,0.003809999999999997,0.015955182565132904,0.1,0.02623818852265777,0.022380000000000046,0.2284563604334953,0.14214418172052307,0.28583955770738617,1.8679003731673594,0.0014920000000000029,0.005163319027128976,0.36666666666666664,0.41323461942138984,3.928630000000007,0.25948463858829524,0.1393476175671556,-0.3019133865589276,1.6856341738775507,0.2619086666666671,1.2807213801625568
120,0,0.13333333333333333,0.1859121723911695,1.7821099999999959,0.25122841824613695,0.13753446765882799,0.13356609016728252,1.8651401357142523,0.11880733333333304,0.2592250188240295,0.03333333333333333,0.01742076447321897,0.01220333333333333,0.2412277468821235,0.1506365493156422,0.12552234776465904,1.665811094659856,0.0008135555555555553,0.0022761227612352617,0.5,0.06199999999999992,0.07658333333333328,0.2892019235307004,0.16567283653875606,-0.13459086810124707,1.5560522382605737,0.005105555555555552,0.028829999999999925,0.06666666666666667,0.022942552567967848,0.015736666666666767,0.22633740000105063,0.14001601862389765,0.3299872896259733,1.8158123787239058,0.0010491111111111178,0.003947705387504761,0.36666666666666664,0.4168692770785138,5.430806666666677,0.23429616198136174,0.13531426305367208,0.0722382171057568,1.5851707973545834,0.36205377777777853,1.30334995628972
121,0,0.06666666666666667,0.2235913931105299,1.6897833333333354,0.26001905390246083,0.15231957494251003,0.1290759891586823,1.6808954180637217,0.11265222222222233,0.3749483330483064,0.06666666666666667,0.01875924460513681,0.011316666666666662,0.24104180774276854,0.1321608433528407,-0.009628479193697593,1.7458173661805323,0.0007544444444444444,0.0026393194361651593,0.5,0.04800000000000004,0.07571333333333347,0.2986792478797643,0.14628706643773698,-0.2639829630567968,1.908318313653111,0.005047555555555565,0.01728000000000003,0.23333333333333334,0.025377950798160197,0.025140000000000072,0.27498969226397924,0.15479931058552884,-0.023006627976905916,1.6000895988573625,0.0016760000000000047,0.004830302900353799,0.1,0.36035538219057694,3.6335499999999987,0.2217987387264662,0.1395806947043255,0.5393348983155866,1.8846063883814035,0.24223666666666657,0.9739200110528757
122,0,0.06666666666666667,0.31323892330504616,2.0197333333333405,0.251155830305534,0.16034288163802188,0.12446935184243942,1.5248841185382276,0.13464888888888935,0.7358896730497846,0.03333333333333333,0.02415733665300244,0.01719,0.22421656839089713,0.14326973463047354,0.22810306899828878,1.767968401865679,0.001146,0.004376826856248712,0.2,0.042207150723037504,0.05885000000000007,0.2992492372505866,0.13674474390050212,-0.19761330611495836,1.7823963341142224,0.003923333333333338,0.01336082679117904,0.23333333333333334,0.029742008485238947,0.028049999999999915,0.2785867459036002,0.15044653285100842,0.018609106740149976,1.7475963337748432,0.0018699999999999943,0.0066344030155201916,0.43333333333333335,0.2678344525548308,3.078009999999998,0.2416386454018511,0.141968140237659,0.13581319988757037,1.809262780968036,0.20520066666666653,0.5380147048150943
123,0,0.03333333333333333,0.4748012766432328,2.6715833333333325,0.19805753789661298,0.1584963237162158,0.4353093276992176,1.656193530528421,0.17810555555555546,1.6907718922653274,0.03333333333333333,0.10690763031857602,0.10726999999999998,0.16749961424637613,0.14243720282190075,0.6981357149740481,2.190576100166188,0.0071513333333333325,0.08571931065249984,0.03333333333333333,0.11011740788064202,0.16206666666666697,0.1925242091674128,0.1531876645108958,0.6025207464310077,1.9959521103874431,0.010804444444444467,0.09094382638763762,0.03333333333333333,0.0488668518254271,0.0438933333333333,0.20476470252383747,0.1404179390910085,0.3032939692303224,1.8451984523364737,0.00292622222222222,0.017909769054961857,0.03333333333333333,0.639804985856624,9.449666666666667,0.2112194097442455,0.14892286136419025,0.42904311599175354,1.8490078527912712,0.6299777777777779,3.070128149452461
124,0,0.03333333333333333,0.3515238011977033,3.5653666666666792,0.27776593051100046,0.15429439784933235,-0.3547056074815017,1.7967733070077982,0.23769111111111207,0.9267673710636185,0.03333333333333333,0.04392446687558346,0.03936666666666666,0.2109808073557075,0.14443151342650515,0.44278660786937407,2.0121349091443816,0.002624444444444444,0.014470190927281716,0.03333333333333333,0.19773697658731615,0.626003333333334,0.17965302347223325,0.13976653215239676,0.6767347466321024,2.1315730988995405,0.0417335555555556,0.29324933932419606,0.03333333333333333,0.1064616845334986,0.17308999999999994,0.19604842657124744,0.14693129597383256,0.4598608751829172,1.8402056025923215,0.011539333333333329,0.08500567705282631,0.03333333333333333,0.454755891219184,8.266939999999998,0.2529409646943328,0.15327666296393377,0.0819025748951862,1.6144705560025294,0.5511293333333332,1.5510219044891576
125,1,0.03333333333333333,0.8086310333662888,23.136890000000044,0.25423356848304407,0.15021244439475417,-0.12520652165649335,1.703247542589621,1.5424593333333363,4.90413111092274,0.03333333333333333,0.30033956557118946,1.1842833333333331,0.18154430010059985,0.145873352415469,0.6031153973160276,2.0426759208162437,0.07895222222222222,0.6765289098561812,0.03333333333333333,0.6068656818781013,7.868383333333332,0.2101807312667093,0.14477174797886175,0.23763765660188593,1.7197876672286212,0.5245588888888887,2.762144668810296,0.03333333333333333,0.2774191572680415,1.4603699999999997,0.2225889198646501,0.153597650288714,0.18324182570823122,1.636289603353926,0.097358,0.5772104161448277,0.03333333333333333,2.9133743130377034,141.91474,0.19601424793675348,0.13604158158481253,0.29646806595028047,1.849100972246217,9.460982666666666,63.65812415900934
126,1,0.03333333333333333,1.115115087363079,50.08923000000001,0.25477221402790634,0.1584264366727594,-0.009890585995634756,1.5808656635063218,3.3392820000000003,9.326112435485756,0.03333333333333333,0.32639290867025395,1.5554433333333335,0.21698859234335358,0.16566452614116348,0.3397849555943566,1.5851617003498994,0.10369622222222223,0.7989924812267155,0.03333333333333333,0.6976770332260666,13.382670000000001,0.2381366570129995,0.1587146877658241,0.16657732785877352,1.5778963397135797,0.8921779999999999,3.6506493201834456,0.03333333333333333,0.2911007320099571,2.439089999999999,0.2569959784359943,0.16486069149420118,-0.03490893872528728,1.4919855054322375,0.16260599999999992,0.6355472713254966,0.03333333333333333,2.8674396748678843,184.91030000000003,0.22731203040590656,0.1514553188249632,0.1681908457982013,1.6596145735891796,12.327353333333336,61.6665771675483
127,1,0.13333333333333333,1.2229875324855017,65.80549000000003,0.24773312540185985,0.15095495691640534,0.19133666205284416,1.755046377893174,4.387032666666669,11.217738784612322,0.13333333333333333,0.1852971634138659,1.2006366666666668,0.24075103677607199,0.16142296439347303,0.3432600369133624,1.707333517498963,0.08004244444444446,0.25751279076918693,0.13333333333333333,0.7382359635435336,17.740160000000003,0.24395941936779011,0.15399751692596853,0.2505481409633261,1.7607232346257966,1.1826773333333336,4.08744253401787,0.13333333333333333,0.2727732956001673,3.295349999999999,0.254117288753004,0.15410629391397496,0.12777214835349077,1.6902689424004473,0.21968999999999994,0.5580395309443218,0.03333333333333333,3.25654599662632,322.29766333333345,0.2366976130934533,0.15161925243125665,0.23808074934631077,1.7781150350482064,21.486510888888894,79.53818871107184
128,1,0.13333333333333333,1.3793750646136722,62.35724000000003,0.28811293077339745,0.14379610668261883,-0.02642825017353217,1.6582531310624669,4.157149333333336,14.270066766584792,0.03333333333333333,0.33434926201686027,2.6539099999999998,0.20318916638255727,0.14114622036784466,0.5238568602199712,2.056599837007216,0.17692733333333333,0.838420717584143,0.13333333333333333,0.7244835991048632,15.074633333333335,0.24539972817543967,0.14302478745367722,0.2352763751532663,1.7998492098589658,1.0049755555555555,3.936573640289521,0.13333333333333333,0.3026651353990969,3.1118000000000006,0.23493647524565472,0.15250539708961539,0.3360684622929141,1.7865805375007886,0.20745333333333332,0.6870463813961525,0.26666666666666666,2.8420920015971167,328.14102999999994,0.23652863932382,0.14422281816746252,0.38165201669109106,2.0337008908196332,21.87606866666666,60.5811520915673
129,1,0.03333333333333333,1.981650987527489,83.77533666666668,0.23490353054631705,0.16269854736200268,0.283422041984586,1.6418292165594592,5.585022444444444,29.452054772765045,0.03333333333333333,0.4042681725020035,2.104196666666667,0.20942120590273247,0.15359749154371966,0.3184822783268692,1.7293564189475443,0.1402797777777778,1.2257456647358225,0.03333333333333333,1.1079062167840372,21.841279999999998,0.24010676221689503,0.1584997148008632,0.07115734539692699,1.5803460330060486,1.4560853333333335,9.205921388915385,0.03333333333333333,0.5374895642436976,3.777249999999998,0.22722718951339874,0.16792425081239581,0.24150045037724446,1.5793336922855226,0.2518166666666666,2.1667127375315998,0.03333333333333333,4.302612843254172,341.76503333333335,0.2544022347272315,0.15706331949081528,-0.0810319089231785,1.7263487024228044,22.784335555555558,138.84357959201816
130,1,0.36666666666666664,1.5101309252522825,69.55238666666666,0.2548982744102965,0.13604873574300036,-0.08268515462452648,1.9842248821815793,4.636825777777778,17.10371558552486,0.03333333333333333,0.34017021942979064,2.121573333333334,0.22060927896276206,0.1491633198139261,0.11444240052179191,1.5982169691805965,0.14143822222222227,0.8678683364018395,0.36666666666666664,0.9289492009132779,19.56364,0.26171503109383837,0.150374896344594,-0.18780183888073265,1.8191790744902314,1.3042426666666667,6.472099634080632,0.03333333333333333,0.4799542746457962,4.161863333333331,0.24354429989038037,0.16091557277210347,0.03666469194529047,1.6490730529487228,0.27745755555555546,1.727670793130793,0.03333333333333333,3.324539197698666,343.0817966666667,0.2551238052514024,0.1485524266960109,-0.12905898685752937,1.7671864205032133,22.872119777777776,82.89420657776168
131,1,0.3333333333333333,1.3264906080833476,65.33673999999996,0.27171312983281043,0.1416118916845336,-0.09087161602745898,1.8400737190669652,4.355782666666664,13.196829999999972,0.03333333333333333,0.42947107954186864,3.2823166666666665,0.20286564828482842,0.14982203572374414,0.4538749254479901,1.8804958982008286,0.21882111111111108,1.3833405612214353,0.03333333333333333,0.6125814304293422,14.811326666666664,0.21944101825027879,0.14329991635417785,0.21001375662503138,1.6645354600831457,0.9874217777777777,2.8144200668014423,0.06666666666666667,0.2795303428767085,2.912116666666666,0.22241658464502542,0.14330095736965034,0.24293581207420775,1.740411841663465,0.19414111111111107,0.5860290944157767,0.03333333333333333,4.5645106557467745,421.01620000000014,0.21636955205379674,0.15112484999403894,0.29609553870403643,1.6946347382736069,28.06774666666667,156.26068144819388
132,1,0.03333333333333333,2.111743500132062,109.02463333333327,0.241001470461026,0.16967628939984433,0.21373791748920712,1.4782216263278694,7.2683088888888845,33.44595457762509,0.03333333333333333,0.31854494432156727,3.002733333333333,0.20830934994231992,0.1479433883895531,0.6439307817183222,2.248454596730907,0.2001822222222222,0.761031611646228,0.03333333333333333,1.4204698558402578,36.97293333333333,0.21893538950147626,0.16760916790658986,0.46303931405695603,1.724910342696656,2.4648622222222216,15.133009585131322,0.03333333333333333,0.6316691677370091,7.13281666666667,0.19768186103490143,0.1540900688957804,0.683089521642111,2.1509819971535324,0.47552111111111134,2.992544531021743,0.03333333333333333,4.214884776420222,400.5008,0.24485333214842414,0.1596252314553267,0.1263559025279473,1.6372378710744093,26.700053333333326,133.23940258874208
133,1,0.4666666666666667,1.9348191741309768,110.2177533333332,0.25327403150262473,0.15215280766174097,0.10911359560192761,1.6887237707524219,7.347850222222215,28.07643927438657,0.03333333333333333,0.4463595069059524,4.516049999999999,0.20367717645122954,0.13656325313500617,0.40976575596715625,2.0981940441600107,0.30106999999999984,1.4942760705399372,0.03333333333333333,1.118291402584749,33.66339999999998,0.22174080754944056,0.1474418899808156,0.24486466443156624,1.7904154579161577,2.2442266666666653,9.379317458212238,0.03333333333333333,0.5145806121997497,5.525146666666664,0.20097747136035599,0.14193977551528073,0.4859473188140629,2.0676384368470093,0.368343111111111,1.9859490483890194,0.03333333333333333,5.058476916038676,564.0666433333334,0.22060088578742695,0.15154517997205252,0.27290655053622753,1.6963083754237636,37.6044428888889,191.91141532572115
134,1,0.26666666666666666,1.9481133143758078,127.1605999999999,0.26350236908379937,0.1361311708761402,-0.010552557833308147,1.9490977287117097,8.477373333333327,28.463591142362212,0.03333333333333333,0.5000003261807512,4.565190000000001,0.2259790562477472,0.14972126934356988,0.19343244583678915,1.7403690759464092,0.304346,1.8750024463564317,0.03333333333333333,0.6891474355598836,23.53014666666666,0.23980829494873154,0.14753446816811808,0.2968018404429326,1.8820956106223583,1.5686764444444437,3.561931409540729,0.03333333333333333,0.42388546827849205,4.742890000000001,0.20366461773814887,0.13277047338546344,0.47350478520271666,2.215587886290558,0.3161926666666668,1.347591676632574,0.03333333333333333,4.4657469545309745,566.3158033333336,0.23543864745944534,0.13987774762912608,-0.00599540193280377,1.875535030180275,37.75438688888891,149.57171896427008
135,1,0.03333333333333333,2.5487453676653704,153.4901600000001,0.20821372756970677,0.13451417835151777,0.2627369665664908,1.9940508231869851,10.232677333333339,48.72077211896763,0.03333333333333333,0.3926401296402851,4.241966666666666,0.2298692036440258,0.1559992133142923,0.27320819211356956,1.6316928440506129,0.2827977777777778,1.156247035529549,0.03333333333333333,1.5005205463208016,34.84123666666667,0.19539835004789394,0.1462848294914326,0.44515681416309355,1.8330673728971816,2.322749111111111,16.886714324481577,0.03333333333333333,0.6845054926306695,7.480170000000002,0.18389412167224783,0.13110852243721052,0.54620872985091,2.2719054391554074,0.4986780000000001,3.514108270811666,0.03333333333333333,6.853100352012913,812.0885999999999,0.22024185124222498,0.1449686987572669,0.21803475234604913,1.91061063731899,54.139239999999994,352.2373832606963
136,1,0.03333333333333333,2.5861881893861733,153.83036000000004,0.26516112735136876,0.16750208727195529,-0.09398213650732876,1.5867306782658805,10.255357333333336,50.16277013190401,0.03333333333333333,0.7016314621313924,7.441446666666666,0.2231695219027414,0.16712151429833239,0.28649858172758985,1.5973238362679476,0.4960964444444444,3.692150314894767,0.03333333333333333,1.619272567022415,37.03511666666667,0.21751206772228998,0.15770315092888623,0.22856844461962866,1.5556061618427768,2.4690077777777777,19.665327347335214,0.03333333333333333,0.7332320628406316,7.032443333333336,0.2099270584511203,0.15057492913803996,0.28853225224002776,1.752295944683683,0.4688295555555558,4.032219434831459,0.03333333333333333,5.4727759893166805,623.2164700000003,0.21549102855489352,0.1357838144478574,0.23197129695749705,1.9574670416470707,41.547764666666694,224.63457771930882
137,1,0.06666666666666667,1.6299852021850971,127.31785000000002,0.2663830952890454,0.15053975518200116,-0.053156758846246245,1.6997786391243708,8.48785666666667,19.92638819506794,0.03333333333333333,0.6313111019270469,5.748259999999998,0.21910187664000688,0.15850703683974995,0.32829812429325095,1.7780501032612024,0.38321733333333324,2.9891528056225662,0.03333333333333333,1.0264331292812203,33.78710333333332,0.22748813618830138,0.15024778626388222,0.144335957054689,1.5533410825315954,2.252473555555555,7.901737266645287,0.03333333333333333,0.6033866993179164,6.577879999999995,0.21749439542108412,0.15399756851711485,0.2939453801661914,1.7351731793156053,0.43852533333333293,2.730566316853273,0.03333333333333333,6.97084706283841,905.9605999999998,0.2312753806364309,0.15923677857262644,0.20588882061050784,1.639195233116562,60.39737333333331,364.44531580112175
138,0,0.06666666666666667,0.29398502997868586,1.2405200000000014,0.20835494682993105,0.15328493781847127,0.582256044080173,1.9645658648549846,0.08270133333333343,0.6482039838867664,0.06666666666666667,0.01284444356836953,0.006019999999999999,0.26041640772735275,0.14725993544407623,0.10662862062614055,1.7793393219871654,0.0004013333333333332,0.0012373479793577205,0.26666666666666666,0.024538030110980696,0.01813999999999988,0.2749209726478365,0.13815828490403048,-0.22695956247056986,2.0031007814288566,0.0012093333333333253,0.004515861912955465,0.16666666666666666,0.01708800749063517,0.012700000000000008,0.27659888020433226,0.1518727976184809,-0.13250473668387003,1.7273550397050819,0.0008466666666666671,0.002190000000000028,0.23333333333333334,0.28162980929589015,2.4584000000000077,0.2745943864222423,0.14499527537152707,0.01626347832003147,1.8362831510764288,0.16389333333333383,0.5948651211302959
139,0,0.03333333333333333,0.19518099028707683,0.8428900000000009,0.21531356467108484,0.1447000166225571,0.35175887368409114,1.9532967728894428,0.05619266666666674,0.28571714227082984,0.06666666666666667,0.015563428107860124,0.0060999999999999995,0.23155685415393112,0.15791078167613495,0.16149542968417108,1.6473225658151596,0.0004066666666666666,0.0018166522085139793,0.23333333333333334,0.023753983068710578,0.021639999999999847,0.2786062707474761,0.13068301805180374,-0.06375337666541728,1.8618053364930114,0.0014426666666666561,0.004231887837214416,0.16666666666666666,0.020795298613976537,0.011516666666666758,0.27962529599806296,0.12517088799359907,-0.004515263079544445,1.8710594432239245,0.0007677777777777839,0.0032433333333334083,0.06666666666666667,0.2893517598849452,3.181100000000005,0.25479821971459043,0.1598160638186394,0.10704855872739644,1.6539810935223667,0.21207333333333367,0.6279333071138624
140,0,0.06666666666666667,0.2527909865716081,1.3803233333333327,0.1967676375430633,0.14456739347534187,0.6025523082530102,2.035855628472124,0.0920215555555555,0.47927462168885204,0.4,0.015372795372905224,0.009633333333333334,0.23787701566083536,0.14096910783936475,-0.006847002537276164,1.5489421077528924,0.0006422222222222223,0.0017724212818291218,0.2,0.023355668718666386,0.023493333333333297,0.23733705821033754,0.13618149047689448,0.22603670608846,1.880051689179909,0.00156622222222222,0.0040911544597206865,0.13333333333333333,0.026235397162738542,0.01616666666666667,0.23084224204623224,0.14139494639649314,0.4816266320207217,2.0450939996864514,0.001077777777777778,0.0051622204821497215,0.03333333333333333,0.4138416228329337,3.73925,0.2255166496429869,0.1620257077131989,0.2559958966554276,1.5707381904068798,0.24928333333333338,1.2844866659174712
141,0,0.06666666666666667,0.23908526732484087,1.2403000000000004,0.18373428810831668,0.13651034384431682,0.5466229819057179,1.9974831565904312,0.08268666666666667,0.4287132378884297,0.06666666666666667,0.023928982800559658,0.010019999999999996,0.26008201499982925,0.1492848402153492,-0.054962181824973456,1.5531439511653324,0.0006679999999999999,0.004294471634021099,0.5,0.021333333333333412,0.018266666666666712,0.27350472751131805,0.16138805078080862,-0.05729690159520133,1.5710787431830848,0.0012177777777777805,0.0034133333333333585,0.06666666666666667,0.02184220705368231,0.015300000000000018,0.2096237372180831,0.14492436986803361,0.4787714467967951,1.9337036582011982,0.0010200000000000014,0.00357811506731947,0.06666666666666667,0.32937909917559327,2.9886000000000026,0.24204821457052564,0.15556298072691851,0.14608610429748836,1.6504525201584004,0.19924000000000014,0.8136794323029398
142,0,0.06666666666666667,0.18469339379012706,0.7215300000000027,0.24581347418282615,0.15237423358041302,0.09173102420753865,1.572340527865721,0.04810200000000018,0.2558373728228621,0.06666666666666667,0.017203152349259034,0.006799999999999999,0.23462870024132892,0.15133251254300648,0.11967020651203786,1.5538613038469467,0.0004533333333333332,0.0022196133806386253,0.4666666666666667,0.021125394712010567,0.015813333333333256,0.28565461505483364,0.15642737276936633,-0.28391835119024794,1.7212794754658585,0.001054222222222217,0.0033471172630368303,0.03333333333333333,0.02050226082889684,0.010660000000000048,0.2593734295941325,0.1679581195234265,0.06451180128175195,1.5082565444731824,0.0007106666666666699,0.0031525702432208835,0.13333333333333333,0.259077583995442,2.149006666666672,0.22819760471908365,0.13680185243343004,0.27412819179511105,1.8595403539458428,0.1432671111111115,0.5034089589668648
143,0,0.03333333333333333,0.2021793222861939,0.9942900000000048,0.22585511611927128,0.16017156654801298,0.18633095133230607,1.4798154569803221,0.06628600000000033,0.30657358770078497,0.06666666666666667,0.013960772243001273,0.005616666666666666,0.23861833250167713,0.14888447079034792,0.320757932111985,1.8365641871254597,0.0003744444444444444,0.0014617737121571611,0.36666666666666664,0.02625413146614914,0.025869999999999862,0.2246815587567425,0.13605914829318247,0.1212646595608088,1.608823531588572,0.001724666666666657,0.005169595642813818,0.5,0.019333333333333334,0.013009999999999985,0.2664411091504373,0.14989808528539325,-0.006625207695653304,1.897580102882781,0.0008673333333333325,0.002803333333333334,0.1,0.20958402456592234,1.9465600000000018,0.24992482105749572,0.12916826298875467,0.04162896803982757,1.6352542715074019,0.12977066666666678,0.3294409751493686
144,0,0.03333333333333333,0.1705815350218113,0.6559166666666673,0.20325667790957458,0.14528547670704722,0.517453783171118,2.015181659252403,0.04372777777777782,0.2182354506779808,0.06666666666666667,0.015325419540065513,0.006133333333333331,0.24176443634864161,0.13868035849353005,0.15530429780305005,1.8932342163113047,0.00040888888888888887,0.001761513630592664,0.3333333333333333,0.025006665778014553,0.02421999999999979,0.2434858570309965,0.13443162711830503,0.04129758014792392,1.8340478844564636,0.0016146666666666527,0.004689999999999932,0.13333333333333333,0.019162302397827423,0.01603333333333337,0.23639239727833417,0.146967026598453,0.2887943193632626,1.7693642314054778,0.0010688888888888914,0.0027539537488933696,0.36666666666666664,0.30017784271035997,2.4355699999999976,0.27521605062459664,0.1478858155270947,-0.27604729032566155,1.8997528331748845,0.1623713333333332,0.6758005294068421
145,0,0.06666666666666667,0.19341760117300402,0.8811333333333343,0.24314539980539107,0.1494717575175096,0.2171499441757447,1.657537587569501,0.05874222222222228,0.28057776332639434,0.16666666666666666,0.012238373167123878,0.00786,0.253545866238533,0.14708350680696974,0.26576610614352825,1.849687775811115,0.0005240000000000002,0.0011233333333333332,0.03333333333333333,0.02850640672455613,0.02647333333333302,0.2624812094957165,0.15739399468162374,-0.05026464573130705,1.6787298110940256,0.001764888888888868,0.0060946141825936415,0.16666666666666666,0.02644070935340259,0.018306666666666666,0.2340242675011058,0.13211027272822162,0.30110001264083086,1.8564646035239185,0.0012204444444444444,0.005243333333333335,0.06666666666666667,0.3328646738304394,2.6959666666666626,0.24035265278614273,0.147098677860525,0.004580538288488264,1.568215542318606,0.17973111111111084,0.830991683131836
146,0,0.03333333333333333,0.288877587554795,1.6308066666666665,0.23123658138279538,0.17308937639506078,0.2252385514585737,1.4630083866182306,0.10872044444444443,0.6258769544360867,0.03333333333333333,0.017897307940483442,0.009939999999999997,0.23295944051416892,0.15701519294571323,0.2481488978026113,1.6362215976812777,0.0006626666666666665,0.0024023522363736875,0.5,0.044666666666666424,0.039249999999999674,0.2624576380195274,0.17502073963998951,0.10474736418464516,1.4901707121243692,0.002616666666666644,0.01496333333333317,0.03333333333333333,0.026706923482922595,0.01781666666666665,0.21995530971890928,0.14944813247802585,0.30405847727670415,1.7806873150330707,0.0011877777777777767,0.005349448214420118,0.03333333333333333,0.33387476034069546,3.9852633333333434,0.22616571621253004,0.14304626302203222,0.38192830975479874,2.0900410698589744,0.2656842222222229,0.8360426669441764
147,0,0.06666666666666667,0.2199335903811476,1.0296033333333336,0.25001617291843947,0.15727234581782348,0.08351023298403053,1.6113028411619028,0.06864022222222224,0.3627808813345681,0.03333333333333333,0.10493455410479507,0.10940333333333334,0.14436091866854184,0.13207582927258021,1.108719999420443,3.1365976615478166,0.007293555555555556,0.08258445483879125,0.03333333333333333,0.031464366901183094,0.03219333333333335,0.2773574616646494,0.1560519816380575,-0.2074832454687793,1.744881404850505,0.0021462222222222234,0.007425047883691999,0.03333333333333333,0.0388255069374729,0.021983333333333303,0.22656178706894342,0.15642538765927946,0.20536981488910241,1.6585028219213702,0.0014655555555555535,0.011305649917138174,0.1,0.41102676535025706,5.547026666666682,0.21845314610835917,0.13905816567031637,0.3614756655634384,2.0231651699054503,0.36980177777777873,1.2670725137572147
148,0,0.06666666666666667,0.21631457455871025,1.2538833333333346,0.2007975493844571,0.1436693305375835,0.4659994692037179,1.997336504032576,0.08359222222222232,0.35093996374886866,0.03333333333333333,0.1044028588394572,0.09594,0.16592564791223943,0.15667036821581057,0.8762208999432339,2.370323249069042,0.006396,0.0817496770038872,0.03333333333333333,0.10282093008834138,0.12700666666666655,0.19881411138184454,0.1412105929261465,0.2064994689856308,1.6158860677100102,0.008467111111111102,0.07929107748173689,0.03333333333333333,0.03951175551082703,0.04284333333333336,0.22361516903097547,0.1557974200705811,0.44611547918535055,1.911904853448933,0.0028562222222222244,0.011708841176605278,0.36666666666666664,0.33000092469363523,4.298620000000005,0.2242416762914035,0.13277513319116882,0.1502865675219064,1.8709552881908498,0.2865746666666669,0.8167545772399072
149,1,0.03333333333333333,0.6586112314586514,11.22604999999997,0.267900905402075,0.16797003872066793,-0.11048313674396039,1.462364127239043,0.7484033333333312,3.2532656565261098,0.03333333333333333,0.19556347773310476,0.5991833333333334,0.22786438375803952,0.17126932556476337,0.28585217711338434,1.4788104967706472,0.03994555555555557,0.2868380536729992,0.03333333333333333,0.3465920530665866,4.260369999999999,0.261109269776267,0.16952976678541182,0.0013092250940973352,1.391333263585802,0.2840246666666666,0.9009453843668367,0.03333333333333333,0.15944903927521645,0.7071166666666668,0.24420941740687818,0.16786263001233012,0.11938582796887179,1.4120353783278006,0.04714111111111112,0.1906799709434214,0.03333333333333333,1.6902054710943601,72.26788333333337,0.2541618706286533,0.1670738103116023,0.04305965984805116,1.4553382589269426,4.817858888888892,21.42595900887981
150,1,0.03333333333333333,0.8017176904697566,24.808859999999967,0.2687763595558804,0.16250465387612378,-0.07365731548757103,1.5975650751687838,1.6539239999999984,4.820634414091204,0.03333333333333333,0.27809167100682236,1.1845966666666667,0.22236930019797713,0.1663224505884052,0.3224401566779082,1.6102655139537916,0.07897311111111113,0.5800123311252504,0.5,0.47333333333333316,8.030159999999999,0.27169835984579566,0.16166400780399234,-0.04985241813343168,1.5969867613948499,0.5353439999999998,1.6803333333333323,0.03333333333333333,0.20402888027718688,1.2925399999999998,0.2595623124843571,0.16354411082093048,0.0029295019830476872,1.5585771721313033,0.0861693333333333,0.31220837990371997,0.03333333333333333,2.1918681688250814,140.52854000000008,0.2546171737085024,0.16120466290428342,-0.00703092812790045,1.5550294101052269,9.368569333333339,36.03214552131462
151,1,0.5,0.8246666666666655,25.232729999999982,0.28282555324218683,0.1495369703760386,-0.09199575494203696,1.8761387471098203,1.682181999999999,5.10056333333332,0.03333333333333333,0.12485515082087528,0.43345,0.2571682309874718,0.15493703148004664,0.0956763195053682,1.8303911484050874,0.028896666666666668,0.11691606514877635,0.5,0.4366666666666665,6.06151,0.2936323311087135,0.14747906708874822,-0.13199027604325353,1.8729152591612375,0.4041006666666667,1.430083333333332,0.5,0.1793333333333333,1.13807,0.28178732916987603,0.15191995938918057,-0.07464028907061872,1.8317982640044523,0.07587133333333332,0.24120333333333327,0.23333333333333334,1.613883030926641,96.0291066666667,0.26890845296596394,0.14413550782137596,0.033549387030746024,1.950895217214127,6.401940444444448,19.53463828134721
152,1,0.13333333333333333,0.7932081743983668,23.490849999999977,0.21946813309676946,0.13563698766982735,0.2906949319375339,1.8884807952498712,1.5660566666666653,4.718844059492924,0.03333333333333333,0.28830392407627436,0.8424199999999998,0.18171620042447453,0.147316779922786,0.6148472541827407,2.121121451860282,0.056161333333333334,0.6233936447833364,0.03333333333333333,0.529955547134428,6.913716666666666,0.2027191330843037,0.13091697066232827,0.3908412435617909,2.071270821885823,0.46091444444444435,2.1063966145391326,0.03333333333333333,0.2591044467008077,1.3970333333333345,0.19102779448179716,0.13096583603791195,0.5185647958762377,2.117024741042579,0.09313555555555561,0.5035133572509877,0.03333333333333333,2.4961064065804144,122.95709000000005,0.21666021672631708,0.1436738916982964,0.3325254722323576,1.9708854523500892,8.197139333333334,46.729103947288415
153,1,0.03333333333333333,1.1686327179575593,44.62145,0.2205791685581591,0.1380889077483,0.2109278911503393,1.8435384891894153,2.974763333333334,10.242768221106541,0.03333333333333333,0.3325761702442102,1.9131300000000002,0.21091228055440264,0.1461882291268226,0.19626280888243194,1.6028000754114418,0.12754200000000002,0.8295518176072942,0.03333333333333333,0.7271941997546368,14.36731666666667,0.21894182414724017,0.13359615465319283,0.05699118165805162,1.7550059974971346,0.9578211111111116,3.9660855311759002,0.03333333333333333,0.27061995289935514,2.6228100000000003,0.23113079683441334,0.14038197699503813,0.09041224291368129,1.7554622948931793,0.17485400000000004,0.549263691804369,0.03333333333333333,3.537218025720565,282.9248133333333,0.2329348087952762,0.1539721276695472,0.1562130271570838,1.6720439531806075,18.861654222222224,93.8393352111187
154,1,0.36666666666666664,1.0248481207750246,44.24945,0.2552669154656203,0.14364505637386168,0.05324173453217235,1.89370232177966,2.9499633333333333,7.8773525299207465,0.36666666666666664,0.2226490242646797,0.9433299999999999,0.2606436156224639,0.14270830312714217,-0.08407845545812277,1.8032168681353318,0.06288866666666668,0.37179441004510444,0.36666666666666664,0.6202342909857796,11.158333333333331,0.26522044597226385,0.13916102186715892,-0.09984822086229891,1.947168599213302,0.7438888888888886,2.885179317859746,0.36666666666666664,0.26637635904800866,2.1868999999999987,0.26126181226595774,0.1429001292917317,-0.06807667377469073,1.9249058079365573,0.14579333333333325,0.5321727349475521,0.36666666666666664,2.507791097441244,146.62846999999996,0.2932039562086239,0.14223603804411855,-0.24537083851736208,2.034008546759439,9.77523133333333,47.1676214130417
155,1,0.5,0.9933333333333337,44.45065999999998,0.25760450844116134,0.15547442951957866,0.18376590202120313,1.7415637938514408,2.963377333333332,7.4003333333333385,0.03333333333333333,0.29384171939350606,1.7440666666666664,0.21467182716996216,0.15469720277928967,0.46742751021241397,1.9757142004910677,0.11627111111111112,0.6475721704209897,0.5,0.7246666666666667,14.841349999999995,0.262902558310581,0.15217106870491096,0.1441470357515243,1.9055739492747141,0.9894233333333332,3.938563333333334,0.03333333333333333,0.27388846520948595,2.593399999999999,0.2553653035786404,0.15607753795101953,0.12276987767680402,1.7389688889362167,0.17289333333333326,0.5626116853110585,0.03333333333333333,2.890231114173816,197.8935199999999,0.2522433572081594,0.1627315441639064,0.15547598614443886,1.7078825386642567,13.192901333333328,62.65076920003814
156,1,0.13333333333333333,1.014109096337711,36.34996666666669,0.26767612925372475,0.13293131180057036,0.054339473646718366,1.740967674425907,2.4233311111111124,7.713129444561665,0.03333333333333333,0.2938134192393163,1.3946533333333335,0.2359904704994024,0.15957905995149102,0.16166160508408917,1.6575656458480836,0.09297688888888889,0.6474474399382368,0.2,0.4764493712221247,9.763276666666668,0.29943195106077,0.13886954687304198,-0.211643251052724,1.8975876844761508,0.6508851111111112,1.702530025034685,0.4,0.2050671794274952,1.7781066666666665,0.26782591965839275,0.14918375804772932,-0.07910138564509654,1.6069020593763272,0.11854044444444443,0.31539411058761385,0.4666666666666667,2.5329399022935055,151.66684999999995,0.2688480805173619,0.1488138775616634,0.12561089533969233,1.7066780359670435,10.11112333333333,48.11838411472975
157,1,0.5,1.3413333333333308,55.365366666666674,0.270645619665978,0.15015587184704024,0.07671911030599732,1.9545348985944913,3.691024444444444,13.493813333333282,0.5,0.18200000000000008,1.108663333333334,0.27914490155800153,0.14525292340572626,0.031202887779893423,1.9251286082814019,0.07391088888888893,0.24843000000000023,0.03333333333333333,0.506726561972733,10.847950000000003,0.27111417803668025,0.15315174340655457,-0.08624721589146311,1.8052731071753927,0.7231966666666668,1.925788564565295,0.03333333333333333,0.33724749838195955,2.546240000000001,0.2255547255933324,0.15851141462254342,0.44399732757538163,1.9262318267804064,0.16974933333333342,0.8530190637366737,0.5,3.2879999999999994,295.9230133333333,0.27919005532762625,0.1590401115898106,-0.15997849324983401,1.8150837434499278,19.728200888888882,81.08207999999998
158,1,0.4666666666666667,1.4087402324591616,60.8392333333333,0.2998760365604819,0.14068877890080758,-0.3217378649509844,1.9028487019464513,4.055948888888887,14.884117819118192,0.03333333333333333,0.2966176358230501,2.2170666666666667,0.24862651590096532,0.1550539294728939,-0.06930640930426268,1.599371399108496,0.1478044444444445,0.6598651641094171,0.03333333333333333,0.6801708294721348,13.855213333333339,0.247814728021675,0.13971209804647217,-0.025893376462306363,1.8564114762471138,0.9236808888888891,3.4697426794860897,0.03333333333333333,0.2666554170326617,2.2988900000000023,0.2289367402901403,0.14710240387453588,0.23758483573381942,1.6943100257741026,0.1532593333333335,0.5332883357464706,0.03333333333333333,3.044947444511723,299.9449900000001,0.2565293943738972,0.15428938041763102,0.00261438154112085,1.7203699594362711,19.99633266666667,69.53778704878854
159,1,0.4666666666666667,1.3517990062503964,67.28150999999997,0.29040075452070213,0.13498642983717998,-0.46360100665068055,2.1055655885476776,4.485433999999998,13.705204149746695,0.36666666666666664,0.30145993039918073,2.5967666666666678,0.2384246912195611,0.14686080167773893,-0.1847376640401896,1.5022231937493864,0.17311777777777781,0.6815856722720919,0.16666666666666666,0.5195472387890571,15.061819999999999,0.24442139599486176,0.1359384298322736,0.06296391474291438,1.9164785860970812,1.0041213333333332,2.0244700000000018,0.03333333333333333,0.3158515649863242,3.0679266666666667,0.24918731907640992,0.1514865648883299,0.004985804710766183,1.6454228690537307,0.20452844444444446,0.7482165832823265,0.36666666666666664,4.626286473249649,444.0283833333333,0.24532505130469187,0.14755181905839404,0.020985392334284328,1.611110994995178,29.60189222222222,160.51894899429504
160,1,0.03333333333333333,2.254786240545604,173.65730000000002,0.24349619185787105,0.14515819195010357,-0.003383990131216671,1.7096401370541434,11.577153333333335,38.13045742915334,0.03333333333333333,0.3086658824070359,3.16546,0.2118977866741588,0.1353684580745459,0.23275751784244433,1.8437160001332535,0.21103066666666667,0.714559702215856,0.03333333333333333,0.8127324445016535,17.615340000000003,0.23026516886857928,0.14977766401854378,0.1679555442261457,1.6831475748779028,1.1743560000000002,4.95400519759225,0.03333333333333333,0.5071854353580026,5.463979999999998,0.21882469398361049,0.14925071977263743,0.267098642923317,1.7659126337273028,0.3642653333333332,1.92927799379465,0.03333333333333333,3.057883967152,384.1408999999999,0.2563148324992325,0.14712826514873079,-0.15316158683119177,1.6863332348421125,25.609393333333323,70.1299076742394
161,0,0.06666666666666667,0.2979120286734071,1.5570400000000024,0.25436879901445875,0.15760210910001113,-0.02762510587655809,1.498646685628918,0.10380266666666683,0.665636826212287,0.4,0.010259121242284197,0.005703333333333333,0.268166527861259,0.15278997057470067,-0.10806551413652418,1.6093231624206754,0.00038022222222222217,0.0007893717649791514,0.06666666666666667,0.05025822157391344,0.048030000000000184,0.2629477810048024,0.15744318887377995,0.13005440626113962,1.5097552573297726,0.0032020000000000126,0.018944166268294337,0.06666666666666667,0.024953252517862057,0.022633333333333432,0.22498490360347426,0.1337264334803878,0.3310190360688176,2.0198781592397808,0.0015088888888888953,0.004669986084151419,0.16666666666666666,0.3189029807184479,3.44679,0.26883667784584586,0.15024555842848064,-0.027935368870728623,1.663891869902419,0.229786,0.7627433333333307
162,0,0.06666666666666667,0.25180176407842286,1.6265666666666654,0.20797692690977726,0.1481135606249258,0.4283625689757848,1.8194833338754204,0.10843777777777769,0.4755309629475429,0.03333333333333333,0.01447373399519191,0.005580000000000001,0.2471560050990815,0.16145365390671823,0.08351492554833849,1.519710481738783,0.00037200000000000004,0.0015711673182268048,0.06666666666666667,0.04742676342134003,0.037700000000000164,0.22852659561727579,0.14352755636378708,0.31181800240148855,1.6473412392277773,0.0025133333333333444,0.016869734164678175,0.3333333333333333,0.032297230703438255,0.030440000000000113,0.2377289669851561,0.13891445731957264,0.22139017074325035,1.887254671868542,0.0020293333333333413,0.00782333333333336,0.2,0.24659880820484995,2.595056666666663,0.27232825860347887,0.13995950398495585,0.07748899758222028,1.8248221379285827,0.17300377777777756,0.4560822915603928
163,0,0.06666666666666667,0.3876774740151781,2.2629499999999947,0.25217926715460687,0.16429416733657842,0.204393860427338,1.5294458578249774,0.150863333333333,1.127203678940918,0.06666666666666667,0.016117194175609195,0.007700000000000002,0.2716459360944605,0.1408064611221388,-0.16904545263517198,1.7371904936331306,0.0005133333333333334,0.0019482296107071826,0.5,0.04066666666666675,0.06430999999999995,0.28600855319529533,0.1577375429079754,-0.16551514917317686,1.6189061315680646,0.00428733333333333,0.012403333333333382,0.23333333333333334,0.02931603665505318,0.036723333333333455,0.26574779463426224,0.133082677667462,0.12617761516075038,2.055940688114086,0.002448222222222231,0.0064457250387031624,0.43333333333333335,0.3478876673463683,3.5256800000000004,0.2686358756059279,0.14968988934328956,-0.018344441052468994,1.628431408395297,0.23504533333333336,0.9076937181877304
164,0,0.06666666666666667,0.26372649600358405,1.9319533333333365,0.24337816130622053,0.16236080086411256,0.34763849295844984,1.6499732375837284,0.1287968888888891,0.5216374852074633,0.23333333333333334,0.01395214963258899,0.00737,0.24814234290899598,0.14256691780525566,0.14656801263781644,1.9266229659708065,0.0004913333333333333,0.0014599685952761483,0.5,0.051333333333333245,0.07502999999999987,0.29874069992585073,0.15338749432091425,-0.29501680970314625,1.8059778090653658,0.005001999999999992,0.019763333333333265,0.13333333333333333,0.029791717419223363,0.02998000000000004,0.22008078184607913,0.1202256480887002,0.35616533196615585,2.3080680290903324,0.001998666666666669,0.006656598200901425,0.2,0.35727832690928724,5.074460000000002,0.2323124450449753,0.13388582845236335,0.1843226155473506,2.096913505642098,0.33829733333333334,0.9573585215932464
165,0,0.06666666666666667,0.1785424222615294,1.5113400000000023,0.24043804755252446,0.15162823523856866,0.18715867090154886,1.6376754203223032,0.10075600000000016,0.23908047410260697,0.03333333333333333,0.010672526039602774,0.004693333333333333,0.2140005817808663,0.12918017101261076,0.2235160259436558,1.9133120182272256,0.00031288888888888886,0.0008542710904949944,0.36666666666666664,0.03403563335802518,0.040809999999999985,0.2881269365577497,0.13572202381098528,-0.4523714499969396,1.9376856253025119,0.0027206666666666655,0.008688182535614373,0.13333333333333333,0.02471274552032997,0.026593333333333323,0.2050554818669797,0.11932756739017915,0.3931365358637754,2.119634924184454,0.0017728888888888885,0.0045803984336444175,0.06666666666666667,0.32561398184837315,4.1017,0.21925398398065593,0.12890831478063938,0.19534644763368753,1.9449992049386078,0.2734466666666667,0.7951834888136451
166,0,0.06666666666666667,0.19543968953025462,1.7022166666666665,0.22788007273637081,0.14252527233071866,0.3030204878049832,1.849373295282522,0.11348111111111112,0.28647504182761735,0.06666666666666667,0.012833877894109558,0.005789999999999997,0.24934675632077505,0.13830369703394857,-0.01049093438264025,1.9787735233825754,0.00038599999999999984,0.0012353131635068548,0.5,0.022666666666666776,0.026820000000000052,0.29057854500988833,0.14376891548095055,-0.22499695616864523,1.854772225183792,0.0017880000000000036,0.00385333333333337,0.1,0.02541868503062442,0.026946666666666716,0.26415664271727046,0.13999072876115848,0.18144962196637274,1.9212774143406808,0.0017964444444444473,0.004845821615145675,0.43333333333333335,0.22079897709257873,2.3717600000000014,0.26883026274836724,0.1476548200774231,0.06622688420406003,1.6592897020316981,0.15811733333333347,0.3656414121384683
167,0,0.06666666666666667,0.2306156794465456,1.9646800000000093,0.23180962671769034,0.14939578466417666,0.26045021867077817,1.8661018094702562,0.1309786666666673,0.3988769370494391,0.26666666666666666,0.017704766990184802,0.008956666666666663,0.2445697077122037,0.1375707219861883,0.13494678494559945,1.8687982954839948,0.0005971111111111109,0.002350940806325531,0.06666666666666667,0.02037179079297771,0.015710000000000064,0.2797036868996104,0.1456516865975456,-0.19532576726155929,1.7268215427302815,0.0010473333333333376,0.0031125739508463856,0.4666666666666667,0.032822849007603336,0.030806666666666753,0.26939501482088735,0.14840748754418348,0.03274603098423787,1.7145938820774942,0.0020537777777777837,0.008080045627319456,0.4666666666666667,0.3174228242875509,2.880720000000006,0.2700897646575928,0.1404066178605142,0.1802146445087264,1.7481350120250494,0.19204800000000047,0.7556793703401408
168,0,0.06666666666666667,0.3748758173250876,2.0370366666666753,0.23390590657322946,0.14400597668288803,0.21391116183998626,1.7934129578636973,0.1358024444444451,1.0539890881136433,0.06666666666666667,0.01453765804303466,0.008100000000000003,0.2573605642568052,0.1269192318185818,0.08507635997989664,2.14110922238283,0.0005400000000000003,0.0015850762603215774,0.3,0.028129696396265547,0.029136666666666602,0.27572104477186116,0.14766875494768325,-0.0861364783789045,1.8185194863652137,0.0019424444444444398,0.005934598645095561,0.5,0.03800000000000002,0.032283333333333386,0.2824780931910692,0.16955874940723883,-0.1121676907492952,1.5153669305133375,0.002152222222222226,0.01083000000000001,0.03333333333333333,0.27358927713229075,2.762126666666675,0.25434990399210006,0.15786870138020423,0.1608944685476915,1.7105585018089506,0.18414177777777835,0.5613831942132704
169,0,0.03333333333333333,0.27503785549378,1.7480666666666687,0.213173438060656,0.15861630643538546,0.39588287869071587,1.6711054638825764,0.11653777777777792,0.5673436646596307,0.4,0.016382032638889918,0.010503333333333333,0.2697532848687209,0.1467599352567013,-0.1327139452746966,1.7010624078057761,0.0007002222222222224,0.002012782450362409,0.3333333333333333,0.023447340526758703,0.0301033333333333,0.27437228079410997,0.13777484228407794,-0.07248164821695494,1.9186627412471782,0.0020068888888888866,0.004123333333333359,0.3333333333333333,0.017486502731472016,0.013283333333333387,0.24201023169927088,0.1355719224795471,0.1605277628678461,1.8918669836015005,0.000885555555555559,0.002293333333333337,0.1,0.3132064146787103,2.5466700000000033,0.22648604086550903,0.1529031713065976,0.25538782890138934,1.544089793608519,0.16977800000000018,0.7357369364691918
170,0,0.36666666666666664,0.1373960964598825,0.9857499999999986,0.2814113123870656,0.1410605275993786,-0.15555789004667953,1.93079006852,0.06571666666666656,0.1415826549181,0.03333333333333333,0.08447499580052888,0.07827333333333332,0.15920375311697743,0.1375867677162991,0.9412224888357167,2.7164323320377934,0.005218222222222222,0.05352018686624529,0.5,0.03866666666666679,0.038540000000000234,0.2847492085402114,0.15365582071744094,-0.09519711545172203,1.780418652285352,0.0025693333333333492,0.011213333333333405,0.13333333333333333,0.01749907441392782,0.01591666666666678,0.2440746933213634,0.14002809027799934,0.2540183372488868,1.9218223566082735,0.0010611111111111188,0.0022966320400813743,0.06666666666666667,0.37969277995678274,3.2952766666666697,0.23699139111521483,0.15645016627780015,0.2562880885925367,1.501585017481683,0.21968511111111128,1.0812495536348237
171,0,0.03333333333333333,0.3478727647548649,2.4369333333333323,0.21978290065681308,0.144752117126704,0.26808030884238293,1.8785184859168786,0.16246222222222217,0.9076159534364518,0.03333333333333333,0.06875982836894516,0.0472,0.16830843218118668,0.1492088817460783,0.8646577059478544,2.4215935654071767,0.003146666666666667,0.035459354979950966,0.03333333333333333,0.1579753932825047,0.2680100000000002,0.18615329191749988,0.15223506548963314,0.5738804947860774,1.9206316548055804,0.017867333333333346,0.18717168662071523,0.03333333333333333,0.05138549592677411,0.05271999999999992,0.22460883553969035,0.13756461708030537,0.1824504436361205,2.020638670898806,0.0035146666666666607,0.01980351893730389,0.03333333333333333,0.6516918423527975,7.853416666666677,0.20515455338305483,0.14392209806814169,0.43876767024032975,1.948480166328738,0.5235611111111119,3.185266930418877
172,1,0.43333333333333335,0.28024747193211486,2.7317500000000026,0.25978670467709797,0.15251195703317003,0.02579176099182155,1.7363025958524885,0.18211666666666684,0.5890398414325613,0.03333333333333333,0.07901871272441997,0.08636999999999999,0.17908358083025483,0.1530663313351486,0.8223001447162267,2.266696513283775,0.005757999999999999,0.04682967720468308,0.03333333333333333,0.19461485576606521,0.5862633333333329,0.18159884698216186,0.14144228588328556,0.6579116534481998,2.1766193409790073,0.03908422222222221,0.2840620656363477,0.03333333333333333,0.1157517678367211,0.2105500000000001,0.2143268711929178,0.15197509102500092,0.2785011948877577,1.7466829197395892,0.014036666666666673,0.10048853817994637,0.1,0.6295017619659211,13.45513000000001,0.2235901209727531,0.13125572125312593,0.3685740847441824,2.0203744158996186,0.8970086666666673,2.972043512386494
173,1,0.03333333333333333,0.9665849319342958,20.19991666666666,0.2056107478639711,0.14520699959928654,0.45650513060410697,1.93749725603146,1.3466611111111104,7.007148229818204,0.03333333333333333,0.35023194638792926,1.3945500000000004,0.18028851523382924,0.1596118638369685,0.8225053985816821,2.188278540521716,0.09297000000000004,0.9199681220300804,0.03333333333333333,0.4545950528725818,5.2811799999999955,0.22291919994197218,0.15481579130766335,0.3590588272372169,1.7342484643715317,0.35207866666666643,1.549924965721691,0.03333333333333333,0.20368052994985114,1.0755299999999997,0.21462449337770598,0.15130957577920748,0.42987622927083463,1.8134082855883202,0.07170199999999996,0.31114318710489164,0.03333333333333333,2.43155945168356,100.95580000000001,0.2086983750201543,0.15815744772139048,0.6010236946654332,1.992611084743836,6.730386666666666,44.343610253037404
174,1,0.03333333333333333,1.5053105235729045,64.19233333333334,0.2543441038807877,0.15386443155826435,0.08894869374118705,1.7600964722905965,4.279488888888889,16.994698292844987,0.03333333333333333,0.2226126123109701,1.1048966666666669,0.2283001082513754,0.15455099603894784,0.3722046623241479,1.8563899522291283,0.0736597777777778,0.37167281369935706,0.03333333333333333,0.7912007587783294,18.283880000000003,0.25932241544087975,0.157993782689264,0.05946089573853203,1.6684995957021045,1.2189253333333334,4.694989805185531,0.03333333333333333,0.3477113921937874,2.8216499999999995,0.2480217299196331,0.15622032547952056,0.14692628660012594,1.750625898408286,0.18810999999999997,0.9067740919600638,0.03333333333333333,2.888749772213527,218.17131666666663,0.2515255689645616,0.15541673432927325,0.09585761866143953,1.685834091135349,14.544754444444438,62.58656434847778
175,1,0.4666666666666667,1.1253842917859131,55.22361000000006,0.2944922574611819,0.13159391783681781,0.007486696608701114,1.8927446779509014,3.6815740000000043,9.49867353148861,0.4666666666666667,0.1626870872717419,0.9340000000000002,0.250014291505644,0.15238267830390673,0.21975483003353466,1.6806380807337788,0.06226666666666667,0.1985031627372252,0.4666666666666667,0.7259469884735643,14.975650000000002,0.28529633699928314,0.14039280743978974,-0.01919069913191359,1.7621266804792697,0.9983766666666668,3.9524927255537796,0.4666666666666667,0.2655286032529285,2.4083599999999996,0.26598007746601915,0.1476452922860282,0.10251850760445973,1.7600286324109513,0.1605573333333333,0.5287907935908832,0.4666666666666667,2.8048557960152802,191.00717,0.2711707941169241,0.14502619405689696,-0.004818522369825496,1.727422688408695,12.733811333333334,59.004120273303826
176,1,0.43333333333333335,1.1902982636345123,60.93606999999991,0.2786135380322454,0.14236598080178042,-0.23362359686591447,1.882270891139505,4.0624046666666604,10.62607467308501,0.03333333333333333,0.44846058980209674,2.5544133333333336,0.20510023458760443,0.1527643207989263,0.4133489491177476,1.8428393850790583,0.17029422222222224,1.5083767545423334,0.43333333333333335,0.6141670060918504,15.792053333333333,0.2649899348949076,0.14327951944838316,-0.13850788357778213,1.7952435824342825,1.0528035555555555,2.829008335288702,0.03333333333333333,0.28973496212196065,2.7980333333333327,0.2504245715496143,0.14529035069552107,-0.009491515963198043,1.7364008778354794,0.18653555555555554,0.6295976120686047,0.03333333333333333,3.350086396382073,271.67423333333335,0.24953858736827741,0.14900190773438565,-0.04069600672125814,1.6903597650754085,18.11161555555556,84.17309147418169
177,1,0.03333333333333333,1.383250684280342,62.55884999999995,0.26657071177043146,0.15325382559283637,-0.04288810384833334,1.7671990703326388,4.170589999999997,14.350368416715261,0.03333333333333333,0.1655195979953951,0.8360833333333332,0.21827012896536338,0.1455538106939205,0.5574044167285043,2.2286352568331704,0.05573888888888887,0.20547552990417897,0.03333333333333333,0.6893663638980745,15.270433333333335,0.2550984989942411,0.1491545166553809,0.05174013144365004,1.8136012309154526,1.018028888888889,3.5641948775553938,0.03333333333333333,0.3276764740711143,2.5421566666666675,0.2321768520842913,0.15307858044784953,0.28734443314023134,1.7837368894095842,0.16947711111111116,0.8052890374475823,0.43333333333333335,2.390787384787621,233.27138999999983,0.23500177548089976,0.14564560421379072,0.3597457363604151,1.9036255094537184,15.551425999999989,42.86898239444724
178,1,0.03333333333333333,1.2713922347792483,88.63483333333343,0.24594070830499892,0.14372267973884592,0.12298893395090893,1.7338622296209212,5.908988888888897,12.123286609927284,0.03333333333333333,0.3884774378476462,2.620546666666666,0.1978240768459249,0.15213157083980328,0.6382475268657432,2.0318251653037342,0.17470311111111103,1.1318603978750386,0.03333333333333333,0.8087815694030125,23.535010000000007,0.23464210123924253,0.14750014364596076,0.24328218814955296,1.719473370053595,1.5690006666666667,4.905957202545,0.03333333333333333,0.3545932732294541,3.9455333333333336,0.2311947499873152,0.1459559750791773,0.23827239582717957,1.7275954254734003,0.26303555555555563,0.9430229206468375,0.03333333333333333,3.724777752111395,396.20414999999986,0.2297640924847873,0.15033993779226287,0.29530404699497065,1.7838355857203017,26.413609999999995,104.05476976968014
179,1,0.2,1.6750838062640947,84.13048000000009,0.24566511684805317,0.13484084331118862,0.061563999688401025,1.8578252837896896,5.6086986666666725,21.044293185061555,0.03333333333333333,0.4102891882148842,3.214399999999999,0.2214159986187826,0.16501578541094264,0.3497260874257393,1.6169290039973474,0.21429333333333325,1.262529134745215,0.13333333333333333,0.6820369228483559,20.309829999999998,0.24724089333287572,0.14851168384414679,0.12494640277112973,1.6874848056249254,1.3539886666666667,3.4888077309634067,0.03333333333333333,0.3551885159666825,4.231749999999998,0.21350956869514987,0.14241046902668877,0.38455573093924206,1.8170494559357253,0.2821166666666666,0.946191614059607,0.03333333333333333,3.8000606204335394,462.2803333333333,0.23331928513499342,0.1493281962182474,0.1504739435679283,1.6589848121412456,30.818688888888893,108.30345539227302
180,1,0.23333333333333334,1.4457332585508307,85.18408333333336,0.2556271744953831,0.14948907277477325,0.11566500041563194,1.758949989198779,5.678938888888891,15.676084911600022,0.06666666666666667,0.22337625040123832,2.4090633333333336,0.23140231857699048,0.14450426353302842,0.29451689096639316,1.866326004026932,0.16060422222222223,0.3742271193248754,0.23333333333333334,0.7240838869876187,22.890670000000004,0.2406547312749057,0.15015216102696624,0.28750043279769677,1.889182340264594,1.526044666666667,3.9322310654632404,0.06666666666666667,0.35349336111866503,4.324506666666666,0.22984694748591555,0.1524530626653345,0.35894178576543345,1.8141760417647552,0.2883004444444444,0.9371816726622819,0.23333333333333334,3.670073459489253,456.0292366666668,0.2514547626393325,0.1405901262911008,0.1334594296066772,1.8562165267400987,30.401949111111126,101.0207939853556
181,1,0.2,1.945079235282468,130.23908999999998,0.26061996030762485,0.1510424513652432,0.06590038607963507,1.7844954555873325,8.682606,28.374999236452727,0.03333333333333333,0.42197816450668224,3.595623333333333,0.2338298463534692,0.15854637720549714,0.25290386542556653,1.7858250516801262,0.23970822222222218,1.3354917849032144,0.5,0.7460000000000001,22.890583333333336,0.24179162509912028,0.15217234018680734,0.33617342852800414,1.9266852633085572,1.5260388888888887,4.173870000000001,0.03333333333333333,0.4497559084679412,5.514633333333334,0.23577849078246227,0.1559155333035775,0.25549419155392133,1.7099236415555095,0.36764222222222226,1.5171028290136732,0.03333333333333333,4.124545898055986,550.6555233333335,0.25657948007263615,0.1438591400287526,0.04119560262527644,2.016596773648213,36.71036822222222,127.58909148877848
182,1,0.03333333333333333,1.7044301824032826,132.4754599999999,0.26183367571783955,0.14818200654653607,0.07071318527071226,1.8302557611853894,8.831697333333326,21.788116850154655,0.03333333333333333,0.48913721289209217,4.4638100000000005,0.23771730330536756,0.15348893924643733,0.15843256562765992,1.7658030343779931,0.2975873333333333,1.7944140977688294,0.03333333333333333,1.005885593679902,25.753473333333332,0.2498005482234354,0.1547996068541107,0.08696500325287745,1.684015350116727,1.716898222222222,7.588543706795769,0.03333333333333333,0.4423675407494822,5.057249999999998,0.24486229092292122,0.1574515907784026,0.07882705594990336,1.5736310711693133,0.3371499999999999,1.4676678083155859,0.03333333333333333,4.640134666401178,547.6082966666664,0.2275264906217305,0.1478252849971161,0.311407923923989,1.9885489191672179,36.50721977777776,161.4813729175348
183,1,0.26666666666666666,1.44700197900783,103.83620000000005,0.2365820862042113,0.1385692606712937,0.1436809057924909,1.7812078961820326,6.922413333333336,15.703610454394322,0.2,0.21665691154743597,1.5076966666666667,0.24407861612765872,0.14901900349062144,0.1052822305013081,1.7286660450213385,0.1005131111111111,0.35205162990955124,0.03333333333333333,0.7346607674398825,14.151299999999992,0.2526794109150095,0.16863189870932785,0.0867005230560651,1.4384419433678208,0.9434199999999995,4.047948324115179,0.03333333333333333,0.39982209977303995,3.8021,0.24613980229747787,0.15956056407454247,-0.007411599099330643,1.4637225673634882,0.25347333333333333,1.1989328360019202,0.3,2.8450225717844426,326.3597499999996,0.22911296091448752,0.13047271139512878,0.2282971467037587,1.9314931893616583,21.757316666666643,60.70615075472224
184,0,0.06666666666666667,0.4369614375610367,2.61665,0.22976566118209904,0.14734296239089673,0.268475621852368,1.8132659125851596,0.17444333333333334,1.4320147343655587,0.03333333333333333,0.01644304945408514,0.013216666666666668,0.26253557928324606,0.15599792360843112,0.01400291344721399,1.6601908840983393,0.0008811111111111113,0.0020278040651211717,0.06666666666666667,0.05239480206593696,0.06157999999999989,0.228899264780081,0.13709807740539354,0.14233309915647452,1.7192435493109681,0.004105333333333326,0.020589114626465344,0.4,0.02894486318830014,0.021990000000000003,0.29546076956004375,0.13114045536509558,-0.31511069119970625,1.8435476265978066,0.0014660000000000005,0.006283538287420594,0.2,0.3774801401536324,4.424329999999996,0.2678982875353788,0.13656948061781624,0.0876334353295188,1.800687439377513,0.29495533333333307,1.0686844215780449
185,0,0.03333333333333333,0.3655968002694809,2.4384499999999996,0.2094996977930081,0.14324096916351176,0.1797129027310852,1.6366045344510016,0.16256333333333328,1.0024576527546203,0.13333333333333333,0.02102119044752223,0.014300000000000004,0.2502869528412679,0.14655658101178792,0.14592056858412467,1.678245319029854,0.0009533333333333336,0.003314178358732499,0.1,0.05279949309670808,0.07224666666666678,0.2380187966764378,0.1419692835556428,0.08524482471550679,1.5326887642012474,0.004816444444444452,0.020908398534519933,0.4,0.03221791099311031,0.028680000000000084,0.3037285395652285,0.14059267504552844,-0.4354821211809616,2.1063504868407628,0.0019120000000000053,0.007784953415699836,0.5,0.47066666666666634,5.03259999999999,0.291859896280631,0.1510056202017003,0.05890122510778186,1.6784145377690325,0.335506666666666,1.661453333333331
186,0,0.06666666666666667,0.3298647324489759,1.5711066666666624,0.20587561287003092,0.14471312496056082,0.46204039870468394,1.956096213737091,0.10474044444444415,0.8160805628522585,0.13333333333333333,0.014872428001775032,0.01191,0.24983450400797358,0.1307242129367571,0.13529898718758956,1.8343310897388512,0.0007940000000000001,0.0016589183600098656,0.13333333333333333,0.03831828308022988,0.05699000000000001,0.2553157438022973,0.12567059496848212,0.04666721408357874,1.9834121411965933,0.0037993333333333347,0.011012181136624737,0.16666666666666666,0.0232474610322169,0.028846666666666746,0.2921343475298372,0.14028904022434074,-0.18985672126731162,1.8810479699840583,0.0019231111111111165,0.004053333333333324,0.1,0.422187761698347,5.050999999999998,0.24230264262889836,0.14216515777389355,0.3486794217189421,1.8013385811479405,0.3367333333333332,1.3368187959589515
187,0,0.03333333333333333,0.28080816655642243,1.905249999999988,0.2378837825492262,0.1588517073446262,0.14311816412609626,1.5515219117530987,0.12701666666666583,0.5913991980358462,0.23333333333333334,0.02085596875823336,0.009606666666666666,0.24626643582713054,0.14020991955720155,0.2876543871423906,1.9405626769370468,0.0006404444444444446,0.003262285746333045,0.16666666666666666,0.04001666319589034,0.042429999999999864,0.2252823596296039,0.1180227469352193,0.5009194733435249,2.588791008162952,0.002828666666666657,0.012009999999999932,0.2,0.026957715705887293,0.03654000000000007,0.29050650479753076,0.15510476839515494,-0.20048936190471353,1.6394849722442963,0.002436000000000005,0.005450388270595819,0.4,0.4214524366691976,7.158939999999999,0.25083790707079345,0.14354282758638176,0.06658329506433978,1.6997574034459526,0.47726266666666656,1.3321661728080305
188,0,0.06666666666666667,0.2524122679370637,1.816459999999994,0.22900890306876956,0.15691962606419052,0.24855703183103176,1.533180053486774,0.12109733333333293,0.47783964753849023,0.26666666666666666,0.01857023569969391,0.014659999999999996,0.23066151390525058,0.13214913209118823,0.30241167862091134,2.115234821853671,0.000977333333333333,0.0025864024045663967,0.06666666666666667,0.03837936381086186,0.04105999999999987,0.2339010766641194,0.1461879559061721,0.32004064988138387,1.6448880069371279,0.002737333333333324,0.011047316748948701,0.06666666666666667,0.0269348472908811,0.03819666666666667,0.2696404818470359,0.15033372705601913,-0.0804334677757374,1.5996452128973786,0.0025464444444444445,0.0054411449893731366,0.4,0.5081196833206344,7.405449999999998,0.2874201487096743,0.1482637593951435,-0.25032249345983926,1.7374862527003039,0.49369666666666656,1.9363920943339639
189,0,0.5,0.24266666666666764,1.9086666666666703,0.2648613137080444,0.16135874365453726,0.05232160639639845,1.5861206794020049,0.12724444444444466,0.4416533333333369,0.06666666666666667,0.018557310864486146,0.01699,0.23824967585964102,0.1450168040391565,0.20877619539734135,1.8901968911133207,0.0011326666666666666,0.002582803398908817,0.4666666666666667,0.04538400883601103,0.06634999999999992,0.2667445367858439,0.15783373277498974,-0.03969719957158341,1.547087205113434,0.004423333333333329,0.015447811935203453,0.43333333333333335,0.028182307757026875,0.03805666666666667,0.29059100780120056,0.14954885528422127,-0.3101066483734208,1.750631897314911,0.0025371111111111106,0.005956818528838329,0.4,0.33918805404495184,4.939229999999999,0.27123605714806254,0.1454152438469265,-0.008891530239688623,1.6672035877450115,0.32928199999999996,0.8628640200510088
190,0,0.03333333333333333,0.18377884609696224,1.3307700000000011,0.26282015640086537,0.15764414297726762,-0.1521120785323763,1.5651462595985377,0.0887180000000001,0.253309982045482,0.06666666666666667,0.01779917537338819,0.009000000000000001,0.24594620456500305,0.14950871956432527,0.16673302102119417,1.7448271755578568,0.0006000000000000002,0.002376079829794714,0.5,0.0526666666666669,0.09901666666666697,0.27975189665755834,0.167679242091468,-0.21842264375550793,1.5578827338494288,0.006601111111111131,0.02080333333333352,0.36666666666666664,0.04334227486912688,0.042789999999999946,0.2525736677774311,0.15771764180826098,-0.037424349822891494,1.5807826919089643,0.002852666666666663,0.014089145931232108,0.4666666666666667,0.35513774149818245,6.187630000000002,0.2804600112231271,0.14598779439415815,-0.006331026422428873,1.6695453823621969,0.41250866666666675,0.9459211157732241
191,0,0.06666666666666667,0.20211507996592637,1.1507500000000013,0.2461132522950864,0.15208453146688267,0.06939288364472664,1.5961002649942293,0.07671666666666677,0.3063787916222461,0.13333333333333333,0.015245294508890657,0.010276666666666667,0.2258835347662591,0.13583275889489307,0.4357964848172618,2.1580338366813967,0.0006851111111111111,0.0017431425349710872,0.06666666666666667,0.0440777679717438,0.07573666666666704,0.2539708133992759,0.1550942365787659,0.03253266381169158,1.6150595855031764,0.005049111111111135,0.014571372220281627,0.26666666666666666,0.02954753814472389,0.039879999999999936,0.26121294169428044,0.1468676183273925,0.016512983499013426,1.8468236315488866,0.002658666666666662,0.00654792757810435,0.06666666666666667,0.38286644523373303,6.482600000000005,0.26607537757501853,0.14131061201812045,0.06177655704229515,1.7310090315508102,0.4321733333333338,1.099400361644363
192,0,0.03333333333333333,0.2239428845365369,1.4557933333333355,0.23703380504493277,0.1413406923680618,-0.024241417503810748,1.7113867128354063,0.09705288888888904,0.37612811650908523,0.06666666666666667,0.02493177832731495,0.012733333333333333,0.23297684951772266,0.14589351195199593,0.46372818595633414,2.026277044386953,0.000848888888888889,0.004661951779217786,0.03333333333333333,0.03751501591074331,0.05137999999999991,0.23360122997426458,0.1387138158647186,0.05953428133238075,1.7730899239354276,0.0034253333333333275,0.010555323140874928,0.23333333333333334,0.03541811041507747,0.03573333333333342,0.26552400159570544,0.14085188156581788,-0.11486014703469645,1.8792978043768584,0.002382222222222228,0.009408319090309644,0.3333333333333333,0.3406392683046264,3.6742433333333353,0.2846247696333903,0.14339130997181282,-0.2085347393270538,1.7799629783296624,0.24494955555555567,0.8702633333333344
193,0,0.06666666666666667,0.2277965558749834,1.7926400000000013,0.22164292120345075,0.14462479760129346,0.3071270582505156,1.9082837083486144,0.11950933333333344,0.38918453151378324,0.03333333333333333,0.11262354619688568,0.12645000000000003,0.13592377144515813,0.12670614724208742,1.130746307409326,3.025974541862884,0.00843,0.09513047368471533,0.03333333333333333,0.07401354464859233,0.09156666666666674,0.22149911897666064,0.14041531663906473,0.03060127576053222,1.7118543764881982,0.006104444444444448,0.04108503593586878,0.03333333333333333,0.034902514848226,0.05330000000000022,0.2663319296166309,0.152153847654222,-0.06356240939281572,1.809633158804392,0.003553333333333347,0.00913639157047977,0.03333333333333333,0.5801973634180289,7.5673499999999985,0.24013956641006365,0.16149684663947708,0.14323443062612876,1.6077331202147596,0.5044899999999999,2.5247173538792422
194,0,0.06666666666666667,0.3485423928673032,2.8138799999999895,0.2681998334789817,0.15267016991966764,0.05152981800240615,1.6152003423880692,0.18759199999999926,0.9111134971924915,0.03333333333333333,0.08319246016556468,0.08084999999999998,0.19937410925541252,0.1636402819652552,0.418022014546572,1.5798522060769549,0.005389999999999997,0.051907390712992996,0.03333333333333333,0.1678072119539952,0.39208333333333323,0.18912788676028844,0.14950111005190045,0.5423957804755365,1.8167579723251313,0.026138888888888885,0.21119445287829802,0.03333333333333333,0.0714295625105521,0.11161666666666671,0.24173358280484294,0.15373444344254816,0.16594721646352667,1.8525201687321748,0.0074411111111111145,0.03826636800336653,0.03333333333333333,0.7272130208536572,12.928199999999988,0.22301445708361065,0.15738715360938305,0.39799024375909536,1.8113269415638813,0.8618799999999992,3.9662908327432627
195,1,0.03333333333333333,1.2096634611243537,24.502199999999984,0.1747765695387862,0.1335340312105526,0.6590593527749615,2.128844854640305,1.633479999999999,10.974642668845132,0.03333333333333333,0.2806730736577711,0.9468233333333335,0.15013871054119773,0.13457547219688143,1.18311123248648,3.2848563739145766,0.06312155555555557,0.5908303070737547,0.03333333333333333,0.6242047931801791,7.105063333333333,0.1747537621691866,0.14119053589485772,0.8725039829394134,2.4835095288324354,0.47367088888888886,2.9222371787183263,0.03333333333333333,0.23758837032631147,1.0672666666666666,0.16991377821324513,0.1319082628479092,0.8245884571296681,2.4802540166280953,0.07115111111111112,0.42336175285734384,0.03333333333333333,2.689942849388189,119.67047666666666,0.1853984747257677,0.15680393000899728,0.792586561074008,2.1370997782223267,7.978031777777778,54.268443997309866
196,1,0.03333333333333333,2.1235944866811516,75.25117999999996,0.2073451764592167,0.1539927275960347,0.5695128799035273,2.1296535897862916,5.016745333333331,33.82240157896938,0.03333333333333333,0.377611233316126,2.01233,0.18772770795191168,0.146144980487418,0.6951648957798162,2.2722749907362254,0.1341553333333333,1.069426826448943,0.03333333333333333,0.9205175728784274,17.307296666666666,0.20716109783172892,0.14601790240945886,0.5697563892778388,2.226110651904279,1.1538197777777777,6.355144514834931,0.03333333333333333,0.41347740110390657,3.1987700000000014,0.2027447242194425,0.14562302816564085,0.5887603733907948,2.26237027952006,0.21325133333333338,1.282226709177306,0.03333333333333333,3.474031789355304,232.27449333333334,0.19661630010638134,0.14174382353682616,0.583995325556297,2.1679716879202537,15.484966222222225,90.51672655088412
197,1,0.5,1.324666666666666,38.85559666666667,0.28216334455488706,0.14982024705967006,0.08376790700042498,1.7611747801343436,2.5903731111111115,13.160563333333322,0.2,0.1426442773999323,0.6652333333333335,0.2527344689647483,0.14468056937184345,0.24418634710986448,1.8824703085765726,0.044348888888888896,0.1526054240621163,0.2,0.5399772240693974,9.111023333333332,0.2613989669920256,0.14935510609847602,0.23388989560437715,1.869607997348053,0.6074015555555554,2.186815518852691,0.5,0.23199999999999996,1.6943133333333333,0.26352552224460635,0.14526478251528813,0.27690707615706095,1.9504024773066528,0.1129542222222222,0.4036799999999999,0.5,1.6253333333333335,117.37734000000003,0.2573956703861999,0.1466294515533612,0.2206538371433506,1.842932047269698,7.8251560000000016,19.812813333333338
198,1,0.03333333333333333,0.9995669915343378,47.36434999999995,0.24140072882722158,0.14834712360811442,0.16331274174241645,1.7805138618516372,3.157623333333331,7.493506279237553,0.03333333333333333,0.5417661852797944,3.512149999999999,0.17720439375400907,0.14732271314505016,0.7433410864877855,2.3206302129304146,0.23414333333333323,2.2013294963446537,0.03333333333333333,1.0208801448256495,17.33293333333334,0.197483880612678,0.13918004481653784,0.3625996126718848,1.8620637219437406,1.1555288888888895,7.816472025744294,0.03333333333333333,0.3696248481578621,2.7597299999999994,0.22070170768800737,0.15362038679104464,0.3142887035387031,1.734878745816855,0.1839819999999999,1.0246689628179197,0.03333333333333333,5.3167703731882785,344.92280666666653,0.18030758656450607,0.14182946961414147,0.6105773589389812,2.100222008170258,22.994853777777774,212.0103540090947
199,1,0.1,1.8009509594270623,102.23363666666671,0.1883822668696419,0.1314843112895904,0.7547431932535877,2.527204037477299,6.81557577777778,24.325682686959418,0.03333333333333333,0.21330164277038163,1.17897,0.19387848325362486,0.12631298729034612,0.5000289898779365,2.365173978822426,0.07859799999999999,0.34123193106407623,0.03333333333333333,0.7518995823658385,16.620740000000005,0.19230196968074803,0.13060201180260927,0.6378354087815961,2.377899349901906,1.1080493333333337,4.240147364714418,0.03333333333333333,0.3784386668478254,3.9277333333333337,0.20670880025968766,0.1409710660735234,0.5180294427809312,2.0844653192135385,0.2618488888888889,1.0741186842416957,0.03333333333333333,2.8613640161733307,220.38181999999992,0.20437363405474726,0.1381929906793848,0.6208052629116434,2.4158027000872537,14.692121333333326,61.40553024788679
200,1,0.03333333333333333,2.1379976310085946,92.14211,0.20303948425770185,0.14287207998637635,0.5068106542251098,2.1272814058608307,6.142807333333335,34.28275402648772,0.03333333333333333,0.47540906632599655,3.0016133333333332,0.1816999321052997,0.13998974499281308,0.7500626907948712,2.5143925747968354,0.2001075555555555,1.6951033525871686,0.03333333333333333,1.1362087494998223,18.86668333333333,0.19772893742126202,0.1427425056901165,0.5461655901047401,2.2071111743130265,1.2577788888888888,9.682277418299625,0.03333333333333333,0.4326423703181576,3.9112633333333333,0.20155313365532282,0.13925875278389335,0.5996728429874358,2.3843822355156417,0.26075088888888887,1.4038456544588536,0.03333333333333333,5.433287304271907,445.4889233333331,0.2048416029903573,0.14383765155472533,0.4595260807498524,2.143144955503153,29.69926155555554,221.40458198071718
201,1,0.13333333333333333,1.4016490099690442,76.4072133333334,0.2199670140608768,0.14255542349905462,0.3244790438086677,1.8463195219113884,5.0938142222222265,14.73464960360401,0.03333333333333333,0.5548583828118843,3.9942200000000003,0.1746731359962952,0.14484153867504107,0.8064849866547632,2.382950360908757,0.2662813333333333,2.309008687324646,0.03333333333333333,1.2317386146585938,23.467546666666664,0.19028899852101303,0.148583364945916,0.588034307943205,1.9870528676656525,1.564503111111111,11.378850111308042,0.03333333333333333,0.4500008235304086,4.201279999999997,0.1989041739049917,0.1360252436826523,0.3767899307446928,1.96511618397744,0.28008533333333313,1.5187555588353445,0.03333333333333333,4.162626784683458,361.5000200000002,0.2159265369261331,0.14912700257778053,0.22741875984980725,1.6034269745378606,24.100001333333346,129.9559631142311
202,1,0.03333333333333333,1.8277573599363175,96.91703666666666,0.1927566420339325,0.13011554219667,0.46019375792658795,2.041939024656474,6.461135777777779,25.05522725101033,0.06666666666666667,0.32611828812485233,2.731233333333334,0.20732299629126388,0.14928205597105582,0.6504676433374283,2.0992159860503983,0.18208222222222226,0.7976485338711315,0.06666666666666667,0.9402792737529091,24.27808999999999,0.20371544573627065,0.1460001584516689,0.5582195787225532,2.118563012063279,1.6185393333333329,6.630938344869737,0.03333333333333333,0.45889847357280505,4.8725000000000005,0.20197661139125603,0.14785085157037262,0.5209311411410983,1.973133690041714,0.32483333333333336,1.5794085678558787,0.03333333333333333,4.7074607750697535,624.2484100000001,0.2176941564930985,0.1468935429291107,0.3503027303183417,1.827305487227376,41.616560666666686,166.20140211615248
203,1,0.03333333333333333,3.3655433316754846,168.65465000000012,0.22424584611389115,0.16765504922908547,0.34958018917690575,1.6265278405029684,11.24364333333334,84.95161438038991,0.03333333333333333,0.6301381022829629,5.262079999999998,0.18620076577865632,0.150486980484711,0.7119401087276788,2.2243716567043887,0.35080533333333325,2.978055209615803,0.03333333333333333,1.6085095324596315,40.41665333333333,0.1956884376734558,0.14536129044554733,0.5665548085275809,2.089437424080897,2.694443555555556,19.404771870101268,0.03333333333333333,0.6860601465033562,6.23282,0.18014954637184494,0.13777365649121118,0.6780520031628737,2.3755153739328714,0.41552133333333335,3.5300889346515496,0.03333333333333333,7.42089495801913,888.2373666666666,0.19171069086848808,0.14272945105918927,0.5526049118209784,1.9945440855622811,59.21582444444445,413.0226148346531
204,1,0.03333333333333333,2.4727248554702754,149.94249666666656,0.22387013362423036,0.14564055304190365,0.21196363699323034,1.6883518034056568,9.996166444444436,45.85776158145371,0.1,0.4253410032438161,5.004066666666667,0.21100191992870254,0.15159648877666776,0.4351386402551849,1.7887128191496589,0.3336044444444444,1.3568622678034195,0.03333333333333333,1.2468771132839174,33.17806000000001,0.18906064218419122,0.14123322246197728,0.646558236499353,2.2252065017248768,2.2118706666666674,11.660269017234262,0.03333333333333333,0.6063017373718851,6.367009999999998,0.19612585456534648,0.14055700114172462,0.46279854678185806,1.9717686628711935,0.42446733333333303,2.7570134755512474,0.03333333333333333,5.172151166269832,745.7656966666668,0.20225938550040468,0.1458319853747097,0.500981795780884,1.8501856321528416,49.71771311111112,200.6336076505979
205,1,0.4,1.9032781625845658,158.75198333333313,0.24636343820082432,0.1549543175602717,0.08725553211800846,1.5696285115303228,10.583465555555543,27.168508231284605,0.03333333333333333,0.6483097774210582,6.854706666666665,0.19700249835040323,0.16708927610536323,0.6978512994236922,1.977231690680334,0.45698044444444436,3.1522917562480655,0.03333333333333333,1.4256669078987443,33.87384,0.18281750111771716,0.14894867904897074,0.6116105560600859,1.9865548366800807,2.2582560000000003,15.24394599208175,0.06666666666666667,0.6046426478683561,7.722930000000002,0.1928032163797361,0.15028037525171262,0.591353684835195,2.0106058650650955,0.5148620000000003,2.7419454871594264,0.06666666666666667,5.523991524112754,640.8198233333333,0.216918505074057,0.1522188765531489,0.3158916230584272,1.595043832032654,42.721321555555555,228.85861768852155
206,1,0.03333333333333333,3.109601229227069,281.71741666666657,0.24095321134412792,0.16642491623127917,0.08739414185554713,1.439462288880882,18.781161111111107,72.52214853607875,0.03333333333333333,0.6843130412935686,7.356066666666665,0.18989682249877138,0.15140655702068298,0.6646429244142233,2.0901129686066517,0.4904044444444444,3.5121325386334,0.03333333333333333,1.4325885432569323,46.66056333333334,0.21572646387228475,0.16211465293623106,0.4450064364882716,1.6915899669329497,3.1107042222222225,15.392324507032644,0.06666666666666667,0.6075908522072809,10.079656666666667,0.1962005470364871,0.14790440531839621,0.6139680032731659,2.00099587473098,0.6719771111111112,2.768749827644774,0.03333333333333333,8.913058635329428,1341.6075,0.19842585235141558,0.13978880681684736,0.4880822966656787,2.1284386902736414,89.44050000000001,595.8196067761535
207,0,0.06666666666666667,0.3238115930400227,2.1474166666666754,0.21767865944751008,0.1451021503555825,0.36291084403139345,1.8542183607007052,0.1431611111111117,0.7864046084033798,0.06666666666666667,0.016753760556971593,0.0076500000000000005,0.25338352639506534,0.15608506970367045,0.032886888320439976,1.5569226095532918,0.00051,0.0021051636960025284,0.3333333333333333,0.028728615235220384,0.03566666666666676,0.2579160327189201,0.13090261521907096,-0.03106923917173467,1.8583549701102162,0.0023777777777777838,0.006190000000000026,0.26666666666666666,0.02796715432406208,0.019709999999999984,0.25771087850563773,0.13192868203597943,-0.04162470225060298,1.9203490920555353,0.0013139999999999992,0.005866212907394283,0.03333333333333333,0.5592681384550865,5.589310000000008,0.2403412485514879,0.15577218290958098,0.105426564764541,1.7162794174582325,0.3726206666666672,2.3458563801826333
208,0,0.06666666666666667,0.2953533981675324,1.8955500000000085,0.22805116880690796,0.14399479987387157,0.22830895913643126,1.8498614683700128,0.12637000000000057,0.6542522235683171,0.06666666666666667,0.016582791360809517,0.007016666666666669,0.2634623480722915,0.14672826726314267,0.10731090668335196,1.6496635114854978,0.0004677777777777779,0.002062417269871041,0.06666666666666667,0.028687569759053688,0.022920000000000024,0.2564489586112553,0.15292541796090275,0.09764650618970552,1.7163948617227844,0.001528000000000002,0.006172324940104288,0.16666666666666666,0.02482829926604824,0.01873000000000011,0.23948741487153458,0.13119435345052888,0.1883331835583886,1.9855445729374464,0.0012486666666666746,0.004623333333333386,0.03333333333333333,0.3831734458040716,3.4836966666666767,0.22126352042282738,0.14262502695417406,0.21532836996345045,1.7935777562460706,0.23224644444444512,1.1011641717702436
209,0,0.13333333333333333,0.20006053901871967,1.5122933333333357,0.23038759585838656,0.1405167111884654,0.41710061038032004,1.9908680818680742,0.10081955555555572,0.300181644543455,0.23333333333333334,0.013276918953591142,0.004490000000000001,0.25857505811469106,0.1431695354845795,0.06533941076042997,1.8176817856428058,0.00029933333333333347,0.0013220743267517078,0.26666666666666666,0.023599119953118065,0.027273333333333257,0.2599949257323856,0.15121883776751455,0.07126477944445546,1.7984838282306885,0.0018182222222222172,0.004176888469212413,0.3333333333333333,0.03061590000854682,0.02936666666666683,0.2615520812013513,0.129220883272908,-0.08004508527837538,1.765107588093572,0.0019577777777777883,0.00703000000000003,0.03333333333333333,0.412941180103479,3.5111200000000045,0.23608552900693244,0.15368440579469445,0.2329983060045663,1.769469419484553,0.23407466666666696,1.2789031366894044
210,0,0.03333333333333333,0.1983831855709636,1.5091866666666665,0.23554468028659437,0.14471137235741904,0.25729759418285536,1.9244657191349976,0.10061244444444442,0.29516916237962537,0.23333333333333334,0.01497149105420561,0.00593,0.24419122932701182,0.1412772903665983,0.2667222041159946,1.9120749148177865,0.00039533333333333337,0.0016810915828961894,0.3,0.03088986650677032,0.03517999999999988,0.28503315352530806,0.15199008631299532,-0.143306370796734,1.6253014684482696,0.0023453333333333247,0.007156378896045679,0.23333333333333334,0.032770180124530084,0.03822333333333334,0.2855244935259365,0.1301460543793233,-0.05836638190877698,1.9900646182989115,0.0025482222222222226,0.0080541352904561,0.03333333333333333,0.4570255413148297,5.37845000000001,0.24257317649129445,0.1543783139555812,0.24694523657633055,1.8391054582114117,0.35856333333333396,1.5665425906058486
211,0,0.16666666666666666,0.19639755599293923,1.473323333333325,0.24030584028804755,0.13805880396190814,0.2912225226061444,1.9237115390371888,0.09822155555555499,0.2892899999999977,0.06666666666666667,0.016551862124887663,0.009049999999999999,0.21811622728194738,0.14167701744977476,0.2987474232161373,1.7496105179323902,0.0006033333333333332,0.0020547310485096804,0.3,0.02889825606532685,0.04043333333333328,0.2648662584743405,0.14608904041030996,-0.08601793493602612,1.7435233584418577,0.0026955555555555526,0.006263319027128999,0.23333333333333334,0.03357229161740883,0.02764333333333336,0.2728850924087165,0.12478742001534979,0.21377929878176546,1.9990651017498575,0.0018428888888888907,0.008453240733332543,0.5,0.41466666666666707,5.526346666666679,0.2581352362953127,0.1551559432839683,0.20319632078205602,1.7730413048220595,0.368423111111112,1.2896133333333357
212,0,0.06666666666666667,0.3048294639939427,2.155499999999992,0.21987930323054225,0.14164572739379555,0.3795253344851758,1.7874324762756089,0.14369999999999944,0.696907515891258,0.06666666666666667,0.020766196952878808,0.008366666666666665,0.22976903893448916,0.143726437306558,0.15966131591081503,1.644122022106547,0.0005577777777777776,0.0032342620191431483,0.03333333333333333,0.03553784735612556,0.043240000000000056,0.23351543867082286,0.13535695756715482,0.07420949266654359,1.8518253720563713,0.0028826666666666697,0.009472039460304603,0.13333333333333333,0.024019595443265818,0.028260000000000132,0.25228027102889533,0.1471211093499287,0.004443745879248433,1.6349863772133284,0.0018840000000000087,0.00432705723943617,0.03333333333333333,0.2866966073412142,3.2561966666666686,0.2471159303298537,0.14847605689509671,0.1264942711953909,1.8077056053885303,0.21707977777777787,0.6164620849572179
213,0,0.03333333333333333,0.3654245268225294,2.4533499999999964,0.20859306204074068,0.15729271317375626,0.5184848133479336,1.9171199372130507,0.16355666666666646,1.0015131360260212,0.06666666666666667,0.015552952502279017,0.006346666666666665,0.23375858601575183,0.1359476705508633,0.08034824244744801,1.754192183554397,0.000423111111111111,0.0018142074865361037,0.03333333333333333,0.032549053634053075,0.04071000000000015,0.2663957258941512,0.15506490930498829,0.039048585149492054,1.7711782627364774,0.0027140000000000102,0.00794580669354348,0.03333333333333333,0.034900287442498214,0.031820000000000064,0.22522168021238304,0.13763593279061487,0.046613445189068216,1.7424347366073056,0.002121333333333338,0.00913522547676749,0.13333333333333333,0.2858622179816619,2.6303600000000036,0.2358409213347433,0.124450038940279,0.004430108127666704,1.7274187713870937,0.17535733333333353,0.6128790575204639
214,0,0.06666666666666667,0.30420969175569307,1.547366666666665,0.2214258872619194,0.13420121110879266,0.1409093005634322,1.8041785845001224,0.10315777777777765,0.6940765241857035,0.2,0.010807474756440864,0.006073333333333333,0.23001982579847996,0.13352876397430152,0.09981467186667647,1.72463954261694,0.00040488888888888893,0.0008760113295832989,0.4666666666666667,0.029942268607604447,0.029970000000000125,0.2650070441862206,0.14443877868342575,0.15985347255580298,1.7866898460458578,0.0019980000000000084,0.006724045870274511,0.4666666666666667,0.0289573494164537,0.03726000000000014,0.2930106634848147,0.14354058389506147,-0.26661927003414665,2.007682809494258,0.002484000000000009,0.006288960639199438,0.36666666666666664,0.2994067621594603,3.1979000000000015,0.26929840884514455,0.1334790392480978,-0.17290386289695706,2.0688013027899106,0.2131933333333334,0.6723330692010874
215,0,0.06666666666666667,0.18566896101732158,0.8510100000000038,0.2363452881653465,0.13864778941541586,0.11890309357409619,1.7740219292767756,0.05673400000000026,0.25854722313938766,0.13333333333333333,0.009248526235021336,0.003816666666666666,0.25097429986581793,0.13750557717750295,0.09729341942293326,1.8446369980433606,0.0002544444444444444,0.0006415142813990843,0.03333333333333333,0.03157813764074599,0.023016666666666755,0.2106636263565074,0.1425900873060038,0.28974537894473845,1.7849437644715074,0.0015344444444444507,0.00747884082643424,0.26666666666666666,0.03453165496836356,0.0413533333333336,0.2796224869364411,0.14767052983317602,-0.16683862088520623,1.936711406298805,0.002756888888888907,0.008943263961405807,0.3,0.35035314816353175,3.3252499999999934,0.28302544341869357,0.13332911327535163,-0.2125636246508997,2.0029452228055904,0.2216833333333329,0.9206049632107323
216,0,0.06666666666666667,0.11078154827674465,0.6494499999999996,0.2557364354782407,0.14637621936634748,0.20678911972585787,1.681295595615802,0.04329666666666664,0.09204413578944529,0.03333333333333333,0.04851813736554513,0.04650666666666666,0.17652970261034245,0.14804073236017107,0.8211737151955382,2.2428591237495596,0.003100444444444445,0.017655072400664305,0.2,0.02809105076717228,0.033576666666666616,0.2269924078489719,0.12252102955917855,0.4164428652550191,2.204947769519048,0.0022384444444444413,0.005918303499028877,0.03333333333333333,0.0371749254647555,0.04455000000000022,0.25404713604822055,0.14433682902122308,0.0014077858961626618,1.865814609961839,0.0029700000000000147,0.010364813124825952,0.3333333333333333,0.27405352275300715,3.7906766666666583,0.2591749499490971,0.1392377607017326,0.016098309971570267,1.9225318644972942,0.25271177777777726,0.5632899999999974
217,0,0.03333333333333333,0.254069013293323,1.839530000000001,0.22863374176803478,0.154078123901893,0.1872095571700124,1.6016680936304766,0.1226353333333334,0.4841329763688205,0.03333333333333333,0.09091731561982908,0.07116666666666666,0.1581318110603207,0.16048924208046111,0.9878799951425863,2.450295104247437,0.0047444444444444435,0.06199468709636712,0.03333333333333333,0.09774794751266806,0.1253533333333332,0.17763504040680927,0.13743932932303143,0.6628697884417587,2.188883966708319,0.00835688888888888,0.07165995932204482,0.03333333333333333,0.04447536810949682,0.054870000000000016,0.24501687284004922,0.1520354411890684,0.07936135006856153,1.6916479665990218,0.003658000000000002,0.014835437763564352,0.03333333333333333,0.6095174065921826,8.138633333333349,0.24107044723516066,0.16226790990272796,0.1023830799716725,1.5967574375563478,0.5425755555555566,2.78633601704145
218,1,0.06666666666666667,0.4682581362280922,2.85195666666667,0.20810458770496934,0.1336645880474572,0.3479682421741585,1.850337917676135,0.1901304444444447,1.644492616078549,0.03333333333333333,0.11650918738901085,0.11422999999999997,0.16269303562227547,0.1555993383897792,0.8472014966342986,2.2669293769375027,0.0076153333333333325,0.10180793059535735,0.03333333333333333,0.10394372233099111,0.1704500000000001,0.18513381438900992,0.13489346800396862,0.5850515178239193,2.226361548647782,0.01136333333333334,0.08103223059016634,0.3333333333333333,0.029424101987618575,0.036499999999999935,0.25331053630021105,0.15051656832854932,0.05869741871636494,1.6937950751772415,0.002433333333333329,0.006493333333333346,0.5,0.5393333333333326,10.645170000000011,0.26367918460445283,0.15389350559130527,0.12562178200345844,1.708026042163788,0.7096780000000006,2.1816033333333276
219,1,0.03333333333333333,1.0456312596608333,23.610600000000037,0.23418472025416046,0.1498107367123598,-0.07895395896359045,1.5857117956123044,1.5740400000000025,8.200085483849257,0.03333333333333333,0.2965658928155908,1.0264299999999995,0.18802195163583413,0.1511231657558375,0.517022723355768,1.8881309784797147,0.06842866666666665,0.6596349658613138,0.03333333333333333,0.44840873569652784,5.247206666666667,0.23625729103290338,0.14600553656212184,-0.024120614663573355,1.7338647818309512,0.3498137777777777,1.5080279568671893,0.03333333333333333,0.21836055136943416,1.01357,0.24379911669631568,0.15587995692223514,-0.068660357456814,1.6575534408842754,0.06757133333333333,0.3576099779577247,0.03333333333333333,2.3278140971973365,97.22251333333335,0.22105190511302814,0.15169836443438137,0.13663286481430173,1.6202064546336596,6.48150088888889,40.64038853332989
220,1,0.06666666666666667,1.0144672056811233,45.169400000000024,0.2448978774610941,0.145797017910112,0.0423375734147478,1.7054623698118638,3.011293333333334,7.7185778355184995,0.03333333333333333,0.16176249185401181,0.7341833333333333,0.23046723421233706,0.1477709570090413,0.12583541144619823,1.6887204537310405,0.048945555555555555,0.1962532782811443,0.3333333333333333,0.4796753531759209,8.975579999999999,0.26550898546796176,0.1422904305960913,-0.12592492079415463,1.8357416246827583,0.5983719999999999,1.7256633333333335,0.3333333333333333,0.21914683053453754,1.561626666666667,0.26917510791656934,0.14340093542596002,-0.14111528824867234,1.8748988991958024,0.10410844444444448,0.3601899999999999,0.3333333333333333,2.175481964480003,126.36886333333328,0.2432148778195323,0.14598421252433383,0.043012508875573695,1.7759021526967962,8.424590888888885,35.4954133333333
221,1,0.06666666666666667,0.948571033214031,35.97695333333334,0.25918873134437753,0.1415743153673894,0.07760912269687426,1.7534206603736981,2.3984635555555562,6.748402537895509,0.23333333333333334,0.12599571810991073,0.45994666666666656,0.2576377982243236,0.1366904688083808,-0.047602781411284344,1.8671274287650574,0.030663111111111103,0.11906190736524064,0.3333333333333333,0.45236759880040545,8.136199999999999,0.26500228758592576,0.13903613542833768,-0.04176808197293655,1.8234830950431793,0.5424133333333333,1.5347733333333344,0.06666666666666667,0.18229558870522064,1.4909166666666667,0.2508992933976519,0.14635948626036285,0.050834960499026326,1.7418668907819082,0.09939444444444444,0.24923761246037227,0.3333333333333333,1.760019318075798,96.68903666666667,0.2722823716310146,0.13292945828603214,-0.06359290861594628,1.817234702221086,6.445935777777778,23.232509999999976
222,1,0.2,1.0843268745192098,34.821333333333364,0.24775490832193714,0.13673789367998848,0.23486024926339127,1.8719227352844,2.3214222222222247,8.818235781034486,0.03333333333333333,0.3041571321925872,1.7112100000000003,0.20612989392460757,0.1435195212589162,0.3974142808724197,1.9627689611667598,0.11408066666666668,0.6938367079771423,0.3333333333333333,0.5308362375640074,10.02393,0.23027356233611107,0.13860400726893446,0.31510268424891147,1.9612607132265503,0.668262,2.113403333333335,0.3333333333333333,0.24337716500206924,2.197709999999999,0.23461071145449464,0.14303978602691667,0.28885725608706636,1.8621447874222812,0.14651399999999992,0.4442433333333333,0.03333333333333333,2.485719758861145,195.5908833333334,0.23655693213445217,0.14968006379049567,0.20900906367465336,1.7549645068679853,13.039392222222226,46.34102039694532
223,1,0.2,1.2400841983561517,42.25871333333339,0.26111208630647337,0.15216242458189377,0.12722067796785003,1.7816804026259354,2.817247555555559,11.533566142594648,0.03333333333333333,0.2278265009431014,1.08845,0.2303707950985222,0.14231327717077344,0.10609804541486807,1.8037357182485074,0.07256333333333333,0.3892868589898273,0.2,0.6267136745714401,10.3642,0.24154410203502644,0.14100757576340098,0.19648532246552317,2.016971263207378,0.6909466666666667,2.9457752242112774,0.2,0.2735138074323625,2.2147933333333327,0.24797148214285827,0.147881894896197,0.08694491263140527,1.7675580188642712,0.1476528888888888,0.561073521421106,0.03333333333333333,2.4963654253138885,175.90497999999997,0.23530799060678878,0.1466220559107001,0.25612722288164136,1.9330627183198281,11.726998666666667,46.738802525269435
224,1,0.06666666666666667,0.993307151768816,35.71189333333335,0.2503544613939259,0.14245742721680804,0.1241033687289182,1.676427657594897,2.38079288888889,7.399943233163083,0.03333333333333333,0.15032482535498173,0.8977533333333334,0.23004281614594152,0.13698230643256826,0.27058103923088195,2.0228773794779165,0.05985022222222223,0.1694816483850432,0.1,0.5620964302631696,8.25066,0.2257735526495947,0.13482623994772264,0.41719085475491363,2.0359240633232307,0.550044,2.369642976859487,0.1,0.21425086597496787,1.5046666666666668,0.23002851401130955,0.15552532838174632,0.3440776863778793,1.6529588056850097,0.10031111111111114,0.34427575178267733,0.1,2.202482290160493,166.98394999999996,0.20563042956267422,0.1334508072412698,0.5079751977145052,2.1861761870502447,11.132263333333329,36.38196178852957
225,1,0.06666666666666667,1.9615483352084828,61.07344999999998,0.22295079492038342,0.15804582862383498,0.3305440564737788,1.6256500766029836,4.071563333333332,28.857539035193778,0.03333333333333333,0.27912657276377384,1.6767433333333335,0.20325693195141822,0.15298478067509452,0.5042088101718838,1.9015947007466723,0.11178288888888886,0.5843373271713774,0.06666666666666667,0.7672938725430728,10.480870000000001,0.16629966996843373,0.12389371673988916,0.8076645537287991,2.5895660563715235,0.6987246666666668,4.415549151316089,0.06666666666666667,0.35507130986495916,2.2275133333333335,0.20900900854728455,0.14926317091847502,0.39459009882411766,1.7310813126541196,0.1485008888888889,0.9455672631691338,0.03333333333333333,2.912008028052472,188.57902000000004,0.20321393714099314,0.15415651261183588,0.6059839879990645,2.058240302299136,12.571934666666673,63.598430665815364
226,1,0.06666666666666667,1.5595556194828888,59.82939666666662,0.23392116365744137,0.1604393541622368,0.252896562684962,1.6259289042968832,3.988626444444441,18.241602976954926,0.03333333333333333,0.2439135841101189,1.27879,0.2237430177185192,0.14476245908192,0.23022016879787566,1.8180263388371924,0.08525266666666668,0.4462037738508303,0.06666666666666667,0.5933190337754692,7.211269999999999,0.2040190471689256,0.13931326484500728,0.5299694025369354,2.000186047823809,0.4807513333333332,2.6402060688019233,0.06666666666666667,0.30524841009286546,2.0691699999999997,0.21336557202049045,0.1472365216395369,0.43254751956462173,1.8491678529524669,0.1379446666666667,0.6988244389816665,0.4666666666666667,1.6430393086537731,105.85358000000004,0.24617944923667667,0.15123877216634904,0.12563265574476096,1.6585003429153267,7.056905333333336,20.246836273361016
227,1,0.13333333333333333,1.2943559094938615,55.78979999999997,0.2250663692178433,0.13932066190470693,0.3079026682001558,1.8383587140233875,3.719319999999998,12.56517915331261,0.03333333333333333,0.21805158260530705,1.2985666666666662,0.24601336271894886,0.16128510137955152,0.15313749907902577,1.640675291776354,0.08657111111111107,0.3565986950750928,0.03333333333333333,0.9096667646352342,15.95429333333333,0.22784414526081823,0.15927954204845923,0.35900258207588526,1.6895571430360259,1.0636195555555554,6.206202170114509,0.03333333333333333,0.4131117486359532,2.9121933333333327,0.20360841794826548,0.14886661563414483,0.4186338639776887,1.7210073558381425,0.1941462222222222,1.2799598764579123,0.03333333333333333,4.264718794467249,257.5678566666668,0.22225086731702756,0.15672467800428122,0.18350652515443275,1.6336867982075942,17.171190444444452,136.4086979691164
228,1,0.16666666666666666,1.53341463552571,72.38577666666659,0.260488811988387,0.13164935878761774,0.16784781921325412,1.807554015757498,4.825718444444439,17.635203333333344,0.03333333333333333,0.38531768703594976,2.81644,0.22970274870380528,0.16343900293464877,0.30030401902676945,1.6102862284620736,0.1877626666666667,1.113522899570506,0.16666666666666666,0.5730805644351699,13.077483333333326,0.25114309460461154,0.14156417338052094,0.27153508746133187,1.8641052402964544,0.8718322222222221,2.4631599999999967,0.36666666666666664,0.272496460183948,3.307949999999999,0.2533411782448303,0.14391048285849226,0.08717295840991644,1.7521039415388264,0.22052999999999995,0.5569074060958648,0.3,2.30814615071562,262.74939,0.2516567172074407,0.14798880794195057,0.10262782919911989,1.837286959158063,17.516626,39.956539897974984
229,1,0.26666666666666666,2.0246104533426736,120.31444666666657,0.26744794089896134,0.14192473759356034,-0.181694013837882,1.8364189230984134,8.020963111111104,30.742856158383194,0.2,0.2109273575060551,2.12315,0.23607685160138114,0.13720583549199047,0.1930015701458962,1.6991358334434703,0.14154333333333333,0.33367762608365387,0.23333333333333334,0.6039513597189873,18.376790000000007,0.2655220684117477,0.14094299003315464,-0.015883850517582475,1.9106280811042753,1.225119333333334,2.7356793367981016,0.03333333333333333,0.2950503469048637,4.19257,0.2561463094745359,0.1378193586269216,-0.2949862959055564,1.7653003020252298,0.27950466666666673,0.6529103040651031,0.1,2.8763757481980563,418.25523000000015,0.2527839773942433,0.147538012582378,0.09758682562707076,1.6647352726165294,27.88368200000001,62.05153083616446
230,0,0.06666666666666667,0.2557339671281862,1.1102000000000003,0.22712402515600463,0.16018961968767004,0.2276796076499609,1.4535373831898173,0.07401333333333333,0.49049896457340175,0.06666666666666667,0.011665473837285816,0.005866666666666666,0.2864543406428135,0.1532498908173426,-0.14610052849425537,1.722559156880981,0.00039111111111111106,0.001020624598862999,0.06666666666666667,0.02740949886234645,0.030700000000000047,0.2527855060085463,0.1487879539975109,0.114945893435207,1.6255871501998005,0.00204666666666667,0.005634604709137284,0.5,0.03133333333333367,0.03463000000000023,0.276244265910228,0.1580685597756797,-0.05347102948283664,1.639491013469515,0.002308666666666682,0.007363333333333493,0.13333333333333333,0.3333275157667719,4.099776666666662,0.24124339551085186,0.1425523204431458,0.2510896540096202,1.8139126154284575,0.27331844444444403,0.8333042457543567
231,0,0.4,0.15888558967181485,0.862726666666666,0.25113834421305525,0.1594465201755829,-0.04946429566549885,1.4543052481116077,0.057515111111111066,0.18933472954020242,0.06666666666666667,0.01820215554832259,0.008813333333333336,0.2585272343443064,0.16063691492257318,0.04513656070848783,1.5513236346635697,0.0005875555555555557,0.002484888499539981,0.4666666666666667,0.028992784944752097,0.033150000000000096,0.27957881447710825,0.1463518612709062,-0.2281413421219864,1.5958041008825674,0.002210000000000006,0.0063043618413948285,0.4666666666666667,0.04166195096687075,0.04567333333333336,0.2676655760050817,0.15566381282426667,-0.05114395117849974,1.615637710933429,0.0030448888888888904,0.013017886187744573,0.03333333333333333,0.32212838622380585,3.85262,0.22829758135699169,0.1517084535043405,0.47562936383091536,1.9548908272324432,0.2568413333333333,0.7782502290836507
232,0,0.06666666666666667,0.22112460178881505,0.8695499999999987,0.2346458591329957,0.16029018121242375,0.22022012926658754,1.4251278958205498,0.057969999999999904,0.36672067137196523,0.5,0.018,0.010663333333333334,0.2608928974868196,0.1599558308796728,0.013641060418454769,1.749852824393108,0.0007108888888888889,0.0024299999999999994,0.3333333333333333,0.036496575181789316,0.03175666666666674,0.2550783065648641,0.14592399013630106,-0.04434105271751743,1.562605185898816,0.0021171111111111165,0.00999,0.06666666666666667,0.028852863358342938,0.03490999999999988,0.2750182059345646,0.1552871600311686,0.008124746404575311,1.574728375161769,0.002327333333333326,0.006243657929814064,0.4666666666666667,0.2437442379114033,2.5449033333333313,0.25884076277991563,0.14901611723753444,0.10389452987699066,1.7295946366158295,0.16966022222222207,0.4455844013625807
233,0,0.03333333333333333,0.2930057367087861,1.382746666666662,0.1999441780397165,0.1524614941225049,0.5587745538127559,1.9671637860846007,0.09218311111111081,0.6438927130819386,0.5,0.016666666666666663,0.00875,0.2991630028217252,0.14911772664979722,-0.25117113877621927,1.8149823078691105,0.0005833333333333334,0.002083333333333333,0.06666666666666667,0.026254437629179405,0.02336333333333336,0.26672304824047083,0.14734084873029987,-0.021493773300364467,1.8175238199840023,0.0015575555555555575,0.005169716214183537,0.13333333333333333,0.03020468668671482,0.02602333333333334,0.22882116004951647,0.1369042280652178,0.37259254313374973,1.8241989924875506,0.0017348888888888891,0.006842423233819555,0.03333333333333333,0.43896774470872757,4.063819999999994,0.2506858900287088,0.1694187264847626,0.05671136733104977,1.4456888693366043,0.270921333333333,1.4451951067099997
234,0,0.06666666666666667,0.24193272251719491,1.2072333333333316,0.1867830314271753,0.13760709882069513,0.6659905267424504,2.3132850176965474,0.08048222222222212,0.43898581668436526,0.36666666666666664,0.01448248397698853,0.006433333333333334,0.2692621664061907,0.1539974855346471,-0.06571543778079901,1.5872607690585676,0.000428888888888889,0.0015730675660779714,0.03333333333333333,0.030748051378922503,0.025280000000000073,0.23198760187392053,0.16530039811124134,0.33351320750406827,1.6599996668408021,0.0016853333333333384,0.007090819977006435,0.13333333333333333,0.029815468175990654,0.03505000000000012,0.2444688079163677,0.13404266205170268,0.11857364280764478,1.763076148147996,0.0023366666666666753,0.006667216069151337,0.43333333333333335,0.24248910733735762,2.3857666666666626,0.2559314902813501,0.14944938648991285,-0.07063821710142008,1.534155116846195,0.15905111111111084,0.44100725382951406
235,0,0.06666666666666667,0.25499010989276943,1.474889999999998,0.19933384241195154,0.15332828693638242,0.5785927056271596,1.8933852071139932,0.09832599999999989,0.48764967107344975,0.06666666666666667,0.016952599281034826,0.0062099999999999985,0.23608222060670986,0.13647859548304558,0.20328603840317616,1.788628969851363,0.0004139999999999999,0.002155429667875069,0.06666666666666667,0.032842211369682364,0.02978333333333332,0.20487065723958553,0.13422432842195406,0.5347632491278957,2.0406257450411243,0.0019855555555555546,0.0080895813573817,0.1,0.02870399487389414,0.0334666666666668,0.24204354266729786,0.14086806901332374,0.21295692662050564,1.734683080673301,0.0022311111111111203,0.006179394912904059,0.1,0.2582322404895505,3.1205299999999982,0.2555847012113882,0.13797807261492243,0.2234669324864002,2.0289520054192813,0.2080353333333332,0.5001291752118979
236,0,0.06666666666666667,0.15662891299989223,0.8732999999999971,0.24316108107038764,0.1562618613499482,0.05917553183668154,1.482202814517028,0.0582199999999998,0.1839946229064586,0.26666666666666666,0.015917790882480312,0.00913333333333333,0.2604560535440282,0.13178933396964843,-0.09462543978234475,1.9898485649536133,0.0006088888888888887,0.0019003204993377999,0.03333333333333333,0.026461561153243985,0.03470999999999999,0.2232846168276153,0.13851205595785376,0.31578258534301484,1.9302229506013355,0.002313999999999999,0.005251606640001533,0.1,0.03785330702594554,0.031736666666666774,0.24772780271562997,0.15128887035332528,0.3809612943114894,1.7936596853305322,0.0021157777777777846,0.010746546396003732,0.2,0.26663951114975726,2.7099999999999986,0.2700731803723564,0.1412839408102078,0.12949615525166203,1.8356234392159025,0.1806666666666666,0.5332247167963614
237,0,0.03333333333333333,0.1639086966904708,0.9536500000000004,0.24057095318545071,0.15417261536435212,0.059446063813440475,1.5199242356900553,0.06357666666666668,0.2014954563807657,0.06666666666666667,0.01834786095933732,0.012149999999999998,0.21802492010492674,0.1319872065316806,0.15530300515030193,1.7802477386202185,0.0008100000000000001,0.002524830013373809,0.26666666666666666,0.03398771160981607,0.031560000000000005,0.24902624850716698,0.14434621922797727,0.22374282151880592,2.0061434293378353,0.0021040000000000004,0.008663734053540196,0.2,0.02460173627688092,0.028863333333333355,0.2656686066323777,0.1449149116075542,0.08241847448893751,1.8717968308123618,0.0019242222222222234,0.0045393407087789914,0.16666666666666666,0.3670428373425163,2.636299999999996,0.2523274155482778,0.14012306667864868,0.2362383510474717,1.7887549763180481,0.1757533333333331,1.0104033333333369
238,0,0.03333333333333333,0.23143020032819414,0.959280000000001,0.1920094779281089,0.15032661617405932,0.5927623828698578,1.9334423055418426,0.06395200000000008,0.4016995321796105,0.06666666666666667,0.026279659765051356,0.016349999999999996,0.18182236447663178,0.1389096142355638,0.9783405730222342,2.8663930087131853,0.0010899999999999998,0.005179653880251443,0.23333333333333334,0.03097813231754795,0.029733333333333316,0.2519319760430227,0.1317269614007452,0.13419047368651424,1.9949593359956805,0.001982222222222221,0.007197335114126317,0.03333333333333333,0.02528925736571617,0.028366666666666644,0.24149796667857973,0.1418780957187682,0.1519394020017843,1.7917776835455261,0.0018911111111111095,0.004796599035820722,0.5,0.34666666666666685,5.329826666666662,0.2667062375314351,0.16106978598388244,0.02598484427678216,1.6127118303389065,0.35532177777777757,0.9013333333333343
239,0,0.03333333333333333,0.3280153796732709,1.4410600000000047,0.19596845859306172,0.15470411734651296,0.630648567723723,2.0929761851093662,0.09607066666666698,0.8069556697665002,0.03333333333333333,0.0985907512614346,0.09404999999999997,0.14751881739718395,0.13898834129003748,1.2547728610862683,3.5414255476862384,0.006269999999999998,0.07290102175720552,0.03333333333333333,0.06666543873636199,0.07070666666666658,0.20401049162856288,0.14128696457807965,0.36418010322762334,1.8936754123261816,0.004713777777777773,0.03333210541433726,0.03333333333333333,0.04152171460081445,0.03970333333333337,0.22208622781640222,0.14438268577289598,0.31380498527270184,1.9505226980128227,0.0026468888888888918,0.012930395875436158,0.03333333333333333,0.5338764612331315,6.736916666666664,0.24333328148778038,0.16746496822422782,0.27200559772003174,1.6236770645270757,0.4491277777777776,2.1376805689410854
240,0,0.1,0.1831190132322827,1.2405699999999988,0.23701418200061145,0.1518125251549417,0.2805103359141655,1.8100355135248714,0.08270466666666659,0.2514942975537369,0.03333333333333333,0.11079883581690872,0.10296333333333335,0.13220879819707962,0.13601626401067193,1.3203946306958465,3.5132834541439495,0.0068642222222222255,0.09207286513786721,0.03333333333333333,0.06821284344849117,0.1644399999999993,0.21997407130913027,0.13520009208629613,0.12961164691502047,1.7518065393484545,0.010962666666666622,0.03489744008496273,0.23333333333333334,0.03081746974415177,0.03909333333333327,0.27217097704005366,0.135197914768752,-0.02470980538488172,2.0535474396861906,0.002606222222222218,0.0071228733107378235,0.13333333333333333,0.30297603590811906,3.633716666666663,0.2517883311963885,0.14031625928904945,-0.008020852219358235,1.7372162337864803,0.2422477777777775,0.6884585875094837
241,1,0.03333333333333333,0.7029024173440279,15.069346666666673,0.24918892739795676,0.16557118691191733,0.1305303975704548,1.481890686168276,1.0046231111111115,3.7055385623105854,0.03333333333333333,0.2219955147234675,0.7000000000000001,0.22048429321105692,0.17180964824432707,0.3444760618560949,1.5003699715515928,0.04666666666666667,0.3696150641800296,0.03333333333333333,0.31176497788027774,4.417833333333335,0.25996160093766235,0.17155713558235974,0.03906078275856955,1.3563534423135317,0.2945222222222224,0.7289805107451757,0.03333333333333333,0.15869823293958735,0.8437999999999999,0.2588769556131928,0.16808718490400396,0.05597933003469569,1.4276377270413863,0.05625333333333331,0.18888846853610644,0.03333333333333333,1.4895855545753398,66.95223333333328,0.25064171485503733,0.16355613733679447,0.08652374200306678,1.522777416840321,4.46348222222222,16.64148843299642
242,1,0.03333333333333333,0.8925460311879121,27.579396666666668,0.23403473976117886,0.15327305061712024,0.2406293522022521,1.6897093926743563,1.8386264444444447,5.9747881334196995,0.03333333333333333,0.26710226808276166,1.0121000000000002,0.20851681795043447,0.15929044838073345,0.38863716204728627,1.6532875140517866,0.06747333333333334,0.5350771621121662,0.03333333333333333,0.39579774268458634,6.462463333333332,0.24191399739754893,0.15574888997390873,0.16180832297247122,1.5814482472574893,0.4308308888888888,1.174918898356605,0.03333333333333333,0.18343325317791564,1.2795499999999993,0.24346223321649382,0.15239561034267293,0.10516728114711082,1.6151427536978058,0.08530333333333329,0.2523581877857498,0.03333333333333333,2.1119883299555138,107.09614999999994,0.23545939707544147,0.15481499406806368,0.19958144478268278,1.7205424673982956,7.13974333333333,33.4537102940121
243,1,0.1,1.2625788987070257,43.03850000000003,0.24162238693224575,0.15016283836953817,0.2835032124253099,1.8186320840409178,2.869233333333335,11.955791065951843,0.2,0.1761516117012427,0.6739066666666667,0.23078084432004456,0.1253593597881246,0.3223142244714358,2.0454479648169275,0.0449271111111111,0.23272042728709036,0.2,0.6648548947456905,11.624836666666665,0.22668825828713143,0.1378669522047621,0.3401476834340046,2.036688079059824,0.7749891111111111,3.3152402330047734,0.1,0.25475972380901174,1.8399199999999993,0.22910303755330277,0.13821162763375522,0.2819267446843138,1.911838416964981,0.12266133333333329,0.4867688765643297,0.1,2.270984986255818,141.04820666666666,0.2325815835548537,0.1391997604708425,0.3213361217905705,1.985693677174481,9.403213777777777,38.680296058495024
244,1,0.2,0.9462708424492912,36.023973333333366,0.24540729367737987,0.15519861250525058,0.2427159344866333,1.7807831960654925,2.401598222222225,6.715713804522684,0.03333333333333333,0.2070515160447347,1.1088399999999998,0.21277533448641156,0.14490049047835368,0.42892322607297606,2.0779606983215033,0.07392266666666665,0.3215274772231727,0.2,0.5872282757397401,8.886879999999998,0.2548153638371063,0.14110598993247614,0.33073619483878036,2.0055555075997265,0.5924586666666666,2.5862778587120117,0.2,0.2147102221000789,1.3664599999999996,0.24744561007179866,0.13935413292994256,0.31448130149161013,2.0034108612839345,0.09109733333333328,0.345753596056989,0.06666666666666667,1.9276849770437687,144.46098333333333,0.2570679375723972,0.14413219701448793,0.14317410999495048,1.9365935616851913,9.630732222222223,27.869770280401767
245,1,0.03333333333333333,1.311384700039376,29.668689999999984,0.22851569569003202,0.15897162497640152,0.1450683938122961,1.5015456744544324,1.9779126666666655,12.89797373623023,0.03333333333333333,0.23073775302910177,0.7406866666666665,0.22423405931222504,0.16125049108615364,0.20026862726060002,1.5380079752561167,0.0493791111111111,0.3992993300468907,0.03333333333333333,0.4152706406268162,5.376883333333333,0.2539763109864366,0.1552601491493814,0.013943304498350134,1.6415105683925602,0.3584588888888888,1.2933727872495475,0.03333333333333333,0.2147846988031028,1.0244066666666658,0.24032373333259008,0.15251667376573072,0.012496194434109584,1.5939980661860715,0.06829377777777772,0.3459935012995469,0.03333333333333333,1.751498842266318,129.5347,0.25349284816888973,0.14944712296432208,0.09546640727896322,1.80362757330686,8.635646666666666,23.00811145845189
246,1,0.4666666666666667,0.820590936878673,19.04854999999999,0.284471864186504,0.14797293166032835,-0.20070040727893582,1.600187297341077,1.2699033333333327,5.050271142655637,0.5,0.16466666666666666,0.5731499999999999,0.29915090220654683,0.16098366858455934,-0.29353376323205826,1.7408328790431251,0.03820999999999999,0.20336333333333328,0.03333333333333333,0.4297937532660548,6.6659666666666615,0.24277209389193222,0.15374646602988642,0.19816001563125668,1.7152265019423676,0.44439777777777745,1.385420027598918,0.03333333333333333,0.20916618536121845,1.3069666666666673,0.2546001332951803,0.161650335693826,0.10574083268594556,1.5988218303576518,0.08713111111111112,0.3281286982392269,0.1,1.8137838871003884,158.36708999999996,0.2819535088678277,0.1496660144320049,-0.16023838373821103,1.6897108664850509,10.557805999999998,24.67358991828746
247,1,0.03333333333333333,1.0092004578404516,53.392459999999986,0.2504841405825711,0.15662121737170978,0.13981123045904154,1.6075301699545328,3.5594973333333324,7.638641730790329,0.03333333333333333,0.32047687530442764,1.9814700000000003,0.20557172258547757,0.14778199377301518,0.5153521212612306,2.013303660406309,0.13209800000000002,0.7702907070366726,0.03333333333333333,0.6227478533520534,11.496719999999996,0.2296208588839117,0.14814277189145647,0.1617096065231999,1.6877379741987768,0.7664479999999999,2.90861166640943,0.03333333333333333,0.28999523081022777,2.1124400000000003,0.2217700285985871,0.15173623153540547,0.3254882025859124,1.7138523751790535,0.14082933333333336,0.6307292541950795,0.03333333333333333,3.2326145042541428,263.63807,0.25306782692203306,0.1506682156960668,-0.024813625186801056,1.7297669202584314,17.57587133333334,78.37347399835693
248,1,0.1,1.2986795313761212,47.55645666666671,0.25346654605641866,0.14596636430560944,0.24224923812591126,1.766441658254418,3.1704304444444475,12.649263939114766,0.1,0.18657934269472676,1.4856500000000004,0.2215142830116266,0.1433357093601659,0.2953548619992034,1.7232780845931914,0.09904333333333336,0.26108888340297215,0.06666666666666667,0.4433145895610466,10.426223333333333,0.2292904230908631,0.13928816066349503,0.22837417966739781,1.7418273405772613,0.6950815555555553,1.473958689882594,0.1,0.2087928952120416,1.6741933333333336,0.2380425294170397,0.1442977424856722,0.2778835726049642,1.7339918852932508,0.11161288888888893,0.3269585481826994,0.16666666666666666,2.4682787524912992,206.95348333333334,0.22332966307931534,0.13630828071125203,0.27632165987830265,1.8157242058063996,13.796898888888883,45.693000000000026
249,1,0.03333333333333333,1.4950360879102387,51.88289999999998,0.22310901113784043,0.15873568303376992,0.34640470462840245,1.6802629517750045,3.4588599999999987,16.763496781154632,0.13333333333333333,0.20932598876532454,1.5551166666666667,0.23174163690503802,0.15969770756058665,0.3736447474809464,1.553092999136448,0.10367444444444443,0.32863027179435583,0.03333333333333333,0.9208179264904153,15.463383333333331,0.19073466393224,0.14983499939042594,0.5397558608798916,1.7988350192006055,1.030892222222222,6.359292403095809,0.03333333333333333,0.31755149195983295,2.376733333333334,0.20154709534790236,0.14284735416526573,0.408005115031339,1.8125960565632295,0.15844888888888894,0.756292125344369,0.06666666666666667,3.5791046653299112,327.8224166666665,0.20954462593327616,0.15631628191992789,0.5272793780049181,1.82403178271854,21.854827777777768,96.07492654039753
250,1,0.03333333333333333,1.95925412373774,83.13071333333332,0.216829274221684,0.1455558574712162,0.397729776131108,1.9730895290746044,5.5420475555555555,28.79007541037505,0.03333333333333333,0.3577389381726059,2.7140099999999996,0.2061097444703707,0.15167830870861027,0.5307928142688917,1.9446555855595562,0.180934,0.9598286091364765,0.06666666666666667,0.6102499381338217,14.173233333333329,0.23929701753789556,0.1591532440989399,0.25925297384253876,1.5952406761800666,0.9448822222222218,2.7930374024424993,0.03333333333333333,0.34575509037804036,3.068199999999999,0.21429343909407397,0.14222142969916743,0.32100943418073513,1.8197833726400077,0.2045466666666666,0.8965993689174514,0.1,3.4580467921194455,366.93663000000004,0.23690479411326856,0.15998302211944126,0.34177837164141706,1.7249699872134903,24.462441999999996,89.68565712365691
251,1,0.4666666666666667,1.7378257617849622,78.43242000000005,0.30250145516533516,0.13212777744871662,-0.22759608336900675,1.6606092068786578,5.228828000000003,22.65028783742613,0.2,0.251152963530717,2.1284833333333335,0.2545514139928025,0.15018156289739074,0.22234576657869562,1.863059392620665,0.14189888888888888,0.4730835831769624,0.4,0.7014063012354828,15.950896666666665,0.27821728945883634,0.16277818575539799,-0.11803255021471509,1.4817583694482654,1.0633931111111108,3.6897809955963057,0.13333333333333333,0.25825358744788657,2.8236800000000013,0.27273593069210583,0.14129898246379577,-0.12451643160119642,1.6626678739977592,0.1882453333333334,0.5002118657227741,0.2,4.060774954495641,423.2272933333332,0.2835646856787267,0.13864861792194388,-0.001222654306748417,1.7671647373655361,28.21515288888888,123.67419923294307
252,1,0.43333333333333335,2.207519954861147,81.34435999999998,0.31387311981780514,0.14894888248753702,-0.583903422065971,1.8907034875534225,5.422957333333332,36.548582633326205,0.13333333333333333,0.20401090872283448,1.5752833333333334,0.2571886464802579,0.14752174732284234,0.2051097368381422,1.8006629639630753,0.10501888888888886,0.3121533815843752,0.43333333333333335,0.6571767938792542,9.872393333333335,0.30314744852333464,0.15362296505721199,-0.49128835181598807,1.807715483978118,0.6581595555555556,3.239110038100619,0.43333333333333335,0.2962544036760834,2.8435333333333332,0.24641014949021506,0.15155814573213178,0.13177332265609926,1.5687672753673014,0.18956888888888893,0.6582500377310385,0.16666666666666666,3.5890578769984263,481.45183000000003,0.2587370471882517,0.1519321403108324,0.20153636441299652,1.638843464627109,32.09678866666666,96.61002333333339
253,0,0.06666666666666667,0.23546525205365637,1.6612833333333392,0.2621488258414566,0.16132385418947487,0.06553704169739859,1.4945095902016645,0.11075222222222261,0.4158291369351895,0.5,0.018666666666666668,0.01018,0.2727133519947868,0.15346092065910977,-0.005756714318307698,1.694694594489294,0.0006786666666666665,0.002613333333333334,0.36666666666666664,0.04336514337083652,0.05827000000000006,0.24275675732558805,0.14075640667985548,0.02731249015462796,1.5847102237371593,0.0038846666666666704,0.01410401744679905,0.06666666666666667,0.033440873607694634,0.029559999999999906,0.23647577456866817,0.1471988116770659,0.27257961137888714,1.6648075964705291,0.00197066666666666,0.008387190207343555,0.16666666666666666,0.4842992646884547,6.230336666666662,0.27870577983293127,0.14359631606569936,0.11442350887013798,1.6910001474582275,0.41535577777777744,1.7590933333333345
254,0,0.4,0.22112680695554773,1.9184800000000048,0.27514447005422443,0.14628850414997285,-0.10431191783900269,1.659962843253435,0.12789866666666697,0.36672798565767056,0.06666666666666667,0.021724466069990418,0.011116666666666667,0.2669283436048691,0.14945836555419253,0.054046335842134786,1.7164192368051783,0.0007411111111111113,0.003539643195196237,0.36666666666666664,0.05033131564511741,0.05567000000000026,0.27547599316559135,0.13982003332656617,-0.46322157131373987,1.8018943826161888,0.0037113333333333508,0.018999310009263307,0.36666666666666664,0.022589559799870932,0.025293333333333293,0.24003289154524565,0.14924657610666012,0.06381791721407801,1.5167752004046267,0.0016862222222222194,0.0038271615896395867,0.36666666666666664,0.39767142351808266,5.324296666666663,0.24422597910297936,0.14402568470992763,0.0023918278386426883,1.5743329096442435,0.3549531111111109,1.186069208121737
255,0,0.06666666666666667,0.2735851247430067,2.1834500000000037,0.2518492195545675,0.14143566718597303,-0.023943660194540056,1.6166009734688522,0.14556333333333357,0.5613661536048491,0.2,0.02250801538179689,0.013246666666666664,0.23979488725428175,0.13655272391774165,0.2033842203219253,1.9027985881513927,0.0008831111111111109,0.0037995806732040406,0.06666666666666667,0.03389040989577685,0.04613666666666687,0.2528296341812054,0.1563814307662726,0.05656187387379202,1.5443558678663925,0.0030757777777777905,0.008614199121778271,0.3,0.015936281914950324,0.013009999999999956,0.26916768492894194,0.13613502689050322,-0.05194203064163645,1.8354373905959946,0.0008673333333333306,0.0019047381095457956,0.06666666666666667,0.43681230588725084,6.393206666666659,0.26867618336186644,0.14740557321245126,-0.03887491248055288,1.738272691828396,0.42621377777777725,1.431037429309029
256,0,0.06666666666666667,0.37404825585981094,2.2523666666666697,0.20340247826323637,0.1381227246818952,0.39937363473713317,1.9043423499178662,0.15015777777777797,1.0493407328382494,0.2,0.016477465597984603,0.009589999999999998,0.22757019173958465,0.12920067532975335,0.36247835273472234,2.1089560736682555,0.0006393333333333332,0.002036301543995746,0.03333333333333333,0.03758506198248914,0.04198000000000002,0.2345254659386354,0.14967615045588878,0.17000984182548431,1.6613924128127202,0.0027986666666666676,0.01059477663170663,0.3,0.021691197999623425,0.01353999999999999,0.26651970837398997,0.1372214885428743,-0.06993101733387759,1.8846110145626531,0.000902666666666666,0.0035288105299415046,0.3333333333333333,0.4124027158009506,6.335929999999985,0.2947723338631493,0.13214158067815934,-0.3062966313968236,2.0812197868151374,0.42239533333333235,1.2755699999999974
257,0,0.06666666666666667,0.21997000655731283,1.2816633333333365,0.2239632631632966,0.1291152426672098,0.313383813018681,1.966372626305889,0.08544422222222244,0.3629010283861819,0.03333333333333333,0.012343062274805916,0.00519,0.2193927309748371,0.15050020724936525,0.37108695350975207,1.786036169104721,0.00034600000000000006,0.0011426338973980275,0.03333333333333333,0.04054408480781357,0.03714999999999996,0.2548788536830537,0.1573652161615897,0.03328006526236543,1.7002813080625265,0.0024766666666666635,0.012328671096773842,0.3,0.020338560026898697,0.016049999999999977,0.2760539032519176,0.1410696237277069,-0.08106518657793477,1.8736101163097,0.0010699999999999985,0.003102427679758211,0.3333333333333333,0.5287759449899354,7.63914,0.25876203951488597,0.12801356155439597,-0.28251062480783873,1.9344655277718807,0.509276,2.0970299999999944
258,0,0.06666666666666667,0.34920886625746883,2.550106666666672,0.2181630896681656,0.14820724251223524,0.40939880436181747,1.808426909862433,0.17000711111111144,0.9146012420462009,0.13333333333333333,0.012518894407772409,0.007266666666666666,0.2465524009730859,0.14975203485717653,0.08211887651275616,1.6700207648851222,0.0004844444444444444,0.0011754203789471648,0.23333333333333334,0.028289955931237485,0.037863333333333374,0.23715780545703916,0.13847490178211155,-0.018037291496524333,1.7459191650269599,0.0025242222222222246,0.006002412049435193,0.26666666666666666,0.020089175230859173,0.014756666666666595,0.27779535604854,0.13000463336867876,-0.3142631920999946,2.2503472268524,0.000983777777777773,0.0030268122109212425,0.3333333333333333,0.53319956655813,7.516283333333342,0.24753773547952895,0.12879998507068435,-0.037719661883121716,1.9188444940484182,0.5010855555555562,2.132263333333333
259,0,0.03333333333333333,0.25085321906329217,2.7481800000000103,0.2305008141588528,0.1471452069803885,0.2377770346699214,1.6605827918275673,0.18321200000000065,0.47195503135812034,0.3333333333333333,0.021426878239984265,0.011349999999999999,0.26970715605149886,0.14538932818068287,-0.2091746798034989,1.91621800370551,0.0007566666666666669,0.0034433333333333343,0.03333333333333333,0.05129353940743576,0.048156666666666625,0.25464829093911995,0.15482268366919838,-0.19377081553322634,1.6228020951518665,0.003210444444444442,0.019732703887066237,0.03333333333333333,0.022370235973839508,0.018366666666666587,0.271000190165445,0.1410188725916747,-0.33309281498220367,1.9809157820323275,0.001224444444444439,0.003753205931439474,0.4,0.41545802140416394,7.553109999999997,0.26558268383854994,0.1459025446441937,-0.13262827914916317,1.66562648126795,0.5035406666666664,1.2945402566179707
260,0,0.06666666666666667,0.25534799997951846,2.445270000000004,0.2623297408108158,0.16239583106075806,0.0371689013607016,1.5404008699276066,0.16301800000000025,0.4890195082015512,0.03333333333333333,0.021567209150224375,0.012890000000000002,0.2351653522065714,0.148173349637596,0.05330456860665216,1.6704737947265185,0.0008593333333333332,0.0034885838289714153,0.43333333333333335,0.03639407544567511,0.055080000000000184,0.2934461647552514,0.15801692545884946,-0.1977682812111591,1.5155936573000979,0.0036720000000000116,0.009933965456591193,0.2,0.020038361817246372,0.017056666666666595,0.2576121585662368,0.14136428099113763,0.019651886066523263,1.6513050731646004,0.0011371111111111063,0.0030115195823915797,0.4,0.4503682917095714,5.851379999999999,0.28171624035399756,0.152107100678079,-0.18920314812843556,1.643091299152272,0.390092,1.521236986330482
261,0,0.06666666666666667,0.2507970706893457,1.921566666666667,0.26666307495028935,0.15871015148182308,-0.14276738162355987,1.5988166662641046,0.12810444444444447,0.471743779997675,0.03333333333333333,0.022769921939437304,0.016050000000000002,0.2279514007980012,0.1558213923237986,0.37752355187624875,1.8523369608979077,0.0010700000000000002,0.003888520088460513,0.4666666666666667,0.03441201520130095,0.04794000000000012,0.29129134441317434,0.15312915127680174,-0.24397352497993044,1.6638095534628377,0.0031960000000000083,0.008881400926609256,0.06666666666666667,0.01888389119438445,0.013696666666666631,0.21760012790400812,0.13993975990305665,0.4810604652607918,2.028944553099656,0.0009131111111111087,0.0026745100998101295,0.5,0.41666666666666713,5.592656666666673,0.27883138731928764,0.15324715741469871,-0.03194083720922185,1.6865610421449673,0.37284377777777816,1.3020833333333364
262,0,0.2,0.2531106079888557,1.6955966666666695,0.2525813815348543,0.13628000816807007,-0.0547612922831685,1.7539469832250063,0.11303977777777797,0.4804873490736614,0.03333333333333333,0.08208768180020458,0.08248,0.17133723574107004,0.1502058680127768,0.7124595520000653,1.992943215457789,0.0054986666666666665,0.05053790627498729,0.4,0.03994772303147427,0.04663999999999997,0.27076540924294584,0.1297608300227053,-0.1297968106529615,1.8891361123419916,0.003109333333333331,0.011968654315495349,0.06666666666666667,0.026689603575118286,0.019730000000000004,0.2141901957926168,0.15279000712672453,0.49299513285162033,1.8323992247504726,0.0013153333333333337,0.005342512042477251,0.03333333333333333,0.6980043219013358,9.99745,0.21664961048546227,0.14146527176304496,0.21648200513325236,1.8044903124745504,0.6664966666666668,3.6540752504470775
263,0,0.06666666666666667,0.27545611215192345,2.7835399999999977,0.22764753676140578,0.1377415025325646,0.26564253089561235,1.9783072057951647,0.1855693333333332,0.5690705229138977,0.03333333333333333,0.0985245496425498,0.08128333333333332,0.15902987392070747,0.14521394383026234,0.7413660382845039,2.159028854902833,0.005418888888888888,0.07280315161700444,0.03333333333333333,0.07144135074938406,0.10612666666666676,0.22758441968606608,0.1431542109324965,0.11788628625989239,1.7655537720200223,0.0070751111111111145,0.038278999476723884,0.4666666666666667,0.026410434560765746,0.029799999999999965,0.2348068789639164,0.14208171793130658,0.2013037986567231,1.8016026416665607,0.001986666666666664,0.005231332902663673,0.03333333333333333,0.547149331277764,7.56784666666667,0.23507585422510088,0.14742542588694943,-0.0057375410033388835,1.6140305281964127,0.5045231111111114,2.2452929303827824
264,1,0.06666666666666667,0.42117598160023784,4.832349999999996,0.26727998207147874,0.1593365533349859,0.1185428668971404,1.6106726935310023,0.3221566666666665,1.3304190560769293,0.03333333333333333,0.12304756564684173,0.1428433333333333,0.1793390931086087,0.15132706611538216,0.6363203230163663,2.075768426445471,0.009522888888888886,0.11355527558710368,0.03333333333333333,0.07277304796466141,0.14871666666666655,0.25254371046404867,0.1506303856053307,-0.019414446349243778,1.7044223039764923,0.009914444444444438,0.039719373825501836,0.06666666666666667,0.033358865474690046,0.04390000000000003,0.23435535028450988,0.15277122674284252,0.2931409249217812,1.7959924923339143,0.002926666666666669,0.008346104293188506,0.06666666666666667,0.5993016702377345,10.96173666666666,0.22861493980652445,0.15152946235205925,0.19407918625310883,1.571875303431914,0.7307824444444437,2.6937186896230374
265,1,0.03333333333333333,1.1380005045941113,42.348473333333374,0.20971403382326761,0.1335521800426535,0.5001146411506607,2.2218559263213833,2.8232315555555587,9.712838613423392,0.03333333333333333,0.34052901043741,1.7751366666666664,0.20470144082365785,0.14793409946582048,0.4915499907420704,2.057324709197963,0.1183424444444444,0.8697000521211127,0.03333333333333333,0.5906748524418013,13.492746666666669,0.21589942429557224,0.13780497555225452,0.4908940284622937,2.183522607285489,0.8995164444444446,2.6167258598035783,0.03333333333333333,0.2560432396430473,2.173806666666667,0.20919178223237286,0.13588900227511577,0.5582029550999309,2.3360284494085373,0.14492044444444446,0.4916860542518022,0.03333333333333333,2.4337870535016592,193.7248733333333,0.2180246252658639,0.13591077833582071,0.4177054949097166,2.179870088654096,12.914991555555554,44.42489566344216
266,1,0.23333333333333334,1.1281308728670865,39.79939999999998,0.26488481243882217,0.14514651547462754,0.17884733239622508,1.790290682930578,2.6532933333333317,9.54509449736891,0.23333333333333334,0.22949346208938468,1.0912733333333333,0.23200257596650026,0.13380624635843968,0.24537257798943285,2.0350079230278983,0.07275155555555557,0.3950043685632888,0.23333333333333334,0.7699531003179536,14.603633333333331,0.25778626084102585,0.13464964215233108,0.19891935905042052,1.907679520349175,0.9735755555555553,4.446208325169215,0.23333333333333334,0.30683567200232664,2.13459,0.2547473365654295,0.13708466109089187,0.21978469646296495,1.9009651053284373,0.14230600000000004,0.7061109720983955,0.23333333333333334,3.050791266050699,165.17108000000002,0.2639904958570857,0.13131523689534783,0.1925997258994589,1.9487513570580008,11.011405333333332,69.80495511758419
267,1,0.16666666666666666,1.1506689841614364,50.418186666666614,0.25982615709977863,0.139660901657564,0.10015795512648193,1.9488358376072865,3.361212444444441,9.93029333333334,0.03333333333333333,0.18198858446224153,1.0343000000000002,0.2390727011172242,0.14599453170488633,0.15484149743365896,1.7905778818276739,0.06895333333333334,0.2483988365592782,0.16666666666666666,0.6854199037410894,15.076936666666667,0.2495268274470228,0.13630063873581919,0.22243925492898675,1.8916594446880806,1.005129111111111,3.5235033333333323,0.16666666666666666,0.2641447414665763,2.5800800000000006,0.2419700459648943,0.13751971226331697,0.2575992523385547,1.937201560125858,0.17200533333333337,0.5232933333333332,0.16666666666666666,2.8273837926802785,197.94325000000003,0.235637470445012,0.14310502078159085,0.22926113785284552,1.7608343922898095,13.196216666666668,59.955743333333366
268,1,0.13333333333333333,1.0855395918341022,53.52634999999995,0.25861505208145336,0.13120572430320773,0.11487979039985789,1.9497073426313132,3.5684233333333295,8.837971540795118,0.03333333333333333,0.24834601514800492,1.2931599999999999,0.213735375997242,0.14607609358618256,0.42121293020979406,1.9715247285582524,0.08621066666666663,0.46256807429919816,0.13333333333333333,0.650176257237282,15.531706666666667,0.2589164156165584,0.13896728717436557,0.30192528967491167,1.916177656689332,1.0354471111111112,3.170468741063102,0.4,0.22856777481414814,2.4128500000000015,0.26350918808181467,0.14091758440114058,0.12393534784851666,1.8600666240360262,0.1608566666666668,0.39182420762618353,0.13333333333333333,2.8354624097090437,184.93527000000003,0.25514701072983736,0.14210102666897717,0.14055247966900633,1.7451691695554756,12.329018,60.29885307654762
269,1,0.3,1.1040530852670283,66.12401666666662,0.26174166871295984,0.13233703545404674,-0.16993612423764862,1.897065595438865,4.408267777777775,9.141999113157329,0.3,0.1446663444205426,0.84355,0.2712546389145877,0.13112876544829885,0.07226326318559924,1.9405703539592138,0.05623666666666667,0.15696263406002292,0.3,0.7209002269233242,17.950246666666665,0.26042355180958054,0.1288026320039376,-0.1652023288710708,2.004013480298561,1.196683111111111,3.897728528835752,0.43333333333333335,0.2597151219187639,2.9253666666666667,0.2587604211578278,0.13671768984352972,-0.050200996385749715,1.8839515994145362,0.19502444444444447,0.505889584149588,0.43333333333333335,2.54574655990966,249.6756966666665,0.26620079302119654,0.12277930700137181,-0.011266399796367014,2.0585316589311833,16.645046444444436,48.606191604689
270,1,0.2,1.9079174075328986,82.33222666666668,0.2837691533386743,0.1278883646475456,-0.20800410604601405,2.0143335980993258,5.488815111111112,27.301116254752923,0.2,0.22721320550775007,1.33224,0.24224685662486928,0.14819582007931756,0.15616725861646605,1.756705407013494,0.08881600000000002,0.387193805678303,0.2,0.6353815574876818,15.155436666666667,0.2888268745263293,0.12321496303005243,-0.2916322003334778,1.9389616550941355,1.0103624444444443,3.0278229269660417,0.2,0.27635595224795656,3.2279666666666667,0.28871530128141054,0.14149497953098938,-0.18242314219097902,1.760905647721527,0.21519777777777774,0.5727945925715614,0.2,2.8936868085886855,281.1763299999999,0.2549492603907395,0.13673442612175749,0.06400679740029826,1.888307948313442,18.74508866666666,62.8006750965013
271,1,0.03333333333333333,1.8720563097909844,100.01437666666664,0.260734373722945,0.15280644688870845,0.007799408472007276,1.8139960828447144,6.66762511111111,26.284461202711785,0.03333333333333333,0.3387913103173033,2.251766666666666,0.19094425054063247,0.14483469033706162,0.5091609401853814,1.8756873219295649,0.15011777777777774,0.8608466395988649,0.03333333333333333,0.6598940858037952,12.709050000000001,0.23261960937125623,0.14780877993951733,0.21027163418092024,1.7716386697774507,0.84727,3.265951533591199,0.03333333333333333,0.27772661156294987,2.4855533333333337,0.26718951042140726,0.16369826644081548,-0.02788946195394454,1.5893562053925758,0.16570355555555558,0.5784905307767823,0.06666666666666667,3.11342190209875,330.91199666666677,0.22929557677988915,0.14583700860388893,0.14101497233450047,1.811141494888599,22.060799777777785,72.7004695535115
272,1,0.2,1.9748819355711942,126.43668,0.26057940627125015,0.13838166605480873,0.16662755696358778,1.9009113359566205,8.429112,29.251189945840697,0.03333333333333333,0.24615368664329854,1.6436600000000003,0.1942266808617664,0.1350588600231211,0.5160683723182701,2.0705905593600735,0.10957733333333336,0.45443728086065416,0.2,0.66654985755544,14.39908333333333,0.22351188242097905,0.13137603211925686,0.33258827361861126,2.065263262083351,0.9599388888888887,3.3321653445538306,0.2,0.3851471017252036,3.587443333333333,0.21587758698882772,0.12098409632827596,0.16272550740876202,2.1371213682795984,0.23916288888888884,1.1125371747549326,0.03333333333333333,3.73070194293708,335.65060000000005,0.23600760526146614,0.14847370707668558,0.19759426674044736,1.7730076725750525,22.376706666666667,104.38602740275877
273,1,0.4,2.0508549906682148,160.89197333333334,0.2553481826116162,0.1382723033502758,0.18212615424470097,1.9419928685957648,10.726131555555558,31.54504644561542,0.23333333333333334,0.22685214370453285,1.9315166666666663,0.24601752589905757,0.14094750659888772,-0.006784377131761312,1.7854408856327404,0.12876777777777776,0.38596421327506525,0.36666666666666664,0.6002180838921762,20.016433333333328,0.25492209572055924,0.13097209568158072,0.021105003785856554,1.9508185084311724,1.3344288888888889,2.701963111733966,0.23333333333333334,0.3381085904246816,4.783163333333334,0.24557787765880806,0.122388667065042,0.05208070157692374,2.027538886107532,0.3188775555555556,0.8573806418922382,0.03333333333333333,5.114468827574954,495.139,0.22826054403739088,0.1430322204822374,0.10495653369882527,1.8834789942966692,33.00926666666667,196.18343541176944
274,1,0.4,1.5232660377356697,83.19673000000002,0.26799266111237346,0.13579776036769053,-0.2098531233587614,1.7562205230296546,5.546448666666668,17.40254566289195,0.4666666666666667,0.30684285284242413,2.523886666666667,0.3078416043187046,0.1520441875705697,-0.48313573573815,1.803891534875978,0.16825911111111108,0.7061440225535818,0.3,0.5611658446318042,13.211800000000002,0.26318583978992427,0.13496219753858874,-0.08790750620574965,1.8955822933966955,0.8807866666666669,2.3618032888599467,0.16666666666666666,0.23640642969259532,2.5070433333333337,0.27865533099692813,0.1359840511580087,-0.14575983219702282,2.014694800519763,0.16713622222222224,0.41916000000000003,0.3,2.675938334338011,297.7598833333334,0.2874016731042507,0.1523305082901616,-0.1885461306187328,1.7338595557961232,19.850658888888894,53.70484476884766
275,1,0.5,2.272666666666667,166.97437000000008,0.2520703162631734,0.14865215913096533,0.3390936251842172,1.9816312606507227,11.131624666666672,38.73760333333334,0.4666666666666667,0.2868715952960889,2.5924499999999995,0.2695347629663884,0.13696702735488883,-0.10638425963505989,1.9363481849181077,0.17282999999999998,0.6172148414079228,0.03333333333333333,0.7096112138559498,18.929049999999997,0.2708902216767001,0.15305069129769766,-0.04877377198715085,1.7876786172359787,1.2619366666666665,3.776610561225859,0.03333333333333333,0.3394663919484071,4.958740000000001,0.2359796300181809,0.1439282754603346,0.3700024245528245,2.0743837143162294,0.3305826666666667,0.8642807344685218,0.03333333333333333,3.3532502353546465,619.9605599999999,0.2556776719949194,0.13654658061409986,0.002914065875116066,1.9948912254996647,41.33070399999998,84.33215355679495
276,0,0.06666666666666667,0.3761650182700438,2.4213933333333317,0.19970249794174916,0.15203760722753087,0.5791673204060391,2.0392141157497234,0.16142622222222217,1.0612509072757679,0.16666666666666666,0.02173578718253481,0.011850000000000001,0.25707331187787696,0.14953896097505193,0.09295962756167947,1.659941481925606,0.0007899999999999998,0.0035433333333333337,0.06666666666666667,0.052256651016254284,0.059526666666666686,0.25179129754516,0.17301692418086972,0.10706857055787243,1.4137939775833026,0.003968444444444446,0.020480681815759422,0.03333333333333333,0.04494398404455355,0.04149666666666677,0.24233787279905566,0.15358372966319692,-0.05492892309663375,1.6003837101651324,0.0027664444444444516,0.015149712763478127,0.23333333333333334,0.5874726530222923,8.322449999999993,0.2420271895300223,0.14107741575475027,0.20438889065741836,1.9713948021001444,0.5548299999999994,2.58843088536788
277,0,0.06666666666666667,0.2105420894194062,1.113883333333333,0.21412645218599047,0.12688816355836088,0.514768677181666,2.0565770200981612,0.07425888888888886,0.3324597856281692,0.13333333333333333,0.010335148713401451,0.00585,0.2618071152027796,0.13800019998041735,-0.021034808524428978,1.8018127400618946,0.00039,0.0008011147419609277,0.5,0.032000000000000146,0.03417333333333343,0.29488987749485396,0.1584631271032065,-0.2517804002163274,1.6267834414048408,0.0022782222222222292,0.0076800000000000705,0.06666666666666667,0.03562461719948476,0.03334000000000009,0.245180466096819,0.12856389641128607,0.14774227449170352,2.0367054513390492,0.002222666666666673,0.00951835012957369,0.5,0.6013333333333326,8.750846666666659,0.2880565960659638,0.14986767107338686,-0.06271187161522367,1.8281696352312835,0.5833897777777772,2.7120133333333265
278,0,0.06666666666666667,0.2795084008945912,2.2254000000000005,0.23347526737838492,0.15136805165251693,0.2873060955133561,1.7136204712553333,0.14836000000000002,0.5859370962798864,0.5,0.018000000000000006,0.007363333333333335,0.29744402220056815,0.1615053490747659,-0.23605034575280673,1.5570868987963356,0.0004908888888888889,0.002430000000000001,0.1,0.030069338114209195,0.033126666666666804,0.23406673531049318,0.1398930736679315,0.3476000877768939,1.9431194845845512,0.0022084444444444534,0.006781238209699753,0.23333333333333334,0.040624934295690994,0.04664,0.2668070533729219,0.1442603188451827,0.0755986642253968,1.8606890469342978,0.003109333333333333,0.012377889648969076,0.4666666666666667,0.4464334704290751,7.204900000000004,0.2836249362377619,0.15430538279502706,-0.260915165397817,1.623002152289356,0.4803266666666669,1.4947713263951092
279,0,0.06666666666666667,0.30216437225611503,1.8528433333333347,0.22852279719266552,0.14867186605875873,0.25905884577946064,1.7058036430141836,0.12352288888888902,0.6847748089569905,0.5,0.022666666666666672,0.011720000000000001,0.286795095635417,0.1658177601668098,-0.13947063777987165,1.4979342230779307,0.0007813333333333334,0.003853333333333335,0.3333333333333333,0.04068305680637972,0.0348500000000002,0.24504497882269713,0.13919693098407548,-0.1425869108949812,1.7197459182486532,0.002323333333333347,0.012413333333333394,0.4666666666666667,0.039766077914354644,0.0357666666666666,0.2864868702482634,0.1385504028791589,-0.14807208940785466,1.8347368733251954,0.00238444444444444,0.011860057145178933,0.4666666666666667,0.48947413721071886,7.144820000000011,0.2816022653481152,0.1495027561432714,-0.39862457317944,1.788847711660042,0.47632133333333404,1.7968869824863323
280,0,0.06666666666666667,0.21209008659218778,1.113613333333338,0.21973883529485794,0.14036136294965193,0.5818199790956988,2.2122328012342938,0.07424088888888919,0.3373665362301129,0.5,0.016666666666666666,0.010356666666666667,0.2748767383514737,0.16536078398376958,-0.030858701062559963,1.496677106737795,0.0006904444444444445,0.0020833333333333333,0.3333333333333333,0.029143323992526036,0.03682666666666687,0.24101092853642492,0.13063171749870206,0.19933819699072203,2.115697004718335,0.002455111111111124,0.006370000000000079,0.36666666666666664,0.030049342765436145,0.030480000000000083,0.29762894348680397,0.15077420751985113,-0.33000960382887423,1.7656005731532727,0.0020320000000000056,0.006772222504760022,0.26666666666666666,0.36257501252883556,6.033266666666667,0.28993045558712555,0.1345661522721752,-0.3021063646073907,2.0418157626007236,0.40221777777777784,0.9859547978271395
281,0,0.03333333333333333,0.25699075620194617,1.571183333333329,0.2023411842768452,0.15001662882781577,0.5085459012506701,1.8437480339056682,0.10474555555555527,0.49533186579936095,0.06666666666666667,0.016195482186214832,0.009273333333333335,0.23230976164577608,0.1471975581443027,0.18649383594945995,1.603318520053455,0.0006182222222222222,0.001967202324330015,0.06666666666666667,0.03491235766959262,0.03813000000000018,0.22429033159439757,0.1419907524290804,0.2610292456665147,1.7551151613709897,0.0025420000000000117,0.009141545385371718,0.03333333333333333,0.026846652024945045,0.03688333333333345,0.2568228283778225,0.14621387703550534,-0.04377200113198584,1.7158288054771578,0.002458888888888897,0.005405570437113645,0.03333333333333333,0.36943053488489663,4.492606666666665,0.2488055496028935,0.15276782899647456,0.03440387790045463,1.6114150361785178,0.299507111111111,1.0235919007900562
282,0,0.06666666666666667,0.19097215834091422,1.3532199999999923,0.21447760886640502,0.13926054604783072,0.5854050448039969,2.191224733878108,0.09021466666666614,0.27352773946040415,0.06666666666666667,0.016195470535710167,0.00884,0.2593360327640403,0.1587032647255137,0.12253840510190597,1.5695104411978844,0.0005893333333333334,0.0019671994940479213,0.3333333333333333,0.03291065345919346,0.039053333333333495,0.2744777060508675,0.1491316193040672,-0.03297158150221137,1.674240351167666,0.0026035555555555664,0.00812333333333342,0.36666666666666664,0.03402848885505193,0.03222333333333334,0.2596474752740851,0.14245092066879442,-0.07073946031843567,1.7552591162082658,0.0021482222222222232,0.008684535403187948,0.1,0.41164186610815456,7.075783333333339,0.2352058103954935,0.14296089314657257,0.1618220070684074,1.722018765358752,0.4717188888888893,1.270867694497529
283,0,0.06666666666666667,0.2538293489997469,1.1264,0.2407142874053335,0.1562207279241627,0.2602350056274931,1.7268440069460453,0.07509333333333333,0.48322003810226494,0.1,0.015859749070296365,0.009340000000000001,0.23152168598696696,0.1326461570090942,0.3825801238720917,2.084756261014198,0.0006226666666666668,0.0018864873042957482,0.5,0.03666666666666683,0.058010000000000235,0.2988011139779018,0.14364550231639378,-0.18860818406964008,1.877488713465425,0.0038673333333333493,0.010083333333333423,0.03333333333333333,0.02303165676204105,0.026896666666666798,0.26558238088571995,0.1401157886480847,-0.20781569663260507,1.894339922502135,0.0017931111111111203,0.0039784290990335335,0.13333333333333333,0.48829825122813014,7.695399999999994,0.252719906637111,0.1328919281604021,0.18563173372334157,1.9496518753530987,0.5130266666666663,1.7882638661433756
284,0,0.06666666666666667,0.2320146038469292,1.4907266666666716,0.25191804056403766,0.15181282217407094,0.07108831582959256,1.7975103934204009,0.09938177777777811,0.4037308229868562,0.13333333333333333,0.013160665610121147,0.00889,0.263596929397274,0.13339302350949678,0.15621486455383965,1.9733648702451823,0.0005926666666666667,0.0012990233947606906,0.26666666666666666,0.04951804447925752,0.057700000000000126,0.28408457413400756,0.13259034888639265,-0.05510691482707971,2.033590417699812,0.003846666666666675,0.018390275467872943,0.26666666666666666,0.024740567467403746,0.03084333333333354,0.2594778785350869,0.13592842412077832,0.04829059980852231,2.037913015042144,0.002056222222222236,0.004590717589568675,0.03333333333333333,0.4211195396273439,6.587149999999995,0.24508498694769357,0.1471096698544233,0.11508451161014527,1.832027758386613,0.4391433333333329,1.3300624999195956
285,0,0.06666666666666667,0.2604209137415964,1.640583333333334,0.21527762757884178,0.14830561802717038,0.3802765511232734,1.8988677377489676,0.10937222222222223,0.5086428923550602,0.2,0.019964764845304704,0.013890000000000005,0.22422737228837236,0.13370912510752733,0.4996249915542311,2.4407781448746237,0.0009260000000000002,0.0029894387649623596,0.36666666666666664,0.040158109809248256,0.050409999999999996,0.2747191985615676,0.14004128950044306,-0.12774396242938138,1.8780493740242679,0.0033606666666666667,0.012095053375887307,0.03333333333333333,0.04101734210977859,0.03558333333333341,0.21185269650031582,0.14557171675093625,0.31457805467181765,1.7972817494528244,0.002372222222222227,0.012618167653129618,0.36666666666666664,0.44733917285896735,5.623700000000002,0.23588756945594266,0.13366107149969508,0.011747643505909039,1.7142261179862792,0.37491333333333354,1.500842516806088
286,0,0.03333333333333333,0.2662034893102347,1.4870100000000015,0.18871777350367436,0.14152820584242598,0.6630181172938624,2.2658461623816484,0.09913400000000011,0.5314822329070819,0.06666666666666667,0.0473033773831362,0.03875000000000001,0.17632674015933952,0.148400920399018,0.9070110211287,2.5447250455083172,0.0025833333333333333,0.01678207133888551,0.4,0.03266902760892541,0.037140000000000103,0.26290767429359435,0.14103601034433239,-0.1931965161504964,1.7226954255431677,0.002476000000000007,0.008004490236845482,0.03333333333333333,0.04505803184078242,0.031393333333333405,0.19151742857165602,0.144226377112221,0.5628826012281142,2.0306362706761787,0.0020928888888888937,0.015226696750237221,0.16666666666666666,0.45098755834033644,6.442330000000017,0.2576838138835197,0.15395592938128055,0.1026967293075873,1.7278385927877522,0.42948866666666774,1.525423333333338
287,0,0.03333333333333333,0.5189234307503572,3.51001000000001,0.17802889007662534,0.1367656701374922,0.518405156466403,1.9534525709417774,0.23400066666666733,2.019611452362906,0.03333333333333333,0.10055975549649374,0.0853,0.1419957632584224,0.14241585278828167,1.051031343808089,2.699926367038804,0.005686666666666667,0.07584198319135953,0.03333333333333333,0.12335412931851478,0.18041666666666634,0.19033719101304886,0.15451243632084324,0.5924038811375998,2.0036774904394883,0.012027777777777759,0.1141218091494665,0.03333333333333333,0.06285662050264705,0.07328666666666672,0.20940007379512365,0.15552860769841145,0.48050778025362817,1.823696938085825,0.004885777777777782,0.029632160557603423,0.03333333333333333,0.718716030424336,10.933389999999996,0.2125880253920694,0.14920531423972327,0.34487387531129193,1.8333696369695773,0.7288926666666664,3.874145492916863
288,1,0.06666666666666667,0.3300630709817245,2.777003333333339,0.2581773110132872,0.14444098063516062,-0.07362418263846529,1.8455315080728232,0.1851335555555559,0.8170622311941518,0.03333333333333333,0.08806405925361975,0.06718999999999999,0.15671117866689763,0.14560745415514176,0.8277544031255412,2.276181217701139,0.004479333333333333,0.05816458899168788,0.06666666666666667,0.1560989717844255,0.4700300000000005,0.19329992838924542,0.15569330828960973,0.5496052216133448,1.8112019866134685,0.03133533333333336,0.18275166744116153,0.16666666666666666,0.05370288632839029,0.07278333333333328,0.23559810169972745,0.138021603958851,0.29949730784243195,1.8524562895362104,0.004852222222222219,0.02163000000000007,0.06666666666666667,0.6078136446905718,9.097566666666673,0.2327585869828676,0.14676634007661263,0.11279609296615076,1.6382019931692553,0.606504444444445,2.770780700040275
289,1,0.13333333333333333,0.7621317100005992,28.484393333333376,0.23204032305456784,0.13211874679187843,0.13623382310533427,1.8612329906682732,1.898959555555558,4.356335575413281,0.03333333333333333,0.31454919465685677,1.3291666666666662,0.18743779497479074,0.1410298852375815,0.6057311308952804,2.174097229281206,0.08861111111111106,0.7420589689445788,0.03333333333333333,0.4786015736956492,8.496699999999999,0.229220037003879,0.138637489123844,0.18615227857011185,1.8147964822740394,0.5664466666666664,1.7179459975796394,0.03333333333333333,0.21753430295576448,1.3257133333333329,0.22048176121493304,0.13662274120887322,0.17757464615559482,1.827988186419042,0.08838088888888884,0.3549087972183774,0.03333333333333333,2.1699665246442468,143.33409999999998,0.22603115846162528,0.13988123510965925,0.2180746521240654,1.8090297709424012,9.555606666666668,35.31566038557473
290,1,0.13333333333333333,1.630923067032291,54.69247000000003,0.23644728086520198,0.13901192596331163,0.12321558163583103,1.761263404721619,3.6461646666666687,19.949325379335107,0.03333333333333333,0.21810670566101345,1.1828666666666667,0.228419479375467,0.15124444935185838,0.2276473045012678,1.7244246839636796,0.07885777777777779,0.3567790129072497,0.13333333333333333,0.7268554084295543,12.21240333333333,0.2514738207468496,0.142031067113592,0.05499046885985367,1.7582237669714915,0.8141602222222221,3.962390885724707,0.13333333333333333,0.2941262839611828,2.205189999999999,0.24455230785231613,0.14849801004600924,0.1447396956405381,1.7108480282637655,0.1470126666666666,0.6488270318761075,0.13333333333333333,2.637092588567592,172.80558000000008,0.2426332449260588,0.1407752888044976,0.12977857954630315,1.7658202521584336,11.520372000000005,52.156929905085924
291,1,0.03333333333333333,0.9411891680508494,40.200283333333296,0.23821083172859547,0.151217506853138,0.2572877044277826,1.7332384286629114,2.6800188888888865,6.6437778754218755,0.5,0.10333333333333337,0.41261666666666674,0.2834108378638601,0.1483344623527146,0.005498185349713397,1.701154925471863,0.02750777777777778,0.08008333333333341,0.03333333333333333,0.48676239111226843,9.013200000000001,0.24891166247558993,0.15367807442598125,0.19957465132765403,1.7829903686450177,0.6008800000000001,1.7770321905099975,0.5,0.20333333333333325,1.6659899999999994,0.2516857422436039,0.15718869367972954,0.19591968212436658,1.7121593669269468,0.11106599999999996,0.3100833333333331,0.5,2.031999999999999,99.10507333333328,0.2626751443193031,0.16345567731870383,0.15562248265817755,1.594404917108451,6.607004888888885,30.96767999999998
292,1,0.23333333333333334,0.7254191161970778,27.261936666666607,0.26996572561703036,0.14828195007748987,-0.08923341036567597,1.7972932749926598,1.817462444444441,3.946746706081121,0.03333333333333333,0.3995131282779767,1.8290966666666666,0.19986422135466217,0.1499978592787532,0.4218016660653956,1.943588991595737,0.12193977777777777,1.197080547498413,0.03333333333333333,0.5899999000329931,7.9478,0.23201100518608728,0.14321810008157193,0.0799327899622991,1.8166703571145153,0.5298533333333333,2.610749115292064,0.03333333333333333,0.19165923335049453,1.3189500000000005,0.23902171282292822,0.13736603653425322,-0.060011085044345776,1.7879927194716119,0.08793000000000004,0.27549946296374483,0.03333333333333333,3.2009673485515786,177.65652000000003,0.2299868649673042,0.14515584446868116,0.14481771761482343,1.8535477673545586,11.843768000000003,76.84643974869992
293,1,0.03333333333333333,1.330262009861298,50.99869999999996,0.22215954595847173,0.14647339115786245,0.35216613763449717,1.825871855789008,3.399913333333331,13.271977611601653,0.03333333333333333,0.3247077198718664,1.96774,0.2315416159784658,0.14867603835863313,0.22679467649294063,1.8504814616354557,0.13118266666666664,0.7907632750828987,0.03333333333333333,0.7494294232426297,16.054680000000005,0.2291212376992841,0.1478426964359427,0.34201236040968475,1.8622622332305325,1.0703120000000004,4.212333453163355,0.03333333333333333,0.36842721103704007,2.660666666666666,0.2222333046944706,0.15546902647742683,0.35446820044017796,1.739936607478711,0.1773777777777777,1.0180395737439876,0.03333333333333333,2.6367388442879083,236.17156000000003,0.2467242504693008,0.15260491713922014,0.21349252531594923,1.7834687405847667,15.74477066666667,52.14293799732551
294,1,0.03333333333333333,1.4961120636570069,66.83319999999998,0.25649148716030445,0.1595282374978983,0.12759397541371859,1.7802827377703543,4.455546666666665,16.78763480265021,0.5,0.21400000000000002,1.4506833333333333,0.26093911262800407,0.14920974517669233,0.17703765080657805,1.9114764187979414,0.09671222222222224,0.34347000000000005,0.03333333333333333,0.8794141357249331,20.75027,0.26228356951464543,0.15861037097575756,0.07344306312974247,1.7778334336751274,1.3833513333333334,5.800269165846234,0.03333333333333333,0.3234966047458711,2.87765,0.26467026271474287,0.15498518599088665,0.028451521387231254,1.8832742351977465,0.19184333333333334,0.7848753996157978,0.5,2.7713333333333328,196.01674999999994,0.2507791749855829,0.1546266833424394,0.3404050766848135,1.9279787681813334,13.06778333333333,57.602163333333316
295,1,0.5,1.6479999999999961,56.70487333333325,0.2822073127550732,0.1635466264385753,-0.11684368067127869,1.728117810291034,3.7803248888888836,20.369279999999904,0.03333333333333333,0.3500493248132645,2.135463333333333,0.2255144773429862,0.16151809813675072,0.32667306020999504,1.7301846586450678,0.1423642222222222,0.9190089735166677,0.5,0.6626666666666665,12.23236,0.2844282961574288,0.15747931638779392,-0.08077710826540077,1.7397471750989966,0.8154906666666667,3.293453333333332,0.5,0.37933333333333324,2.56287,0.29035903440945293,0.15661739610706776,-0.12293465815096133,1.795436471099704,0.170858,1.0792033333333328,0.1,1.6985330445224083,147.28262666666666,0.2550211284643856,0.15673023257084912,0.19136830874875146,1.7132525195728563,9.818841777777777,21.637608775009213
296,1,0.03333333333333333,1.4924341531192011,68.79757000000004,0.24151314504875057,0.1481139673129291,0.013643777680754858,1.7279606286132134,4.586504666666669,16.7051977604747,0.03333333333333333,0.3677275358272337,1.9801699999999995,0.19504275504166674,0.151535076240378,0.46741369672856753,1.8282728857066204,0.13201133333333329,1.014176554541771,0.03333333333333333,1.0184779021022903,16.136766666666663,0.20353316768881335,0.14310306404900328,0.18318681793332608,1.5779284271621155,1.0757844444444442,7.7797292780301195,0.03333333333333333,0.33652199851777603,2.4982033333333344,0.25708828118207816,0.16224913352768383,-0.08573219861809998,1.6152243120391474,0.16654688888888897,0.8493529161479854,0.03333333333333333,5.689549819074045,403.99249999999995,0.18029727900709328,0.1399907910010807,0.5161311898338168,1.907013382382706,26.932833333333335,242.7823285779412
297,1,0.36666666666666664,1.4134154181830378,70.63741666666667,0.24840348182045258,0.1385252052083264,0.054829103197926304,1.8245422576914065,4.7091611111111105,14.983073582681488,0.06666666666666667,0.15459740740321629,1.0644066666666663,0.22597548887940677,0.13645982809697313,0.20359924855484393,1.7907553526266682,0.07096044444444444,0.17925268781847023,0.1,0.704054282076669,17.722049999999992,0.22243144320800035,0.13996969954736851,0.3015484586709221,1.8733533528817026,1.1814699999999998,3.7176932408287033,0.03333333333333333,0.3304263619064431,3.953913333333333,0.2182025454621672,0.13560783142084096,0.20735613637653463,1.8993074274034143,0.2635942222222221,0.8188618548204579,0.3333333333333333,2.403653977685731,321.2811999999998,0.24026764696938024,0.13503625235510458,0.16202192099658744,1.8193947233014143,21.41874666666665,43.331643333333275
298,1,0.03333333333333333,2.435698856614407,98.04748,0.21307441117975323,0.1532442780179921,0.29014620460033075,1.6599395247588973,6.536498666666665,44.49471690084546,0.03333333333333333,0.5660308931320869,4.025533333333334,0.1929476692380717,0.15936720269390972,0.5488265369279961,1.7701469076522394,0.268368888888889,2.4029322898493097,0.03333333333333333,1.2943865699885415,26.71498000000001,0.1915656110679687,0.14940871343094703,0.4829388710200164,1.8265366322891319,1.7809986666666668,12.565774444250259,0.03333333333333333,0.4959682300291386,4.565809999999999,0.19850773286001708,0.1472167888605966,0.4066547311787711,1.7744266046234516,0.30438733333333334,1.8448836389867742,0.03333333333333333,6.4333189371360575,610.3203133333336,0.22574467972260898,0.1609899761049355,0.26125917238619845,1.6568642543329073,40.6880208888889,310.4069441018507
299,0,0.06666666666666667,0.34266712378362263,1.865209999999998,0.20855640822435995,0.15424744505293983,0.5179873646247614,1.8996900519354007,0.1243473333333332,0.880655682916054,0.4666666666666667,0.017780109192130543,0.012896666666666664,0.279606191663706,0.15537412516093738,-0.11711954504651023,1.716971072050357,0.0008597777777777777,0.002370992121630638,0.06666666666666667,0.04308790495239608,0.07619666666666669,0.2734540444817493,0.14202446131399635,-0.20257835243752736,1.7831406764265108,0.005079777777777779,0.01392425664890039,0.3333333333333333,0.03970446378487483,0.03899333333333334,0.2832187043714399,0.1360299642999679,-0.2062772878449281,2.055445683187012,0.002599555555555556,0.011823333333333276,0.4,0.35944080950644935,3.637893333333344,0.26055040206085706,0.14219753917951256,0.02826056041784639,1.5390870034533621,0.24252622222222292,0.968982716539887
300,0,0.03333333333333333,0.197624763499113,1.4716833333333303,0.23323612398076804,0.14797688602312534,0.21671419542477163,1.7817826406751498,0.09811222222222206,0.2929166036106026,0.5,0.017333333333333326,0.009019999999999999,0.314674463710022,0.14277878705855024,-0.36051066846683993,2.008571597987174,0.0006013333333333333,0.0022533333333333316,0.43333333333333335,0.045227803672173966,0.054250000000000104,0.2801607653031421,0.14483126050583175,-0.10254520843934058,1.6896595776705274,0.0036166666666666734,0.015341656687565349,0.1,0.02782079347019224,0.02524666666666655,0.25914873997992144,0.13828799675141698,-0.15838252487254775,1.7036403382521657,0.0016831111111111031,0.005804974119833184,0.03333333333333333,0.3965559372475147,3.3107400000000062,0.2374055535677018,0.1566838898325834,0.02820709964856347,1.5065219825757215,0.22071600000000038,1.1794245852469112
301,0,0.06666666666666667,0.2506623510797281,1.939389999999996,0.22629997822017164,0.1456159048926229,0.33864387301754395,1.95185782523641,0.12929266666666642,0.4712371068661266,0.1,0.012506028758385026,0.0092,0.24422855570352067,0.140228509733386,0.1854512570122595,1.993372227244583,0.0006133333333333334,0.0011730056647916499,0.4666666666666667,0.0377686926480865,0.054870000000000044,0.22921683991386085,0.15129156421795356,0.3405023547211796,1.7163861785223276,0.0036580000000000024,0.010698556082592176,0.03333333333333333,0.02495071332917282,0.029716666666666662,0.2685245746866371,0.1490556323403865,-0.0872174411188712,1.7876266122579076,0.001981111111111111,0.004669035717259217,0.03333333333333333,0.2675334471779165,3.1864999999999988,0.23866678245113213,0.1477005429248208,0.11881668320823054,1.6941647893764733,0.21243333333333328,0.5368060901917427
302,0,0.03333333333333333,0.3520758213217663,2.1633166666666677,0.21631773950240918,0.1566764046183176,0.2779910843934932,1.6421654568832131,0.14422111111111122,0.9296803796954723,0.16666666666666666,0.015099668870541498,0.010100000000000001,0.25297533555958013,0.13875350074177117,0.08531436018073575,1.9608153479072425,0.0006733333333333334,0.00171,0.06666666666666667,0.060043831430771646,0.06928000000000009,0.24531322434253847,0.15771826068423114,0.20344441743895672,1.6219501801175848,0.004618666666666673,0.02703946269665191,0.16666666666666666,0.03317294747899925,0.04076000000000003,0.25902666335886454,0.14000656288885147,-0.049961373686530655,1.8815757692032726,0.002717333333333335,0.00825333333333332,0.26666666666666666,0.2986140995531355,4.0490166666666685,0.26533712144108956,0.14819683376952464,0.033317126942019375,1.6590354294598622,0.2699344444444446,0.6687778533894745
303,0,0.06666666666666667,0.33262356659449005,1.7343200000000025,0.2285312192512438,0.15416922978649197,0.35315855590949796,1.7380152464987808,0.11562133333333348,0.8297882779052936,0.03333333333333333,0.017797476356046987,0.009326666666666669,0.2346966157275268,0.14648240082750644,0.03910101764641713,1.6614624228434278,0.000621777777777778,0.002375626234830386,0.4,0.028190302247778232,0.03724000000000008,0.2541299075226732,0.14017950971151955,0.008253325796992122,1.8160385491215283,0.002482666666666672,0.0059601985561581776,0.3333333333333333,0.048867166891482565,0.05891666666666668,0.2544810622660935,0.13310958547045068,-0.21953618793447882,1.9308756013948922,0.003927777777777778,0.017910000000000075,0.4666666666666667,0.3464879772050195,4.151790000000003,0.2591997024833776,0.14523666856270914,0.01627618507048915,1.626961081088991,0.27678600000000025,0.9004043876071958
304,0,0.06666666666666667,0.3033759323270635,1.9721599999999997,0.2299502517623552,0.14718828638901005,0.44902656002666647,1.9447707451882548,0.1314773333333333,0.6902771723648625,0.2,0.015356837912184488,0.00959,0.22577949583436874,0.14341747676634012,0.2818962882011729,1.8347375062313411,0.0006393333333333333,0.0017687435299583013,0.16666666666666666,0.03426044042007891,0.054339999999999763,0.2588649238508314,0.15108798674609317,0.11786932692511733,1.7405071377236438,0.003622666666666651,0.008803333333333326,0.3333333333333333,0.0435787919877446,0.04861333333333344,0.2592567328641877,0.14316587803322217,-0.15216218339500776,1.6868622279686776,0.003240888888888897,0.014243333333333347,0.1,0.31814497980632944,3.5807599999999984,0.25077001782157715,0.15291268627596585,0.04809032487620348,1.5819016896383806,0.2387173333333332,0.7591217113197732
305,0,0.06666666666666667,0.23827465517492055,1.6176799999999985,0.21140339023231047,0.13583798903519936,0.40154802841427994,2.136620143199211,0.10784533333333325,0.4258110847404547,0.23333333333333334,0.01563963837213089,0.010176666666666667,0.24851709128357605,0.14939999627310513,0.12899106158505433,1.764474600902386,0.0006784444444444447,0.001834487163082717,0.03333333333333333,0.054426018474319805,0.07489999999999986,0.24392514132527562,0.15873097089178026,0.20420632829566757,1.7257225197622148,0.0049933333333333245,0.022216436152252505,0.36666666666666664,0.026572526668825824,0.03385000000000001,0.2621320472627543,0.14107508436907634,-0.09539640905986362,1.9752700174841795,0.002256666666666667,0.005295743801740947,0.1,0.3931989936184501,3.9560666666666657,0.24806472788407274,0.13211942113666106,0.378216499725413,2.0463531754210638,0.2637377777777777,1.159540864369215
306,0,0.06666666666666667,0.16450444331057004,1.0671933333333317,0.22330605883206042,0.13447603804335093,0.4064523892800661,2.0917113020965448,0.07114622222222211,0.20296283901690415,0.03333333333333333,0.01846520833955782,0.01186,0.2259933532392555,0.1441504031017335,0.35658013542044453,1.9849345997156023,0.0007906666666666667,0.002557229392674567,0.06666666666666667,0.031679901614518884,0.043400000000000064,0.2465158843743204,0.15398952773436997,0.06725230991565931,1.5208699789915379,0.002893333333333338,0.007527121247291973,0.03333333333333333,0.035734502041049485,0.038376666666666705,0.24749280835584433,0.1569921387842606,0.1736607595609292,1.747229522088168,0.0025584444444444474,0.009577159770913276,0.13333333333333333,0.2767042838288664,3.0857499999999956,0.2324340255920972,0.12549263185848122,0.12510283939888778,2.0438126236601586,0.2057166666666663,0.5742394551693439
307,0,0.1,0.27164278773809186,1.4789566666666638,0.1990488553995936,0.15457356735943786,0.6269557305628326,1.8039100134681791,0.09859711111111093,0.5534235309759153,0.06666666666666667,0.01542350977868339,0.010706666666666666,0.22873413379672777,0.1338215743737263,0.24916920359522798,1.8126519466477737,0.0007137777777777777,0.0017841349041985662,0.16666666666666666,0.029051678092668027,0.04254000000000001,0.2424886439875903,0.13840016464284177,0.19179345775327739,1.8360985276168649,0.002836,0.006330000000000056,0.1,0.03231206641604581,0.02957999999999997,0.24606873754377778,0.15256949953744156,0.34198470147544485,1.8278792698575983,0.0019719999999999985,0.007830522270562168,0.03333333333333333,0.421970585165769,4.327036666666654,0.20997025980889938,0.13398000875970212,0.2709688337098713,2.077967062212844,0.2884691111111103,1.3354438105885613
308,0,0.06666666666666667,0.2681326015930063,1.5514500000000013,0.244358257046701,0.14540258923840574,0.31119812795526036,1.764281897036391,0.10343000000000009,0.5392131902777538,0.36666666666666664,0.018201424989076304,0.011070000000000002,0.23011669093228557,0.13378667811037778,0.17277316997837966,1.7926265604772018,0.0007380000000000002,0.0024846890372472855,0.2,0.04279922427440754,0.04311666666666677,0.24210952037615613,0.13647574099605647,0.395904356387899,2.1873011001145053,0.002874444444444451,0.01373830198868277,0.4,0.02633647131300125,0.029783333333333294,0.2581602628237067,0.13827208503662633,-0.07346338901284942,1.7486938448744367,0.001985555555555553,0.005202072909154033,0.1,0.31536983418964265,4.660516666666665,0.22818317884334519,0.1331562845337121,0.329263048790674,1.9913130851401863,0.3107011111111111,0.7459359923760204
309,0,0.43333333333333335,0.1942303220428366,1.9706999999999997,0.2572479262534745,0.15698890012063166,0.032384758654135086,1.5293296489904595,0.13137999999999997,0.28294063500648015,0.03333333333333333,0.09475631562925008,0.09141333333333333,0.15381981729177044,0.14958591081760245,1.1249370890280672,2.9250395962463083,0.006094222222222221,0.06734069513722546,0.2,0.05328452609653289,0.08343333333333339,0.24626617209366336,0.1397563130560338,0.17012220321689797,1.91250079008417,0.005562222222222227,0.02129430540999071,0.03333333333333333,0.04333844272774233,0.06305999999999992,0.25003480575409937,0.1488664900963053,-0.029460867838951483,1.6391526380660466,0.004203999999999995,0.014086654635493514,0.1,0.4091319109436252,5.348150000000007,0.22530240617657482,0.15293024769494148,0.25497784389062067,1.5578262788501032,0.35654333333333377,1.2554169041428687
310,0,0.03333333333333333,0.35988095854018004,3.603659999999994,0.2576762504161092,0.1594657697986952,-0.07074826574530307,1.564895578404154,0.2402439999999996,0.971357282398491,0.03333333333333333,0.09118378658447676,0.07287333333333335,0.15934258146499905,0.14731745172847577,0.9028832240509831,2.512542997770637,0.004858222222222222,0.062358622019125544,0.03333333333333333,0.1417122617895129,0.4054799999999999,0.2098903298647436,0.15626289086164225,0.45199394232222956,1.76432042012858,0.02703199999999999,0.15061773856124583,0.03333333333333333,0.09402463198621169,0.15594999999999987,0.19487940523743527,0.15185892252506586,0.5816061544401009,1.9329019593730286,0.01039666666666666,0.06630473565106908,0.03333333333333333,0.7488118784369491,8.112209999999992,0.2434536620975814,0.17325258964663046,0.0820259695488908,1.431866960760803,0.5408139999999996,4.2053942196620415
311,1,0.3,0.29535576267202407,3.8914466666666714,0.27114661386008854,0.1492256331205312,-0.08372797052785527,1.8513306109968548,0.2594297777777781,0.6542626990767976,0.03333333333333333,0.13993718376861325,0.18336666666666665,0.1642344325488505,0.15122137052878268,0.8864286892805857,2.385832821037691,0.012224444444444444,0.14686811550817974,0.03333333333333333,0.22838707357046203,0.9699666666666672,0.1995213550978291,0.15482771584517213,0.6083405514610964,1.9721728005855383,0.06466444444444448,0.39120491530559737,0.03333333333333333,0.0893616453333563,0.20507,0.18441234194642342,0.14022897586618607,0.6771504206004115,2.1533344328078434,0.013671333333333332,0.059891277425134205,0.03333333333333333,1.092539557971718,22.749999999999993,0.216640237481824,0.15924479879524006,0.4563610750419842,1.7903450271154868,1.5166666666666662,8.95232014299778
312,1,0.06666666666666667,0.7539062504905948,28.044686666666642,0.2320892775107223,0.14257505753554234,0.257391726469745,1.8563905976086283,1.8696457777777764,4.262809758965906,0.03333333333333333,0.2867145884819851,1.3387666666666669,0.18520666743060066,0.1385685477153559,0.6696818448468698,2.3016665142862527,0.08925111111111114,0.6165394143629556,0.06666666666666667,0.44989148433267545,9.025850000000002,0.22583954738775663,0.1401584053357513,0.259856359977199,1.7899425983778694,0.6017233333333336,1.5180176075629348,0.03333333333333333,0.2003771919597716,1.7022100000000002,0.2173988127313696,0.14113529988149162,0.3677489141146914,1.9061853472904173,0.11348066666666666,0.30113264293262365,0.03333333333333333,2.052079817301705,156.2298600000001,0.2173040480907885,0.14473129350616037,0.42885307607272266,1.933789734122724,10.415324000000005,31.582736824327494
313,1,0.06666666666666667,1.1875855429133295,36.74949999999997,0.2380141814336986,0.15028522270003586,0.06251282038953922,1.6849916071487865,2.4499666666666653,10.577695663025606,0.3,0.1770932248339345,0.78345,0.27923048484765733,0.14382662305487173,-0.15811213183277859,1.9483366652178085,0.05223,0.2352150771156186,0.06666666666666667,0.6495564217218487,13.370730000000002,0.24446055736913305,0.15075988079134223,0.014814675703391263,1.686878281432592,0.8913820000000002,3.164426587500691,0.06666666666666667,0.26459482192137584,2.2396800000000003,0.25126043840656304,0.15568903325568786,-0.0009198677567231993,1.639314688122284,0.14931200000000003,0.5250781484070345,0.3,2.306592728640508,158.52768000000006,0.25332179642123,0.15045633023222224,-0.015121097676606049,1.6764170129556502,10.568512000000002,39.902775118629485
314,1,0.03333333333333333,0.7736143901211264,36.842579999999984,0.2590772004457837,0.14220339116446318,-0.010769656106941167,1.8149276012243676,2.4561719999999996,4.488594184518618,0.03333333333333333,0.26777358928566714,1.5580166666666666,0.26044757026966336,0.15727638123914345,-0.0675443710266252,1.6958496305701987,0.10386777777777777,0.5377702133919686,0.03333333333333333,0.5381715280591286,13.406196666666663,0.2629168394494562,0.1476795996993882,-0.041746317109929265,1.7548392526807841,0.8937464444444442,2.1722144521012305,0.03333333333333333,0.25524484487435106,2.2311600000000005,0.25851656634109926,0.149799031595759,-0.05246357244729681,1.712941105445591,0.14874400000000002,0.4886244812619865,0.03333333333333333,2.621510684611394,268.23071666666675,0.27474059905714227,0.15373919050940507,-0.07016811325652694,1.7447763269421213,17.88204777777778,51.54238702148775
315,1,0.2,1.0703676143624705,37.16566333333335,0.2516265144937953,0.13078789559085935,0.04191329692273419,1.9038141865625104,2.4777108888888892,8.592651224070046,0.03333333333333333,0.235378802297907,1.6501499999999996,0.21593971474962684,0.14647139452311195,0.4495530504428914,1.9234053331306726,0.11000999999999996,0.4155238542839789,0.43333333333333335,0.5363409072928712,10.839233333333329,0.24565120892232106,0.13672709415604103,0.08757965218257281,1.781949289342981,0.7226155555555552,2.1574617662680518,0.43333333333333335,0.1890804887299398,2.0339533333333337,0.24153446216153512,0.14038688546052344,0.18137984758395503,1.7983590508269307,0.1355968888888889,0.2681357341376467,0.16666666666666666,2.4797312578404767,248.29148666666669,0.2601782294306505,0.15375146124381356,0.13985185046892995,1.664120991187871,16.552765777777783,46.11800333333335
316,1,0.03333333333333333,1.3764246347393556,62.8243166666667,0.21822560613154346,0.1362920473111007,0.304650887108528,1.9923947687889176,4.18828777777778,14.209085813380264,0.23333333333333334,0.1390200589843268,0.9656999999999998,0.2516263341533547,0.1456361030627938,0.15684940559532504,1.961076748417009,0.06437999999999999,0.14494932600004276,0.03333333333333333,0.6523897310384388,11.112200000000001,0.21310913352681407,0.14059132924758774,0.3478836145680778,1.9487468231268015,0.7408133333333333,3.1920927087330493,0.03333333333333333,0.36063470621844285,2.4695066666666667,0.2100180042111284,0.15197676993162448,0.3461444420601427,1.727080639035646,0.16463377777777774,0.9754304349694694,0.03333333333333333,2.589022432893656,204.03595,0.23536910863375735,0.1590312334698577,0.3756528968697344,1.8234955769930665,13.602396666666667,50.272778685199384
317,1,0.03333333333333333,1.9371958485888314,75.60597999999993,0.2543132043996247,0.15735595833446564,-0.09326626192572585,1.6952843024417659,5.040398666666661,28.14545816842352,0.03333333333333333,0.41038462767903544,2.4065199999999995,0.22052893018321465,0.1586100506693592,0.2419648818612407,1.7132165266750365,0.16043466666666664,1.263116569764454,0.03333333333333333,0.9183599933428201,17.928329999999995,0.26014285224725997,0.16037205521826375,-0.06262258174819667,1.7690416591887015,1.195222,6.325388080294685,0.03333333333333333,0.4165639284775812,3.0193666666666656,0.24292211224181562,0.15693818862698855,-0.03419776120131643,1.6211482245753925,0.20129111111111103,1.3014412988150654,0.03333333333333333,4.8883781020330614,430.0703366666666,0.22293532936922836,0.14179377692113654,0.05632987743663417,1.7734472251915674,28.67135577777778,179.2218035132727
318,1,0.06666666666666667,1.5755035703350342,81.72505999999996,0.23615509513008773,0.13905248694455202,0.09643258446387326,1.749848451126069,5.44833733333333,18.616586251038303,0.03333333333333333,0.4267619678878865,3.34527,0.21665663254316103,0.1447557183638557,0.1855676795607318,1.8174289819031297,0.22301800000000002,1.365943329266561,0.26666666666666666,0.8504504321349176,21.282423333333334,0.24473635513783812,0.14433776741197038,-0.03906380985044153,1.870025477482154,1.4188282222222226,5.42449453138851,0.03333333333333333,0.4203765837964685,4.2903,0.2333055007190666,0.14895067904335374,0.04174129374476972,1.6894259657027213,0.28601999999999994,1.3253735415329198,0.03333333333333333,3.344096383528452,425.23233000000005,0.23377360837341263,0.13892072594663488,0.02700002447375742,1.8668989658019668,28.348822,83.87235466746054
319,1,0.06666666666666667,2.0272567225156153,153.0471766666666,0.21805755232443502,0.14064103030789532,0.48038287022395987,2.092514321209314,10.203145111111105,30.823273642385654,0.06666666666666667,0.3113084943195953,2.8212200000000003,0.21259479337562884,0.1447991644991321,0.5066514042407173,2.084420866972805,0.18808133333333335,0.7268473397665011,0.03333333333333333,1.003099901942032,28.60725,0.19383182615092837,0.13222038462717411,0.5082593540400784,2.197326558887973,1.90715,7.546570599570854,0.06666666666666667,0.512384571877162,6.5535,0.21046228352208143,0.145754476808868,0.540709027197218,2.1365044429193922,0.43689999999999996,1.9690346212330694,0.03333333333333333,4.4543243527268945,449.9777700000001,0.1866247428786268,0.13427254518008044,0.6707580473059214,2.3990371934653103,29.998518000000008,148.807540794719
320,1,0.2,2.421366957384428,177.14712999999995,0.22739030627933995,0.1443390301417875,0.5009432765565566,2.0971568974957484,11.809808666666665,43.97263456734842,0.1,0.33076513712051964,4.031933333333335,0.20556646189966266,0.13753428768669046,0.6480430148181436,2.2323916389199434,0.2687955555555555,0.8205418195076711,0.16666666666666666,0.9676819955152856,30.016016666666673,0.20080327752871732,0.12832314094505434,0.7950703662614134,2.681565686884675,2.0010677777777786,7.023063333333339,0.2,0.41424755644230826,5.439423333333334,0.2105456264062401,0.13495088142274386,0.6773273474014379,2.3176582712722134,0.36262822222222224,1.2870077851381754,0.13333333333333333,3.4511378270684037,506.89878,0.21314512000803576,0.13079472243157753,0.3585195749301794,1.9540367645049168,33.793251999999995,89.32764226066818
321,1,0.2,2.1210783944234715,94.92984999999993,0.2603466739302374,0.12183719066087291,0.10455140573462225,2.0704050640857115,6.328656666666664,33.74230166467539,0.03333333333333333,0.3681199567323016,4.988183333333333,0.2317676458693927,0.15638247003466116,0.3922691505135783,1.7824302311830107,0.3325455555555556,1.016342269084437,0.06666666666666667,0.8312381507207965,21.81770333333334,0.20735177853731662,0.12781190895206532,0.5752533289345227,2.327244786257971,1.4545135555555564,5.182176474102972,0.03333333333333333,0.4132804354905163,4.4193,0.21589538389384588,0.13202293004575275,0.26471970166902997,1.998288382896507,0.29462000000000005,1.2810053876942313,0.2,3.600575128133896,654.6636499999997,0.2152946376462071,0.13508493596036325,0.33018217148182405,1.9069440681797618,43.644243333333314,97.23105940002317
322,0,0.06666666666666667,0.2900140121958736,1.945600000000003,0.2405205189547018,0.15345566730015833,0.15638292025207673,1.6991425849384247,0.1297066666666669,0.6308109545246122,0.03333333333333333,0.019346740333260993,0.009373333333333334,0.23406788879439164,0.15381949138918458,0.12035355425598197,1.5774049033424125,0.0006248888888888889,0.0028072227114197073,0.16666666666666666,0.025333333333333236,0.030689999999999634,0.2882745438545565,0.12627840089848208,-0.2558808473365943,2.0382791085350545,0.002045999999999976,0.004813333333333297,0.4666666666666667,0.02316633369100545,0.025583333333333187,0.24727591773347618,0.14834173556026115,0.32264154698792735,1.8354284240894387,0.001705555555555546,0.0040250926251226065,0.4,0.26588723037966355,2.2051666666666727,0.26925883146323176,0.13268984095688025,-0.08995866428305654,1.7333082511513251,0.14701111111111148,0.5302201445922622
323,0,0.06666666666666667,0.21311669318043966,1.038260000000001,0.2489225017497262,0.15016527600227209,0.07364307650098309,1.6995202642105034,0.06921733333333341,0.34064043684124246,0.06666666666666667,0.014708058064124995,0.00637,0.2532052248572696,0.13859284966924432,-0.11209516727310098,1.7260625798960425,0.00042466666666666667,0.0016224522901325425,0.4666666666666667,0.01959186286006732,0.01580999999999972,0.2609808362674564,0.15084132780074522,0.024293761588798254,1.6347556225786448,0.0010539999999999812,0.00287880817745764,0.5,0.04533333333333337,0.03577999999999996,0.2842428552021551,0.15260471475218687,0.05195961817844507,1.7472167594340455,0.0023853333333333305,0.01541333333333336,0.06666666666666667,0.3246232079605317,4.043400000000004,0.23927871705128653,0.13880515244321284,0.1696512803036033,1.835653480807909,0.26956000000000024,0.7903517035993997
324,0,0.06666666666666667,0.19518688740956075,1.3143499999999992,0.24725511763409214,0.16092935310766115,0.1729269515560012,1.675810981645564,0.08762333333333329,0.2857344076247441,0.3,0.019817515144170475,0.007896666666666666,0.2912442710072519,0.14247847956958754,-0.34625208394024304,2.11738431490986,0.0005264444444444444,0.002945504298670696,0.03333333333333333,0.038164762038508354,0.028163333333333134,0.20932515302808116,0.15269253787218537,0.3937641879092323,1.7459937356667175,0.0018775555555555423,0.010924117960919763,0.5,0.04066666666666693,0.05031000000000003,0.2701280542085237,0.1577429991940697,0.022971779354317892,1.6364163487011643,0.0033540000000000024,0.01240333333333349,0.03333333333333333,0.42794312311031113,6.446930000000009,0.24880802021444948,0.16202169095530358,0.17003668034212566,1.6172979766751132,0.4297953333333339,1.3735148746305517
325,0,0.3333333333333333,0.16281004610008354,1.0406500000000038,0.25634762199187494,0.15460032835922183,0.04644487458868478,1.5550449963560702,0.0693766666666669,0.19880333333333494,0.06666666666666667,0.01640234117326079,0.01149,0.24854333471902543,0.14511579197137614,-0.015488269070945283,1.7087037834720809,0.000766,0.0020177759697303454,0.03333333333333333,0.029309952922277553,0.028799999999999836,0.22832541350567834,0.15107587181467383,0.2829527063911963,1.7206278095724523,0.001919999999999989,0.0064430500522959485,0.06666666666666667,0.03350767728143561,0.04156666666666657,0.2508561682391281,0.15237295283431693,0.11383246790627986,1.6496168324765552,0.002771111111111105,0.008420733275976273,0.5,0.4153333333333331,4.5568900000000045,0.27365379759497294,0.1514243470657923,0.21436633253028772,1.7094474459478137,0.303792666666667,1.293763333333332
326,0,0.06666666666666667,0.26682171668284715,1.3351000000000006,0.21500715276091684,0.15386966425368898,0.49205250283946966,1.8126467342369024,0.0890066666666667,0.5339537137018616,0.06666666666666667,0.020563909683801295,0.010820000000000001,0.2465629481957631,0.14576484786018706,0.14863606706395216,1.8071917470470853,0.0007213333333333333,0.0031715578611265253,0.06666666666666667,0.02237303037417513,0.022499999999999958,0.2657477598931879,0.15040299278267594,-0.05400308164634084,1.6649100104580339,0.0014999999999999974,0.003754143660928222,0.3333333333333333,0.03167192938725243,0.030899999999999955,0.25277414475550536,0.1337452005631923,0.010475468411009223,1.9100781995238827,0.002059999999999997,0.007523333333333282,0.13333333333333333,0.3671634076505328,3.8307500000000076,0.2685642031151728,0.1419591535500885,0.13805116815371538,1.7932744422618039,0.25538333333333385,1.011067259381635
327,0,0.06666666666666667,0.35138100157381685,1.583850000000008,0.1768276998159214,0.13227111971422037,0.8730596459900296,2.539320996865594,0.10559000000000054,0.9260145620026402,0.1,0.016377895447811167,0.008056666666666667,0.22848212972144274,0.13945713129860307,0.4321896203561043,1.8765182275582017,0.0005371111111111111,0.002011765944745753,0.36666666666666664,0.028243645868859104,0.022609999999999953,0.26593058120315594,0.14488421240578694,-0.041699169455183746,1.8163192217487176,0.0015073333333333301,0.0059827764897414145,0.36666666666666664,0.034506780938270545,0.035559999999999994,0.26938671351183824,0.14269533347369814,-0.08783842255049507,1.910077251012977,0.0023706666666666663,0.008930384480413438,0.5,0.5846666666666683,8.243716666666685,0.27463707744605415,0.1541920910595051,0.015125088137007492,1.7467578662929863,0.5495811111111124,2.563763333333348
328,0,0.06666666666666667,0.3176392264653054,1.6320000000000068,0.20341136199202473,0.15737628344674615,0.4459867226783791,1.6962037012856477,0.10880000000000044,0.756710086421082,0.13333333333333333,0.024065164575040883,0.009366666666666666,0.20880068505847438,0.13920577599178335,0.5646223254588765,2.020909085847966,0.0006244444444444444,0.00434349109517852,0.03333333333333333,0.0385879862083191,0.04293999999999981,0.24759776116441448,0.14902430983632295,0.062497889976767626,1.7198895239591372,0.002862666666666653,0.011167745097100692,0.4,0.03284514240561242,0.029963333333333377,0.2671681020138789,0.14796626955168823,0.03514469554669382,1.707553060660457,0.001997555555555559,0.008091025347337195,0.1,0.44858056966561605,7.0641500000000095,0.24217275714947906,0.1563508160587748,0.2759628115222312,1.6789983631288317,0.47094333333333405,1.5091839561114646
329,0,0.1,0.27634598007764777,1.2920333333333351,0.2328369230350292,0.14455274655487726,0.3504735070295333,1.8478441516030155,0.08613555555555567,0.5727532552880679,0.1,0.014674416177029382,0.009553333333333334,0.23280315393637732,0.13892725995686503,0.2590265438048041,1.826685354542364,0.000636888888888889,0.001615038676024962,0.16666666666666666,0.03457037909990435,0.03924999999999984,0.23533006020179933,0.13883842469125035,0.29065284578710004,1.6998802504372088,0.0026166666666666565,0.008963333333333275,0.03333333333333333,0.0465285372652372,0.04458000000000003,0.23756316897946328,0.1442537477570856,0.013599156038705713,1.7705979978196087,0.0029720000000000024,0.016236785850319253,0.5,0.34066666666666806,5.4110500000000235,0.2612103914140379,0.16320527516832278,0.06025701658665119,1.5844096126919227,0.36073666666666815,0.8704033333333404
330,0,0.1,0.1935790903555007,1.167249999999998,0.21547300630144206,0.14559619343414515,0.46378715199780557,1.9381588960665628,0.07781666666666652,0.2810464816714733,0.06666666666666667,0.04397409286460924,0.036989999999999995,0.18248948664875006,0.14897328227309298,0.7835527429401064,2.2332096052023274,0.002466,0.01450290632448958,0.13333333333333333,0.04147804076680854,0.038193333333333204,0.20020951171781,0.1430042382072388,0.6392772783545212,2.055762422693293,0.0025462222222222136,0.012903208993897736,0.23333333333333334,0.03590309800563592,0.033530000000000115,0.22149507749450498,0.13900044811474194,0.3358892978960515,2.0046262718490846,0.002235333333333341,0.00966774334801723,0.5,0.3966666666666678,4.500116666666688,0.3061452564950126,0.14869985105537153,-0.3929613604037935,1.9610288065632264,0.30000777777777926,1.18008333333334
331,0,0.03333333333333333,0.2749226685123854,1.4133800000000005,0.195561435341273,0.13213110064503403,0.42886427703545166,2.069659365861026,0.09422533333333337,0.5668685524647822,0.03333333333333333,0.11611283796860167,0.12182666666666672,0.15300989414386618,0.15291138151556333,1.0149194619635569,2.5491963675502975,0.008121777777777782,0.10111643355842061,0.03333333333333333,0.08287122782998865,0.12145000000000002,0.17841737443263816,0.13013157148705484,0.6573274003807666,2.474035743168851,0.008096666666666665,0.051507303015374144,0.03333333333333333,0.07297333705611213,0.06255,0.20071746549432876,0.14849703903027625,0.4498722820889201,1.9846150849972288,0.004169999999999999,0.03993830940828711,0.03333333333333333,0.4711805643058777,6.699403333333329,0.25944057640149687,0.1490936472290767,-0.28436601750403573,1.5624250251661376,0.4466268888888886,1.6650834313470397
332,1,0.2,0.2926100100737716,2.4778500000000023,0.26239259470492465,0.14607411133103682,0.13984721513054796,1.7002285463686224,0.16519000000000011,0.6421546349652952,0.03333333333333333,0.07682694281733915,0.05906333333333334,0.20456710633215158,0.17204336640493675,0.4397689978868148,1.6328347365346243,0.003937555555555556,0.04426784356994025,0.03333333333333333,0.17526306358810356,0.44917999999999986,0.20962213725962556,0.15801926611853065,0.42930099236495256,1.7905986266315106,0.029945333333333327,0.23037856093715728,0.03333333333333333,0.06484704579950551,0.07608333333333328,0.2223361472688951,0.1651308900946286,0.3471215471399753,1.6953805352053934,0.005072222222222218,0.031538545116923736,0.03333333333333333,0.694650389819627,14.566163333333318,0.21901569579314678,0.14992249584244038,0.26499855728259414,1.5996292107871561,0.9710775555555546,3.6190437305741985
333,1,0.03333333333333333,0.8242373088786115,14.404429999999984,0.25468721698454705,0.1625391352129135,0.0036524312665234407,1.6304568339071261,0.9602953333333323,5.095253560105917,0.03333333333333333,0.27054964527508313,0.8224766666666666,0.1794685300658123,0.16118964061500174,0.7360259608982906,2.017284390348151,0.054831777777777785,0.5489783291885498,0.03333333333333333,0.44828321727601766,4.042750000000001,0.22971580134787117,0.1564898994123446,0.22409511035611163,1.731225330988778,0.26951666666666674,1.5071838216850295,0.03333333333333333,0.20706154230865817,0.8955700000000004,0.23746766521261997,0.1603286376990239,0.13514040035800562,1.643569666643952,0.059704666666666704,0.3215586172743018,0.03333333333333333,2.559517987241962,95.57242666666662,0.19132395910666639,0.1507077455054475,0.60067690241602,2.0710032100860905,6.3714951111111064,49.13349245261359
334,1,0.03333333333333333,1.2891082826899116,35.38144999999999,0.24237241408032198,0.16451155237452086,0.0988885219588842,1.6162399410109802,2.3587633333333327,12.463501233747996,0.03333333333333333,0.22021661522094416,0.9087166666666664,0.22077616796623178,0.157809076348359,0.17458777860892213,1.5596240821840381,0.0605811111111111,0.3637151821452703,0.03333333333333333,0.6172463836968336,9.380646666666664,0.23987677932567358,0.15543194662565524,0.014168872299752234,1.6380884056451024,0.6253764444444444,2.85744823640114,0.03333333333333333,0.26948065986048797,1.62969,0.23045121804862123,0.1580709967341963,0.16603436277940964,1.680673684866976,0.10864599999999999,0.5446486952913302,0.03333333333333333,2.554175359414966,145.29774666666668,0.21208996476810565,0.15323169352958735,0.35957970699114217,1.7454018013996124,9.686516444444443,48.92858824981929
335,1,0.06666666666666667,1.3515949663942575,52.0409133333334,0.24150940835010873,0.15155507646681418,0.1220371263982109,1.6569789250474476,3.4693942222222267,13.701067148867207,0.06666666666666667,0.12436103967231882,0.7445799999999999,0.23196203724148345,0.14352696656531858,0.29513610754558595,1.8738424117055645,0.04963866666666667,0.11599251141285043,0.03333333333333333,0.6067958151086752,14.800246666666663,0.22837130752339804,0.1469269702504897,0.2950082924551336,1.8664600740743722,0.9866831111111108,2.7615087092505113,0.03333333333333333,0.28553739701108327,2.3404333333333334,0.22412010669393723,0.1502365548037292,0.25600382432492713,1.7222743726990055,0.15602888888888888,0.6114870381889873,0.06666666666666667,1.8947761848448048,128.87790333333328,0.22890869443631273,0.14711830522673494,0.2697260775999037,1.8151858851189568,8.591860222222218,26.926325929912757
336,1,0.1,1.294355670333901,87.83731999999999,0.2528651180585063,0.14368472811380179,0.2856299468842602,1.9329346167780022,5.855821333333334,12.565174509941418,0.03333333333333333,0.3705045014902596,2.1033,0.20068929231781174,0.14948056247071081,0.5627850988689855,2.0743657957657238,0.14021999999999998,1.0295518921840934,0.13333333333333333,0.6277622062454908,18.46502,0.23903178320765642,0.14576472055639117,0.32905741893184504,2.0005397248308845,1.231001333333333,2.9556404069265465,0.13333333333333333,0.27680505907871245,3.028436666666667,0.2427673249098654,0.14263210580662977,0.27542147152893826,1.9235966858105153,0.20189577777777779,0.5746578054867713,0.03333333333333333,4.128421630555584,331.63718000000006,0.21842127049776025,0.15099477602804487,0.39355033413523016,1.924042613863256,22.109145333333338,127.82898869729424
337,1,0.16666666666666666,1.4056500275673187,77.02373333333335,0.23772570437891247,0.13276304508136944,0.2309376464064487,2.088961388194696,5.134915555555557,14.81889000000003,0.16666666666666666,0.19930657568457472,1.32426,0.24101701338782763,0.13521407273683392,0.1845961179572343,1.957509259077737,0.08828399999999999,0.2979233333333333,0.16666666666666666,0.6607278814559995,15.50439,0.26066616730455644,0.14306538452843315,0.06924317358174983,1.93696231185974,1.0336260000000002,3.2742099999999996,0.03333333333333333,0.3212849676682753,3.492656666666667,0.21704038496799802,0.13736265536005052,0.41016012976562694,2.1134864749769333,0.23284377777777782,0.7741802283720352,0.16666666666666666,2.7991036660569275,291.39501,0.25168179442384137,0.14100323551812952,0.06466570521870614,1.8994473834367087,19.426334000000004,58.76235999999998
338,1,0.5,1.7653333333333345,107.9794,0.2595085121412746,0.16783560285776525,0.16643557981125257,1.472480732592961,7.198626666666666,23.373013333333365,0.5,0.2826666666666666,2.8552999999999997,0.24967116475174223,0.1673119647395013,0.21583205679317802,1.5456781148620466,0.19035333333333332,0.5992533333333332,0.5,1.1600000000000004,27.456933333333346,0.27101190976758255,0.17337416241959053,-0.007465527346332691,1.4528784826300838,1.830462222222223,10.092000000000008,0.5,0.4639999999999999,5.691753333333333,0.25656404972724534,0.16929561709209892,0.18851804684232298,1.5273035529601442,0.3794502222222222,1.6147199999999995,0.5,3.142666666666667,373.16920000000016,0.25699009429807845,0.1624199890130552,0.09767288080630802,1.6245532403599403,24.87794666666667,74.07265333333336
339,1,0.4666666666666667,1.704683609798754,90.01457999999994,0.2993676951277631,0.15439869409601006,-0.15951646236806952,1.614955912168171,6.0009719999999955,21.794596571373834,0.03333333333333333,0.4447512461251737,3.2214099999999997,0.25756129616262013,0.17003850216252253,-0.07938862810690177,1.4867935449034244,0.21476066666666663,1.4835275319742112,0.5,0.662666666666667,16.63562000000001,0.28652547839384,0.1604830529802479,-0.20376550339710517,1.7229586428550114,1.109041333333334,3.293453333333337,0.5,0.44333333333333325,3.870009999999998,0.30585916588414575,0.15771567698492983,-0.21544052049090262,1.720410052818325,0.25800066666666654,1.4740833333333327,0.3,3.839505428553353,356.46972666666665,0.2797067704488992,0.14484712932572616,-0.25964233393531283,1.9160544083405069,23.76464844444444,110.56351451918002
340,1,0.03333333333333333,2.0854973340504346,84.19403333333328,0.25137244569326433,0.15482785165630072,-0.05536120136155821,1.7737010314694521,5.612935555555552,32.619743477486026,0.1,0.18638031804928978,1.273236666666666,0.27755710525348726,0.14409726942301596,-0.21119648536610242,1.8610347646722853,0.08488244444444441,0.2605321721711581,0.03333333333333333,0.8621423293829464,14.808986666666666,0.22917648811793237,0.14463064828839867,0.03492994742117696,1.7013016689793046,0.9872657777777777,5.574670470853897,0.03333333333333333,0.42364810122228574,3.5854833333333325,0.2565153936648639,0.16143707109061808,-0.004280622527178141,1.626746449407131,0.23903222222222217,1.3460828525193604,0.03333333333333333,4.1949672622950915,426.19718666666665,0.2344784224424297,0.1496666891621555,0.1606976634205084,1.6557913275238358,28.413145777777782,131.98312748795684
341,1,0.23333333333333334,2.350611847792346,137.44322999999983,0.23929486391868368,0.14364754300196805,0.11238050851554333,1.8814523419951816,9.162881999999987,41.44032044236311,0.03333333333333333,0.4881171966770115,3.811983333333333,0.20415513321217324,0.14711328353418301,0.43960034896136035,1.90448995645704,0.25413222222222226,1.7869379826886822,0.03333333333333333,1.0881177610135968,29.045719999999996,0.23019035263051812,0.14863377751781878,0.17103016865211496,1.7861312897928965,1.936381333333333,8.880001963749324,0.03333333333333333,0.6350205927752175,6.50562666666667,0.22372834536896888,0.14575404338827086,0.18910816392453858,1.884070262505837,0.43370844444444473,3.0243836493644145,0.03333333333333333,5.0451514431090185,526.5159833333336,0.23193205881096113,0.15533878004392618,0.2728889384349737,1.8081725729731857,35.10106555555557,190.90164812928757
342,1,0.26666666666666666,1.9590855035160353,129.73319999999993,0.2674283496067789,0.14019531012040387,-0.02195711650922462,1.935076123689084,8.648879999999993,28.785120075650077,0.03333333333333333,0.4001954082352574,2.748659999999999,0.2202182849822471,0.15289673399970494,0.23742193153730806,1.721301774914307,0.18324399999999993,1.2011727357943827,0.4666666666666667,0.6249292554614118,20.672243333333334,0.2559783121477469,0.14405997420925656,-0.029064239807175676,1.7350961151575224,1.3781495555555554,2.929024307486658,0.26666666666666666,0.2889088837641978,3.9411700000000023,0.24695097076034983,0.14172437235249166,0.0753792945190511,1.8646141194428223,0.2627446666666668,0.6260125733840608,0.2,3.447551255517056,498.2795500000001,0.250589641497959,0.14658667754655766,0.18890160941905376,1.9031388691828972,33.218636666666676,89.14207244562924
343,1,0.03333333333333333,2.352233233074431,183.91546666666665,0.2579417335389911,0.16877231999728307,0.08990710929831064,1.4787779434622657,12.26103111111111,41.49750887084843,0.03333333333333333,0.3895964029715161,3.6594466666666667,0.2640876799768536,0.16157054644878865,-0.005957406451607215,1.6963101884759129,0.24396311111111108,1.1383901790625797,0.03333333333333333,1.512389170853072,39.60079999999999,0.23913965060136233,0.17210858728687486,0.24510048921456942,1.5415907861974807,2.6400533333333334,17.154907530852316,0.03333333333333333,0.6494403506388301,7.073286666666665,0.19984089616995776,0.16114757515249575,0.6058088022406747,1.9028669001403862,0.4715524444444445,3.1632957677841493,0.03333333333333333,6.77088119917385,776.64759,0.2131958486473127,0.15957214989695506,0.5227421177659232,1.962317193111619,51.776506000000005,343.8362415999444
344,1,0.26666666666666666,2.2623234294388994,221.59275000000014,0.2705005006572348,0.14167690331072838,-0.08337501375643006,2.0163688606545573,14.77285000000001,38.38580474541137,0.03333333333333333,0.3523603373788014,4.170089999999999,0.22952081585225287,0.14777060306334544,0.225453223809172,1.7144290425805868,0.2780059999999999,0.9311835551827706,0.03333333333333333,1.0901669468400783,36.82012,0.2476568650913873,0.15709865897218658,0.1320015962982542,1.72961990320743,2.4546746666666666,8.913479789869635,0.06666666666666667,0.5601876123827196,9.985583333333333,0.2267389071441193,0.14921977967292804,0.3155348518246525,1.8637378869474182,0.6657055555555556,2.3535762080028912,0.06666666666666667,4.606236174208742,866.1564499999997,0.24018870367141468,0.15303417141136227,0.23970021026963617,1.7207422501931258,57.74376333333331,159.13058769441886
345,0,0.06666666666666667,0.3952169472681073,3.0188000000000077,0.2040940838246454,0.14017339025077843,0.58444404417189,2.1118701778573072,0.20125333333333384,1.1714732655594142,0.1,0.018818900193481175,0.01109,0.24559542686145747,0.15088557820962864,0.11347038822130052,1.461572626490089,0.0007393333333333333,0.002656132533691544,0.06666666666666667,0.04502639188682348,0.06752666666666668,0.2281891389806364,0.1321824873451979,0.25475550248956563,1.7784263956917403,0.004501777777777779,0.015205319747593529,0.36666666666666664,0.04508401691440843,0.0921800000000001,0.27456145693177686,0.14826493401608606,-0.08816574970997236,1.77570375307377,0.00614533333333334,0.015244264358539988,0.06666666666666667,0.3620356899306744,5.676359999999997,0.23381871141195376,0.15101387920976925,0.2630428610175369,1.740819288923528,0.3784239999999998,0.9830238058768459
346,0,0.03333333333333333,0.2579477829775242,1.4943866666666696,0.23509404827858718,0.15256769059984573,0.15176791735670042,1.7383013617039187,0.09962577777777798,0.4990279405726493,0.03333333333333333,0.01414033670856476,0.0074600000000000005,0.2331663437839291,0.1450985406659112,0.2388439739839993,1.8948268278570282,0.0004973333333333334,0.0014996184167368808,0.16666666666666666,0.03035347316755242,0.04649333333333319,0.24230668213455528,0.11856387706225233,0.0706313368336981,2.0194660449115642,0.003099555555555547,0.006909999999999934,0.4,0.047479759810066094,0.05535000000000005,0.30025961311656857,0.15503977772190655,-0.4302098805950255,1.8559353708945503,0.0036900000000000036,0.016907456937161756,0.5,0.3206666666666668,4.126649999999996,0.26395811084572857,0.14125841425790886,0.22867908632646042,1.9354976233717667,0.27510999999999974,0.771203333333334
347,0,0.03333333333333333,0.2955316342652292,2.242059999999997,0.21359075136065528,0.1487977006556226,0.31168801505823435,1.7770883586126058,0.14947066666666645,0.6550421013860791,0.26666666666666666,0.02069876725051564,0.007383333333333334,0.23201158466533953,0.12540217710019957,0.2543025375428182,2.139272779533893,0.0004922222222222222,0.0032132922426826413,0.4,0.04420817059582261,0.08284999999999997,0.26891692205353374,0.1494143036781037,-0.19164598554431214,1.7011821354483463,0.005523333333333332,0.014657717605720162,0.03333333333333333,0.048207840342642284,0.045683333333333256,0.24865789377942477,0.16102649170178332,0.06242243945651285,1.6124624825159823,0.003045555555555551,0.01742996902876267,0.16666666666666666,0.3672897735818115,4.03021000000001,0.23202048546389617,0.14808786561751205,0.5156964043617668,2.088922498669802,0.2686806666666674,1.0117633333333376
348,0,0.06666666666666667,0.3144010531920006,2.540913333333329,0.22971907001031747,0.15813528543764094,0.1901939676347323,1.6166677594541576,0.169394222222222,0.7413601668617942,0.3,0.013897859421647823,0.006299999999999997,0.25219797523397114,0.12286955310720811,-0.08114216252735115,2.0018418888460134,0.00041999999999999975,0.0014486287237791388,0.43333333333333335,0.050447928346744816,0.08643000000000003,0.27457359279747245,0.14249102423514942,-0.2362299275212155,1.7740912915449476,0.005762000000000002,0.01908745105858724,0.03333333333333333,0.05268667596912651,0.05123666666666668,0.24912479829688128,0.15751239916466833,-0.015866619722115286,1.5995379182552805,0.0034157777777777793,0.020819143685067997,0.03333333333333333,0.49412052005021107,6.150896666666671,0.22530943288707078,0.14939523040569136,0.2426242738052619,1.7056316039833062,0.410059777777778,1.831163162510183
349,0,0.1,0.30324484615730585,2.1550400000000067,0.22038233821302392,0.14763542236308663,0.5081549633126832,1.9845210996139788,0.1436693333333338,0.6896807754072608,0.06666666666666667,0.016605333396985177,0.010579999999999999,0.2515498624000355,0.1352200993401963,-0.1541160138817651,1.8122264131029873,0.0007053333333333333,0.0020680282291877343,0.16666666666666666,0.04666666666666691,0.06834666666666682,0.2505565220613257,0.14544308625796784,0.16608421158070683,1.7131335275418451,0.004556444444444455,0.01633333333333351,0.43333333333333335,0.03174086617123751,0.04673333333333349,0.2625849739948807,0.14361561342880852,-0.15812052458525339,1.7327358766442924,0.0031155555555555663,0.007556119389753074,0.06666666666666667,0.5333632185337042,6.524100000000008,0.23914110144882095,0.1487617260474916,0.18965907747146374,1.6949695223480263,0.4349400000000005,2.1335724216347387
350,0,0.06666666666666667,0.3647704274546464,1.9718400000000056,0.21418006065441683,0.14972068970745753,0.4185035047372399,1.7311732176405814,0.13145600000000035,0.9979309855908409,0.06666666666666667,0.027252762004155037,0.01386666666666667,0.22903669624939169,0.1447493298366631,0.2384159756641512,1.6951672466249033,0.0009244444444444446,0.005570347776413373,0.16666666666666666,0.04438217860558226,0.0859500000000003,0.2648647869022442,0.14834010065442327,0.14700211123932358,1.6454065729976035,0.0057300000000000215,0.014773333333333527,0.3333333333333333,0.038157568056677874,0.06303666666666688,0.2642958498628146,0.15165907025476077,-0.044671907682162136,1.6190134309054547,0.004202444444444458,0.010920000000000025,0.23333333333333334,0.38896098509066673,4.8729366666666785,0.2563921949089206,0.14691864200193935,0.2347975200328824,1.919271868162932,0.3248624444444452,1.1346798594202638
351,0,0.36666666666666664,0.19403526500664167,1.1946400000000037,0.2551237499927457,0.16207627025423793,-0.011656420735508087,1.4975029704632394,0.0796426666666669,0.2823726304964825,0.06666666666666667,0.025501890798055205,0.012583333333333335,0.2557937906112202,0.1570284451275162,0.032679737081049695,1.5535370713607872,0.0008388888888888888,0.004877598257069495,0.03333333333333333,0.0403874855779175,0.07935666666666664,0.2630250542131011,0.15254387591501234,0.008506373849499657,1.6898733297886084,0.005290444444444443,0.012233617434798704,0.5,0.034000000000000224,0.05570333333333359,0.2757772917822565,0.1569798397590344,-0.08258783152253811,1.5826814083788996,0.0037135555555555724,0.008670000000000113,0.43333333333333335,0.275323731653197,3.4915166666666675,0.266748412283838,0.1453120065803238,0.0024778983837720225,1.750922912302039,0.2327677777777778,0.5685236790858124
352,0,0.4666666666666667,0.18430354950034086,1.5360499999999986,0.25346231935266456,0.1424645610639965,0.13332611199944608,1.8007204507012433,0.10240333333333324,0.2547584876881845,0.36666666666666664,0.01799965784172182,0.012036666666666668,0.25724038280640993,0.14932223399082378,0.0049993047305588005,1.6534219267022296,0.0008024444444444444,0.002429907618142934,0.06666666666666667,0.04187765396551036,0.054499999999999854,0.2627985724288091,0.1572612812212626,-0.02866264351435966,1.5424765639116926,0.0036333333333333235,0.013153034262412691,0.1,0.02613967444130094,0.030960000000000102,0.24529366441342884,0.13550421722024203,0.22133659496706667,1.8490587236954765,0.002064000000000007,0.0051246193492290116,0.2,0.4335357507616031,5.156686666666669,0.2709823798500633,0.14664134704754994,0.0420100480873782,1.7346139752331062,0.34377911111111126,1.4096493539132016
353,0,0.13333333333333333,0.1840710797411752,1.651916666666662,0.2548481616860039,0.1492276079554461,0.10332905986002641,1.7327398149172057,0.11012777777777746,0.25411621797811557,0.1,0.017799474283450304,0.012243333333333339,0.2360715846237911,0.13797904546647727,0.335214271413447,2.0339761364231874,0.0008162222222222226,0.0023761596357540654,0.4,0.04055097573212242,0.0675400000000001,0.25465345555418484,0.1460373503538663,0.06164127575063654,1.7802061589101081,0.004502666666666673,0.012332862246203863,0.03333333333333333,0.031050296259247476,0.03945000000000006,0.25302159832779514,0.1550878054851503,-0.016925740572204983,1.5132793235736341,0.0026300000000000034,0.007230906733402783,0.23333333333333334,0.44671289649281526,6.724129999999995,0.25157697758726416,0.14630737437469143,0.185891641813162,1.7705166889787811,0.44827533333333297,1.4966430891975053
354,0,0.06666666666666667,0.20486320764636398,1.5275499999999926,0.24408781919746403,0.14618624637817484,0.15613037637414612,1.6578195210703357,0.10183666666666616,0.3147670038536793,0.03333333333333333,0.07286944025305805,0.06778999999999999,0.1782325560142987,0.1509700154611121,0.7529834855567348,2.1725164204761787,0.0045193333333333335,0.039824664920954975,0.16666666666666666,0.03987201747814845,0.07430000000000016,0.23282542290934252,0.1387592157746156,0.36840786637794953,1.9941627809633902,0.0049533333333333434,0.011923333333333317,0.06666666666666667,0.03500843586229825,0.051650000000000015,0.2672024878752333,0.13795756802989417,-0.05551489404419588,1.7350297014400973,0.0034433333333333343,0.009191929361434875,0.03333333333333333,0.5431135037523424,10.632433333333326,0.2504658865476478,0.1487436989057573,0.03140995543358767,1.7669260050298234,0.7088288888888884,2.2122920846860916
355,0,0.23333333333333334,0.27661632571468014,2.659886666666667,0.24970391860148208,0.13627457807980048,-0.06223166959721291,1.8367482417814718,0.1773257777777778,0.5738744373891752,0.03333333333333333,0.0826280277604032,0.06522333333333336,0.1560181362560495,0.1415634461810556,0.9321013049982729,2.595421647255318,0.004348222222222223,0.05120543228680472,0.03333333333333333,0.14122732730880908,0.3184600000000005,0.22072764149834587,0.15243885727779768,0.21869115137222267,1.710030644986721,0.021230666666666696,0.14958868484092117,0.03333333333333333,0.08754728217986756,0.10430333333333344,0.23173215197145564,0.15468841213943355,0.09351059407875034,1.7067422958201353,0.006953555555555563,0.05748394962811017,0.06666666666666667,0.8980727803929427,20.787163333333343,0.20174506858302585,0.14298417269376537,0.59434961624671,2.1214448557496195,1.3858108888888896,6.04901039162033
356,1,0.3333333333333333,0.3016937372752563,3.48553333333334,0.23995532772615713,0.12987542534289287,0.03244540528669958,1.8624215794670744,0.2323688888888893,0.6826433333333352,0.03333333333333333,0.08573315597932493,0.08634666666666667,0.16568468696980018,0.14217901206578,0.7362502910077949,2.128947964377141,0.005756444444444444,0.05512630525631444,0.03333333333333333,0.20560937487103373,0.6625866666666665,0.21152367742836659,0.15270183027039091,0.2679239273590904,1.6576964832519512,0.044172444444444445,0.3170641127614296,0.03333333333333333,0.08170588705298505,0.14921,0.19116450328780998,0.14789805234944703,0.5883079555765531,1.936311131987028,0.00994733333333333,0.050068889843363634,0.06666666666666667,1.0990185258961207,27.84923000000002,0.2366632246662573,0.15012626950151858,0.16202627807360143,1.6903019108066413,1.8566153333333344,9.058812901971615
357,1,0.03333333333333333,0.6781148162264901,9.021723333333343,0.19318149477610003,0.14740228085609755,0.5522863687115762,1.9479760956809309,0.6014482222222228,3.4487977798941483,0.03333333333333333,0.3124047698297299,0.9688533333333335,0.17631043739729105,0.15599304941909675,0.7480772677588808,2.1213019951211147,0.06459022222222222,0.7319755515927491,0.03333333333333333,0.3379465919634419,1.6271066666666667,0.19423161907146913,0.15747680756292623,0.6321316494567558,1.9895864469008846,0.10847377777777778,0.8565592426477884,0.03333333333333333,0.24089045102448634,0.7981833333333332,0.17393666974402988,0.14929032026473993,0.8474673293946257,2.4131237746729934,0.05321222222222221,0.43521157046085335,0.03333333333333333,2.1566716752274546,63.774960000000014,0.2042035187561394,0.15000200353698676,0.3009542406762217,1.6842256691250879,4.251664000000001,34.88424536046296
358,1,0.03333333333333333,1.056355831100878,31.430053333333376,0.2059230078562608,0.1338822122642289,0.30707170117113003,1.9187419040110405,2.095336888888892,8.369157314256201,0.03333333333333333,0.09343792986628699,0.3800199999999999,0.24409129626622783,0.14368672777362418,0.10908706002478197,1.7780532504474795,0.025334666666666658,0.06547985053272874,0.03333333333333333,0.5463800594982555,6.690899999999999,0.21693602667037856,0.14598228189283186,0.30410001619163873,1.7824251082492641,0.44606,2.238983770629879,0.03333333333333333,0.1849929332357988,1.2549400000000002,0.22852338117769086,0.145834025993451,0.22387081230210923,1.7286851750844596,0.08366266666666669,0.25666789010388535,0.03333333333333333,1.9248643118737054,75.41104666666666,0.2191978388570409,0.15632866283311317,0.25907446902014025,1.5344218331239177,5.02740311111111,27.78826964343775
359,1,0.06666666666666667,0.811182065269652,24.668700000000022,0.25492357077722194,0.1495844731223788,0.05101807035278906,1.8374235363389761,1.6445800000000015,4.935122572613535,0.03333333333333333,0.16083338805645017,0.4610000000000001,0.20818499809335533,0.154760666914931,0.4923224478033136,1.819176699029439,0.03073333333333333,0.19400534035287514,0.03333333333333333,0.39264530117303986,4.686190000000001,0.22400384303960907,0.14918627523805567,0.2510209571237434,1.7279832070547836,0.3124126666666667,1.1562774939995037,0.03333333333333333,0.24439954709120976,1.3178500000000009,0.21630104832103744,0.15407352344174738,0.42125308541628176,1.8328563509928633,0.08785666666666672,0.44798353963791343,0.03333333333333333,2.3987920375635015,127.98776666666667,0.23072492945481468,0.16254042602244273,0.17354325538703727,1.4755046413901889,8.532517777777779,43.15652429608541
360,1,0.06666666666666667,1.1450275354082895,48.762049999999974,0.21999831092191954,0.1407188126370994,0.35947251401705693,2.0434419948076563,3.250803333333331,9.833160426323863,0.03333333333333333,0.39187415188582453,2.319466666666666,0.18183090038961167,0.1413891728811232,0.6099974200586303,1.9802679289788847,0.15463111111111108,1.151740131871757,0.03333333333333333,0.6840162392047227,12.460016666666665,0.21568955642600166,0.14895390485228605,0.32023201986734545,1.7484004247482356,0.8306677777777777,3.5090866162182923,0.03333333333333333,0.3194745033929175,2.165466666666666,0.20803381404056753,0.15109357047705382,0.440774558627107,1.8439353622313384,0.14436444444444443,0.7654796873861345,0.03333333333333333,4.122843497011193,276.04937666666655,0.20447206794438888,0.14956501534128291,0.3474400672103398,1.666855713872707,18.403291777777774,127.4837887563561
361,1,0.06666666666666667,1.2947890659008459,46.71826666666665,0.23784480149768641,0.14542741172951343,0.1417553235003457,1.867483617119017,3.1145511111111097,12.573590438822885,0.06666666666666667,0.12928479866184506,0.8826366666666667,0.22263269837397304,0.13995737981463902,0.3206608413220053,1.8379978328482491,0.05884244444444445,0.1253591937377536,0.03333333333333333,0.5672310290585848,8.191399999999996,0.2166376899409222,0.15210421484884581,0.30070006989384446,1.687006383842014,0.5460933333333331,2.4131328024514582,0.06666666666666667,0.2966467636946775,1.690633333333333,0.1926961643271255,0.15097927111208748,0.5513602955690923,1.9301804173835846,0.11270888888888887,0.6599947680789439,0.4666666666666667,1.8145314083806017,137.5708499999999,0.25901690681943484,0.1459174163039548,0.005742122456970367,1.8010495987122237,9.171389999999993,24.69393173999767
362,1,0.3,1.170557809078252,32.78107333333337,0.25378488917586994,0.1516019567827229,0.14043184253531332,1.9018959427674371,2.1854048888888915,10.276541882955582,0.03333333333333333,0.22242307903731812,2.010376666666667,0.21824029348551757,0.14522862429317207,0.35047111166469336,1.7747171795356473,0.13402511111111115,0.3710401956633079,0.03333333333333333,0.6549266187795112,9.195930000000004,0.21601740816255258,0.1512333743188306,0.32365861490672865,1.7225365513164763,0.6130620000000004,3.216966569894724,0.03333333333333333,0.3198818505686702,2.2625266666666666,0.21794155737961254,0.15757005241178917,0.4362446011873754,1.885530272973717,0.1508351111111111,0.7674329874242779,0.03333333333333333,2.856096552327188,352.87095999999985,0.23761151196533448,0.1462321492978478,0.25489311224839,1.9453601409765753,23.52473066666666,61.17965637161437
363,1,0.03333333333333333,1.036842239344762,35.07179999999999,0.2500930631830161,0.14695542303439033,-0.0474684642485197,1.6482868440016925,2.338119999999999,8.062813719670956,0.03333333333333333,0.4842302771764397,3.1890600000000013,0.21810907218734676,0.17739681002056407,0.38074309509947735,1.5112439417091137,0.21260400000000007,1.7585922100077873,0.03333333333333333,0.7805839599073763,9.718853333333334,0.2457123776640198,0.15973387670592235,-0.003877678006937625,1.6167557456348027,0.6479235555555557,4.5698348884851026,0.03333333333333333,0.41316288125222456,2.4503400000000015,0.22042008382974274,0.16117809544770553,0.14785074695473827,1.3922585008714126,0.1633560000000001,1.2802767483347985,0.03333333333333333,5.322666285459396,479.89207000000005,0.2038084573653743,0.14830780360130194,0.31956531922621406,1.6685823882566166,31.992804666666675,212.48082289774592
364,1,0.03333333333333333,1.967208963477485,73.71476666666669,0.2187180250159677,0.1487928173606743,0.22065104403905056,1.6924486733941704,4.91431777777778,29.024333294896206,0.03333333333333333,0.2678602200488595,1.72929,0.23017364846365734,0.16330910316977715,0.25733562282132577,1.5473129613716483,0.115286,0.5381182311346756,0.03333333333333333,0.8443212022951074,12.105840000000011,0.2144985729954547,0.14573803618082998,0.25387685099603496,1.7527303645341263,0.8070560000000008,5.346587194837918,0.03333333333333333,0.4487821730044798,3.4227000000000003,0.219697718577596,0.15176769419407662,0.23441473801730422,1.6625120472828718,0.22818,1.5105407910496713,0.03333333333333333,4.110954087237874,314.23925000000014,0.17780749250344172,0.1306377554134128,0.6434585105988753,2.1830066333200655,20.949283333333344,126.74957630533336
365,1,0.06666666666666667,1.2196076369453959,68.93510999999995,0.23567085127470933,0.14474648538759696,0.4582288481450623,2.0533194232858216,4.595673999999997,11.155820910716496,0.03333333333333333,0.3293720228005861,2.3305799999999994,0.23775726481771875,0.15973058743799243,0.299745026855001,1.7204075613185066,0.15537199999999993,0.8136444705281236,0.03333333333333333,0.5420587355795425,9.361530000000007,0.20226218083598205,0.13831635047225527,0.33593071727031254,1.8855934420336111,0.6241020000000005,2.203707546135693,0.03333333333333333,0.43908698510000693,3.3784499999999986,0.19398921904939995,0.14394240760700464,0.6905840106180658,2.2860768854616516,0.22522999999999987,1.4459803536316032,0.03333333333333333,3.004067364587079,288.2031966666665,0.25483192686566436,0.1578135572460509,0.16536022552449942,1.6769325819203142,19.213546444444432,67.68315548232867
366,1,0.5,1.7093333333333314,99.4355199999999,0.2634478782688679,0.16006981427387626,0.21596808865351314,1.5980964308388688,6.629034666666659,21.913653333333286,0.03333333333333333,0.341660961528971,3.2509933333333327,0.2317545622905763,0.15892440982791844,0.320550637586237,1.7489578486723545,0.2167328888888888,0.8754915947467575,0.03333333333333333,0.841985707023859,16.166893333333334,0.21599063028502818,0.1527471689289768,0.4349896643641756,1.8816918476996594,1.077792888888889,5.317049481243507,0.03333333333333333,0.36840175979029305,3.557909999999999,0.23529110194859756,0.15573206396737188,0.2979786602454835,1.8515928863864646,0.23719399999999988,1.0178989246243857,0.03333333333333333,3.1950909267104555,388.67967666666664,0.2343211406278405,0.14381133378631722,0.24510388240704462,1.8753014881411627,25.911978444444443,76.56454522460608
367,1,0.03333333333333333,3.2991947809055953,172.23242000000005,0.22486696998068537,0.1625712361826297,0.2783169958842469,1.5887430033780117,11.48216133333334,81.63514651766039,0.03333333333333333,0.43988897005667277,3.973749999999999,0.23650369438460003,0.15296239557044533,0.013374899566678247,1.5613244243479183,0.2649166666666666,1.4512672948314025,0.03333333333333333,1.5683887816630688,29.833713333333325,0.24528831521267258,0.16802458670535525,0.027535317315945315,1.5573798546585778,1.9889142222222218,18.448825278349243,0.03333333333333333,0.70582635921699,6.215283333333333,0.21882118886840435,0.15310711824378845,0.18382205450692776,1.6305338704935641,0.4143522222222222,3.736431370241335,0.03333333333333333,7.521719598630974,851.7617500000002,0.22755301982277956,0.15685863110175047,0.19752667153011327,1.6828612566057246,56.78411666666669,424.32199290321984
368,0,0.06666666666666667,0.14375799725151725,0.687036666666663,0.24476762659301854,0.1453515582094014,0.18221630016899612,1.6852180096971958,0.045802444444444194,0.15499771330325432,0.06666666666666667,0.013356898713718103,0.00836,0.2348155958448935,0.13822981632100192,0.1729022256776081,1.6431710256347105,0.0005573333333333333,0.0013380505743639324,0.06666666666666667,0.031569360143212356,0.03190333333333299,0.23500669734814195,0.12266593715578405,0.14110492048704548,2.0526645025453774,0.0021268888888888657,0.007474683748888837,0.1,0.030704862796839733,0.02244999999999999,0.2415678025039926,0.14727809459749183,0.44484596084955746,1.9127061576063582,0.0014966666666666661,0.007070914495295646,0.36666666666666664,0.407960938652123,6.700720000000005,0.28662875557189826,0.13196085642723943,-0.2699482535768761,2.003472537536124,0.4467146666666669,1.2482409559944094
369,0,0.2,0.1677601204829307,0.7201599999999984,0.22371342213024234,0.13369455636999567,0.12463800002334706,1.8014304206048142,0.04801066666666655,0.2110759351833557,0.06666666666666667,0.018300232785395346,0.009339999999999998,0.24546190275250496,0.1535935065665869,0.339560337897125,1.512432874582423,0.0006226666666666666,0.00251173889999744,0.13333333333333333,0.023498180180541794,0.034686666666666505,0.26229508063229096,0.14175498923648058,0.008745758601109665,1.8520004432821073,0.002312444444444434,0.004141233538479054,0.06666666666666667,0.0346366379758757,0.03335333333333333,0.2530128669841125,0.14117847050847054,0.15360802737759544,1.8277417031528111,0.0022235555555555554,0.00899772517703906,0.43333333333333335,0.43726621086487244,6.3240733333333345,0.30127874155571904,0.14125896265044688,-0.3661627788735126,1.8447509404811488,0.421604888888889,1.4340130437309233
370,0,0.06666666666666667,0.230415764106737,0.9837566666666636,0.21483318690298142,0.13721497822867743,0.3455181334980572,1.8040985961007312,0.06558377777777757,0.39818568261668613,0.06666666666666667,0.015408719639842241,0.008059999999999998,0.23857552303014498,0.15820106892661448,0.23393436522895014,1.5483391755056775,0.0005373333333333331,0.00178071480704445,0.06666666666666667,0.038117288893072865,0.03721333333333328,0.23714083732112326,0.16100143231763536,0.40758851981368427,1.7138638955725334,0.0024808888888888853,0.01089695784418482,0.03333333333333333,0.0279924831083403,0.033143333333333316,0.25664973616952663,0.14705884704735953,-0.12031007126562343,1.7454963533072803,0.0022095555555555545,0.005876843329280378,0.3333333333333333,0.3157094304015082,5.340123333333334,0.2904280344884929,0.13842883623532987,-0.14008827625491577,1.7718268901257823,0.35600822222222234,0.7475433333333356
371,0,0.03333333333333333,0.27514998292413145,1.3962800000000006,0.2059231628703734,0.15526823572964057,0.4736072386649655,1.801896356704912,0.09308533333333337,0.5678063482736238,0.36666666666666664,0.014069912556622067,0.011553333333333332,0.24125739134462734,0.14161432146258193,0.20421285106864112,1.8275708877538919,0.0007702222222222222,0.0014847182951324347,0.03333333333333333,0.02606287158377396,0.03254666666666656,0.2334193288007911,0.1488654413985021,0.45263387741585626,2.090697807234414,0.0021697777777777705,0.005094549563942192,0.06666666666666667,0.032067085850841115,0.025166666666666566,0.23747307735739798,0.14528762005779,0.02391234989330634,1.595031850930356,0.0016777777777777713,0.007712234962239108,0.3333333333333333,0.30289492127358897,4.778966666666669,0.26961231548596204,0.12325136144050498,-0.001768122987009522,2.0428247243584767,0.31859777777777787,0.6880900000000024
372,0,0.06666666666666667,0.26450583317393844,1.4139833333333387,0.24451327578772625,0.16423083984711473,0.19859963903969957,1.621340990454835,0.09426555555555591,0.5247250183727952,0.16666666666666666,0.022030282189144403,0.01330333333333333,0.21811217626936924,0.14791497667706208,0.4593703345422564,1.8789278151302238,0.0008868888888888888,0.0036399999999999987,0.26666666666666666,0.029356093301670525,0.021109999999999886,0.2593807222461783,0.12760585745219302,0.24300566185788358,2.5182959164544196,0.001407333333333326,0.006463351604522888,0.06666666666666667,0.02616460804007164,0.023649999999999866,0.24825913168814745,0.13986036619369116,-0.03602720360054105,1.812107917998728,0.0015766666666666576,0.005134400354179361,0.23333333333333334,0.4010496238654756,4.3476133333333316,0.2587903260072164,0.1312520119150988,0.04204378896173847,2.199203478069276,0.28984088888888876,1.206306006019796
373,0,0.06666666666666667,0.3070312112534794,1.4001233333333376,0.21627933941882088,0.1536223053039321,0.4471304280775341,1.812581603159386,0.09334155555555583,0.7070112351283402,0.06666666666666667,0.015198129268683821,0.009316666666666664,0.23992173325706787,0.13978485748515967,0.17466109702160176,1.8920207260103434,0.0006211111111111107,0.0017323734995071784,0.3,0.025330274285493126,0.01608333333333326,0.22986980424142903,0.12753827599522352,0.11955976489097991,1.839718497265709,0.0010722222222222173,0.004812170965337357,0.4,0.03144579937562715,0.03308666666666666,0.27117408703441864,0.14167963473550602,-0.12102234640900005,1.831513055828382,0.0022057777777777774,0.007416287237791447,0.36666666666666664,0.3056942161740922,4.702686666666658,0.28069250156472003,0.13830568129201093,-0.1992480355334777,1.8884029942644145,0.3135124444444438,0.7008671535171946
374,0,0.06666666666666667,0.19745452969196764,1.1027999999999998,0.22140745915907864,0.14303637468282546,0.11345521659246255,1.639706315995299,0.07351999999999999,0.292412184719071,0.06666666666666667,0.012678051074737084,0.0081,0.2623177084087402,0.14523728600918462,0.07985527360614605,1.8598489537137874,0.00054,0.0012054973429023162,0.3,0.02279253485938087,0.01598999999999986,0.23712133856415987,0.1433062556229315,0.04914472241887338,1.6931273762848287,0.0010659999999999901,0.0038962473398706917,0.4,0.025595470785201274,0.033000000000000015,0.282517190320115,0.1411764994063985,-0.10051226136495264,1.7787462175345892,0.0022000000000000006,0.00491346093537069,0.06666666666666667,0.4302077746241,3.9934733333333243,0.25676862989646504,0.14724050309193937,0.10041479435251786,1.7103610790021821,0.26623155555555494,1.388090470102653
375,0,0.06666666666666667,0.267691670412684,1.3662333333333327,0.24792333929227747,0.1500610504676239,0.06129930624795904,1.5945504568539324,0.09108222222222216,0.5374412280624978,0.06666666666666667,0.016910937126245175,0.006709999999999997,0.244909573912777,0.1634074109707962,0.26857312360503144,1.6712228554122281,0.0004473333333333332,0.00214484845865863,0.26666666666666666,0.025363118350658954,0.02027666666666659,0.2637431377813071,0.14109213941334078,-0.03274389391074431,1.816783725406818,0.0013517777777777725,0.004824658293521497,0.03333333333333333,0.023708043927858632,0.020616666666666672,0.2505729356901133,0.15078230457121206,0.13351301938038088,1.8194841950077503,0.0013744444444444446,0.004215535101639559,0.3333333333333333,0.3751841029562836,4.332333333333333,0.24742959695735794,0.14171566245679496,0.11363519450199408,1.8068682446910187,0.28882222222222215,1.0557233333333342
376,0,0.03333333333333333,0.2802103703571161,1.6860000000000022,0.20936989210189658,0.15854761965188258,0.3774488184345534,1.5762128111036597,0.11240000000000014,0.5888838874175413,0.03333333333333333,0.08616078411567607,0.08324333333333332,0.18483346735492875,0.15523325258008316,0.6508714142749997,2.004443239404755,0.005549555555555556,0.055677605395711045,0.43333333333333335,0.03731203931437778,0.04742999999999974,0.26431200968310387,0.1564629407254961,-0.011958566970714514,1.5922153901389093,0.0031619999999999834,0.010441412083482548,0.43333333333333335,0.020592825296766745,0.01877999999999998,0.26179465048818307,0.14231080061331472,-0.11206908066782563,1.8321772163049437,0.001251999999999999,0.0031804834027736725,0.16666666666666666,0.474392711205015,8.068266666666675,0.2545262381860165,0.12990590455953996,0.053906204582574446,1.9576902759965833,0.537884444444445,1.687863333333336
377,0,0.03333333333333333,0.3254989033634603,1.8716300000000037,0.2181925753296762,0.16404074546028713,0.36743851501924685,1.6584567754105375,0.12477533333333356,0.7946215206811147,0.03333333333333333,0.09255429925296774,0.07336333333333331,0.19168818558246387,0.1741349695389488,0.5445340575518859,1.724103754076569,0.0048908888888888865,0.06424723732655928,0.03333333333333333,0.07455714365815103,0.08947666666666654,0.2341968426738619,0.15926054494995318,0.19014345071183109,1.6038324861680775,0.005965111111111103,0.04169075752846628,0.03333333333333333,0.05437773608294033,0.05668333333333332,0.2094707356148505,0.1608421128025453,0.48595344860997103,1.7710663453657665,0.003778888888888888,0.022177036361294332,0.13333333333333333,0.6884114965787068,10.622800000000007,0.2311302796799372,0.13409011895710513,0.2555717250385523,1.8390849095660076,0.7081866666666669,3.5543279146630113
378,1,0.06666666666666667,0.3307265989292491,2.1777500000000027,0.2312983419206251,0.1559552162279858,0.3347731961101583,1.8041201654429095,0.14518333333333353,0.8203506242948131,0.03333333333333333,0.1091014891232707,0.10228666666666668,0.152320823419463,0.14604612854014504,0.9904818887199838,2.680456723142415,0.006819111111111112,0.08927351196686366,0.03333333333333333,0.08442377961744804,0.13248333333333362,0.20777391419498292,0.15214334879961888,0.5483136504163666,2.0315734634816063,0.008832222222222243,0.05345530923671576,0.03333333333333333,0.0732996845871847,0.13009666666666672,0.24266992147186572,0.14756474908397263,0.1068718671982278,1.8638676052379939,0.008673111111111114,0.040296328204355705,0.03333333333333333,0.8822587345567245,15.98676333333333,0.20347864509502403,0.15456253767603956,0.5549624477109733,1.8675441463940707,1.065784222222222,5.837853560262246
379,1,0.03333333333333333,0.6536259826479792,6.2519900000000055,0.20316123608645545,0.15472748932830271,0.5615855083118717,1.9352237286221483,0.41679933333333363,3.2042019389440237,0.03333333333333333,0.25328616233465656,0.58562,0.13839788773740644,0.14206241348785312,1.270572266042315,3.2618190302285206,0.039041333333333345,0.481154100226635,0.03333333333333333,0.20666925201872666,0.615993333333333,0.20085094160330672,0.1563462311339465,0.5578749748316701,1.9032228718047628,0.0410662222222222,0.3203413479748497,0.03333333333333333,0.09702706659155427,0.2052566666666667,0.20789666622076838,0.14497415666232855,0.4473678568196408,2.05354535527332,0.013683777777777776,0.07060688738521431,0.03333333333333333,2.1617077981244326,50.71934000000004,0.19630624361809396,0.1562605573194967,0.5042382385855796,1.8985086302108751,3.3812893333333354,35.047354533539874
380,1,0.03333333333333333,1.1610454689615715,27.3339533333333,0.2200312594429136,0.14451887946834052,0.2061323240233546,1.733778724583328,1.8222635555555533,10.110199357471465,0.03333333333333333,0.10238806649738931,0.48102000000000006,0.2395571523921296,0.1463955104694537,0.1183960996390357,1.6227320586706102,0.032068,0.07862487120805363,0.03333333333333333,0.5589720422162566,7.620089999999997,0.23086280088097502,0.1443760639428841,0.07847870744171798,1.664508539019547,0.5080059999999998,2.3433730798455943,0.03333333333333333,0.27699180088746234,1.3786266666666664,0.22033856758769882,0.1485655659098521,0.24680253250230136,1.725591974270345,0.09190844444444445,0.575433433191597,0.03333333333333333,1.466215490678857,83.44255000000005,0.23847701731926077,0.1495522067840495,0.20109164499001136,1.7903065477769557,5.56283666666667,16.12340898829981
381,1,0.06666666666666667,1.3321554285535466,61.19736666666669,0.22446840128101772,0.14176842205901793,0.18292374747052992,1.7137058691928253,4.079824444444445,13.309785643685128,0.03333333333333333,0.3055803776324758,1.7643166666666668,0.2039622879844302,0.14654999617808478,0.31288578986786125,1.6809356831035442,0.11762111111111109,0.700345253955049,0.03333333333333333,0.7234198633662492,18.331463333333335,0.21638579495663623,0.14119425521718168,0.2434425295626128,1.7386641762734307,1.2220975555555558,3.92502224034632,0.03333333333333333,0.3365673362833491,3.4001900000000003,0.2122026108826562,0.14062272749703172,0.27169576063440715,1.743565617454803,0.22667933333333334,0.8495817888965175,0.06666666666666667,2.8744966606318187,248.4596666666667,0.21065690335209547,0.14222572534777175,0.3446081061525343,1.8674566148799745,16.563977777777776,61.970482889876074
382,1,0.3333333333333333,1.153741931475339,58.9545633333334,0.25781725254992716,0.14513565505365086,-0.012540645935797824,1.8203085982233151,3.930304222222226,9.983403333333344,0.03333333333333333,0.20474806872407783,1.5539199999999997,0.2365214098739636,0.15474358261659849,0.08863828834132148,1.5508741511041295,0.10359466666666664,0.31441328734679774,0.13333333333333333,0.48311617022462455,14.777303333333334,0.25931419583639004,0.1519283178042184,-0.0026997285922321593,1.6740701613782967,0.9851535555555556,1.7505092544938132,0.3333333333333333,0.23361887290580313,2.86145,0.2512723221035105,0.14794030802394686,-0.004265533383439659,1.7176397720771774,0.19076333333333334,0.4093333333333335,0.3,2.264510241995974,214.0551,0.2340359829326514,0.13539888984237772,0.12225459097273532,1.808998246450747,14.270340000000003,38.46004977078499
383,1,0.03333333333333333,1.3594315459214008,61.80475000000011,0.2587710647449386,0.14887035384406155,-0.08518710868214782,1.7922607375888038,4.120316666666674,13.860405960346874,0.4666666666666667,0.16887396951850814,0.8319633333333333,0.2933528544527966,0.13319750567666952,-0.3839863055388442,2.092396364180881,0.05546422222222223,0.2138881318570351,0.3,0.4798193570154527,12.453540000000002,0.28717902410458124,0.15118582464239008,-0.3036747666060847,1.8489000033503242,0.8302360000000003,1.7266996152504184,0.03333333333333333,0.25187674327977505,2.099966666666666,0.26388875976692044,0.15356595846804152,-0.11262032198225282,1.764060243425679,0.13999777777777775,0.47581420353919285,0.3,2.290661753050858,150.29225999999994,0.2969095560580208,0.1349174329795316,-0.2673004731316459,2.1539222507862363,10.019483999999997,39.35348450167523
384,1,0.3,1.088835398278912,49.153416666666686,0.2536584259269382,0.13504445090659878,0.021802491270747855,1.8132356069333628,3.2768944444444466,8.891718934088976,0.03333333333333333,0.19163828077066458,1.1514099999999998,0.23880001485273014,0.1564095118876227,0.2003834322566918,1.6361615506277922,0.07676066666666667,0.2754392299255205,0.36666666666666664,0.39548162938256026,7.116000000000001,0.2724530044103976,0.12900468740469376,-0.19211568816689598,1.8346810275466698,0.4744000000000001,1.1730428938431354,0.06666666666666667,0.17526399299954795,1.3218599999999996,0.23392693325722677,0.14282969013925,0.1247489544518003,1.5982632795215264,0.08812399999999997,0.23038100431609193,0.3,1.5489155504996175,117.59763333333328,0.2894630547021244,0.13920555667421003,-0.25937698996159214,2.032162911955469,7.839842222222218,17.9935453693465
385,1,0.5,1.073333333333333,60.10859999999998,0.277922367943863,0.14164817200206747,-0.08754756189829437,1.9354813732748197,4.007239999999998,8.640333333333327,0.03333333333333333,0.34911285539029013,2.16193,0.23326784028296257,0.1673499087522241,0.30249916248368625,1.6574939698213471,0.14412866666666663,0.9140983934907123,0.03333333333333333,0.6243517103857539,9.504250000000003,0.24140515800978307,0.15441017758362616,0.19674733157708052,1.7660823934486847,0.6336166666666667,2.923612936962122,0.03333333333333333,0.2220377045039997,1.7494333333333327,0.24981565217292245,0.15543518326850847,0.19234627335015242,1.7228060078517973,0.11662888888888882,0.36975556666054116,0.03333333333333333,4.210892312957338,263.84970666666663,0.2265473725781986,0.16881504169008235,0.38035157305805034,1.6571423303741633,17.589980444444446,132.98710553492398
386,1,0.36666666666666664,1.7782056243641116,110.73207666666666,0.2664202576259056,0.14129428952984327,-0.22797707665468092,1.7419895667656378,7.382138444444444,23.715114318901197,0.36666666666666664,0.19591678367047216,1.1972399999999999,0.2685069229944842,0.13878097230615777,-0.11312783687148031,1.9225406533828222,0.07981599999999998,0.28787539592836947,0.36666666666666664,0.6802914471531406,15.890049999999997,0.2524429738431537,0.1427716570032513,-0.040332494387344986,1.741076812092749,1.0593366666666666,3.4709733980228576,0.36666666666666664,0.30432546996973786,3.89322,0.23924815660304527,0.1409132674964315,0.020419695016053035,1.651281685067747,0.25954799999999995,0.6946049375422636,0.36666666666666664,2.659297768848395,261.8458966666668,0.2791375929797706,0.1358234618165718,0.014664219529586311,1.715543320420103,17.456393111111122,53.038984675515394
387,1,0.26666666666666666,1.236218342787832,84.63438000000002,0.24019368414005138,0.139426584086706,0.17153338976686933,1.8369401852624034,5.642292000000002,11.4617684328382,0.03333333333333333,0.2380605349792193,1.368283333333333,0.19212385742518226,0.13898265862710696,0.527497417327355,1.9951138936546269,0.09121888888888888,0.4250461373594408,0.4,0.4792628423260277,12.58325,0.2704260234478588,0.1475792278696666,-0.142622228369997,1.7908172998510725,0.8388833333333332,1.722696540258172,0.36666666666666664,0.2528522138937914,2.547883333333334,0.23485247382554342,0.14184811599316063,0.10667861228705586,1.6751370051281311,0.1698588888888889,0.4795068155324374,0.03333333333333333,3.226305204452479,310.62541000000016,0.25046395113013276,0.15130560506940482,-0.02055459660803815,1.7271695984009101,20.708360666666678,78.06783954207864
388,1,0.16666666666666666,1.425783683140999,52.157800000000016,0.2632474635023209,0.15164391700061697,0.24821254245777458,1.725694562514048,3.477186666666668,15.246443333333342,0.03333333333333333,0.32631000258286663,2.270063333333333,0.20567048022666232,0.1429823592287183,0.4366330719992716,1.872287037130824,0.15133755555555553,0.7985866333922281,0.16666666666666666,0.5998781357724065,12.36034,0.257628839700045,0.14765252768769363,0.11063818047597088,1.9091091499754302,0.8240226666666668,2.6989033333333325,0.26666666666666666,0.2820259516182543,2.2107500000000013,0.23478142424878454,0.13451471771169538,0.20352377137194103,2.0100339009170773,0.14738333333333342,0.5965397803963642,0.03333333333333333,3.492296093527758,332.9725500000002,0.23334981425957263,0.15296259845468968,0.25047785508515996,1.884052226182411,22.198170000000005,91.4709900365193
389,1,0.03333333333333333,1.982673001747691,120.0911999999999,0.22514777918112702,0.15304915178198447,0.3253335516777381,1.6892236037259456,8.006079999999994,29.482441738943994,0.36666666666666664,0.23189140127582503,3.5963499999999993,0.24074556984068365,0.14380497430437786,0.18638750459122916,1.7363859152168184,0.2397566666666666,0.40330216489249276,0.13333333333333333,0.9315483703892531,21.17085,0.20563370794664465,0.15290523831111053,0.5459283658899678,1.8517003430940078,1.4113900000000001,6.5083677478115485,0.03333333333333333,0.49852515934731695,5.1108666666666664,0.21175039529964954,0.15225396515517373,0.4134451283823208,1.8342097119197074,0.34072444444444444,1.8639550087670083,0.13333333333333333,3.035199059934958,434.0150833333334,0.2277582548858728,0.14903756602233967,0.4555732996585322,1.8469210693738838,28.93433888888889,69.09325000072539
390,1,0.03333333333333333,1.5318580282264258,83.12986999999993,0.23633113474789583,0.15114717849635922,0.28387130801628135,1.7989531666295182,5.5419913333333275,17.599417639813147,0.03333333333333333,0.5053026351101367,6.258849999999999,0.230345500155676,0.15267937058680314,0.2130769570599435,1.6705135641013962,0.4172566666666667,1.9149806478693596,0.16666666666666666,0.6849548241388707,18.41355,0.22327512053259224,0.14368073349048377,0.5203805015595011,2.0695994950078984,1.22757,3.5187233333333343,0.03333333333333333,0.39754442579675237,4.2331166666666675,0.22772416435792597,0.14299169876245518,0.14410899724011794,1.6887505365636655,0.2822077777777778,1.1853117786155216,0.03333333333333333,3.9857158386019345,507.85299333333325,0.23528869271926262,0.15334778466371848,0.2910330299963768,1.724658913223292,33.856866222222216,119.14448059561741
391,0,0.5,0.24866666666666692,1.59449,0.2698874283015584,0.15084378321099257,0.09582735829231204,1.7987581168437168,0.10629933333333333,0.4637633333333343,0.06666666666666667,0.015762716521750014,0.009693333333333333,0.2098810039764919,0.13495835531742145,0.3676059801254748,2.097934100146367,0.0006462222222222224,0.001863474241087882,0.43333333333333335,0.03993543135968006,0.053876666666666795,0.2759674046440217,0.13728522543982988,-0.3277822256848882,1.9761530448051847,0.0035917777777777866,0.011961290084127881,0.3333333333333333,0.040337465353082254,0.06105999999999997,0.28886057269611864,0.14793179144354168,-0.24784289931170186,1.887690052846518,0.004070666666666665,0.012203333333333335,0.3,0.41431906902875687,4.904430000000003,0.27595846419509595,0.14433424276837847,-0.1981927772433572,1.878460894728637,0.32696200000000014,1.2874521822064184
392,0,0.3,0.24970512103691644,1.9470499999999977,0.23433691762322548,0.13535909243362673,0.3252790247425493,1.9875116408734985,0.1298033333333332,0.46764485604045813,0.06666666666666667,0.025779755006141485,0.013523333333333335,0.21407379843877655,0.14105210819931407,0.6112741402374672,2.276454766589699,0.0009015555555555555,0.004984468261325077,0.3,0.04548302594705494,0.04946333333333359,0.2873746285814814,0.13388080533508273,-0.2563108313306696,2.3636782022278657,0.0032975555555555727,0.015515292369753547,0.36666666666666664,0.03684878140391305,0.06190000000000007,0.2883186746657953,0.12817311490081776,-0.30588649633952875,2.090965371654057,0.004126666666666671,0.010183745182150265,0.26666666666666666,0.4766088713036362,5.959670000000008,0.27413516668247007,0.13913723069279862,-0.1308963925034354,1.8362392453876355,0.39731133333333385,1.7036701215399457
393,0,0.03333333333333333,0.24254802608474518,1.9016799999999976,0.25252686289828224,0.14521178322094613,0.006513388601189986,1.8321730216809071,0.12677866666666648,0.4412215871820467,0.06666666666666667,0.018233247272988647,0.013716666666666663,0.21795548128329523,0.13431439834701697,0.4217923940054733,1.9367363780860694,0.0009144444444444442,0.0024933847958846095,0.03333333333333333,0.043937237773734476,0.07250333333333342,0.24481497316523104,0.15177487141385979,0.18074729276435741,1.8247483732040182,0.0048335555555555606,0.014478606473892597,0.1,0.03870817483577801,0.07117333333333334,0.27175120391622976,0.14647410008119063,-0.08529047189798163,1.6280818029201858,0.00474488888888889,0.011237420993378681,0.16666666666666666,0.34538159250956824,5.819010000000016,0.2686159193683951,0.13839407610063936,0.006745869606369778,1.842592659464801,0.3879340000000011,0.8946633333333408
394,0,0.43333333333333335,0.19552546188463887,1.515816666666666,0.2545203853008231,0.14604954839938078,0.021287197752945197,1.6888851755766026,0.1010544444444444,0.2867265468390103,0.2,0.02018679946234088,0.014496666666666665,0.24107609281303313,0.1401278715973052,0.22373548509208532,1.7364971151003097,0.0009664444444444444,0.0030563015439957456,0.2,0.0455711693044753,0.08180999999999983,0.25866186333068103,0.15501944066522563,0.1460919709679412,1.679048800258341,0.00545399999999999,0.015575486038328642,0.13333333333333333,0.04598395559398214,0.06804999999999997,0.2292975221986753,0.13852054806945116,0.25212542992025144,1.8358981059561086,0.004536666666666665,0.01585893129051991,0.2,0.3755318166382319,4.285743333333343,0.27462960179427826,0.12919762452865935,0.22796710004366244,2.237884532326271,0.2857162222222229,1.0576810898070794
395,0,0.13333333333333333,0.17163925590164486,1.4622199999999976,0.24247828099394866,0.14222704368054762,0.2129037937033061,1.8759690987443578,0.09748133333333316,0.22095025624852752,0.06666666666666667,0.02432131174266098,0.012809999999999995,0.23730414493333332,0.1369907245246812,0.24808937499846132,1.9981470868037985,0.0008539999999999999,0.004436446536627741,0.06666666666666667,0.058492627343811505,0.08140999999999993,0.2350954015509371,0.15131968453952974,0.3805092197397072,1.773758537642705,0.005427333333333327,0.02566040590186504,0.2,0.03567995660364884,0.05648666666666657,0.267514486795495,0.14200529227577965,0.10144766722215502,1.9771862254237282,0.0037657777777777707,0.009547944774286981,0.2,0.47205820695253103,4.873833333333327,0.22413639110859904,0.1247039510694443,0.4348631346575089,2.2365815409311396,0.3249222222222217,1.6712921306342896
396,0,0.26666666666666666,0.24402309423173918,2.0324100000000054,0.23465565565973628,0.13870082571602424,0.1341168907117205,1.9494473755491761,0.1354940000000003,0.446604528888242,0.06666666666666667,0.018714020943241955,0.010110000000000001,0.24979737899478408,0.1399147311690314,0.2108087931315979,1.7635982850972036,0.0006740000000000002,0.0026266093489807395,0.13333333333333333,0.05092468021398304,0.07641999999999999,0.21064504317517846,0.13045468536607271,0.482212359599945,2.1012084059816627,0.005094666666666666,0.019449922911723268,0.23333333333333334,0.043989816195358945,0.0586499999999999,0.24392233444083905,0.13857659295977556,0.30273747688808217,2.0657107063433293,0.003909999999999993,0.014513279466760983,0.13333333333333333,0.46638803129108364,7.251543333333328,0.24729697905579145,0.14098835650075295,0.16461311657056596,1.7364100121596757,0.4834362222222218,1.631383467986796
397,0,0.23333333333333334,0.22933365056372557,1.7635333333333394,0.27744764498642943,0.1441675336676812,-0.08515339041468462,1.887593334379284,0.11756888888888928,0.3944544246066374,0.26666666666666666,0.01758549195884144,0.013353333333333333,0.25959030731275123,0.14542737276093817,0.00661298745460242,1.7604086034242215,0.0008902222222222225,0.0023193714557585765,0.13333333333333333,0.037427185967205887,0.059106666666666724,0.25921902018392123,0.1518436377128522,0.10994487408155448,1.6452662169354406,0.003940444444444449,0.0105059568706786,0.2,0.05449404289433223,0.06384000000000004,0.26672105854473555,0.14533418098944786,-0.04871238180877679,1.8149508613528913,0.004256000000000001,0.02227200533226991,0.13333333333333333,0.5318707076904147,6.867920000000003,0.27827663952384646,0.1364193017900554,-0.266403148004212,1.7831848075218755,0.4578613333333335,2.1216483727432687
398,0,0.06666666666666667,0.1917239585179403,1.5392433333333275,0.2450314138106527,0.13742126314387612,0.06755414020305893,1.7920906269729782,0.10261622222222183,0.2756855720234167,0.43333333333333335,0.01783977707397892,0.009569999999999999,0.24862092522563997,0.1465263591530482,-0.05528128543447327,1.4691558274322494,0.0006379999999999999,0.002386932345369479,0.43333333333333335,0.03596580846339539,0.05665333333333328,0.2916080118448281,0.142331893193335,-0.21153282799310333,1.7257341554173549,0.0037768888888888856,0.009701545338192329,0.4666666666666667,0.03847121173225573,0.04198333333333332,0.2858939840653678,0.13958062002072408,-0.019467488211711077,1.7363347010857757,0.002798888888888888,0.011100255991110383,0.3333333333333333,0.3311441445117888,6.294479999999996,0.26869280322730715,0.13795558806999633,0.14569681011336677,1.930250584975869,0.4196319999999997,0.8224233333333336
399,0,0.06666666666666667,0.2248466087785346,2.779876666666653,0.2530374978523095,0.15475896304014172,0.09164943665777071,1.67528309549212,0.1853251111111102,0.3791699810940555,0.43333333333333335,0.01553234697947424,0.010450000000000001,0.2707404061269074,0.15750247219403887,-0.17184149526146184,1.6096529190471245,0.0006966666666666666,0.0018094035201808693,0.16666666666666666,0.039004273270160136,0.05631333333333333,0.26349950742027334,0.14274205815075333,-0.06698097032621805,1.8020462501127725,0.003754222222222222,0.011409999999999965,0.13333333333333333,0.05320430014055141,0.060299999999999875,0.23583871391078545,0.13838515039640836,0.29941953258627496,1.8184358042699296,0.004019999999999992,0.021230231650844086,0.3,0.4277317312325951,6.177183333333325,0.2670023038309659,0.13327173764873734,0.0014894663626864866,2.0317024565545974,0.41181222222222164,1.3721582542742474
400,0,0.06666666666666667,0.2725449815092609,2.161409999999993,0.2501583932952232,0.14191641361895313,-0.005612130719115109,1.6516585724480903,0.14409399999999953,0.5571057520941253,0.06666666666666667,0.01916803581295677,0.010389999999999998,0.28149567187877955,0.15777278507423337,-0.04018208269054168,1.544148738425715,0.0006926666666666665,0.0027556019769509497,0.4666666666666667,0.0258790406145511,0.027860000000000117,0.26288107813837636,0.14755804525055713,0.24067332728411603,1.7722308555280402,0.0018573333333333413,0.00502293557347189,0.03333333333333333,0.04760034749562524,0.07395666666666659,0.23492507599945314,0.14867892889006562,0.20484900857518926,1.7397050862992158,0.0049304444444444396,0.016993448112782073,0.36666666666666664,0.3608623391262676,6.071399999999998,0.2569297159658484,0.13324862726976724,-0.25907781532228136,1.8473795037420508,0.40475999999999984,0.9766622084976101
401,0,0.03333333333333333,0.21848636689138082,1.6941800000000011,0.2466434266510067,0.14536042170268063,0.026873724613034614,1.7989260856753146,0.11294533333333343,0.358022193880463,0.03333333333333333,0.0666821047194342,0.05564666666666666,0.1584631552237505,0.1372384518169336,0.8533563836600561,2.392891565897098,0.003709777777777777,0.03334877317360192,0.13333333333333333,0.05091183598602948,0.0928866666666665,0.21680142678823053,0.1500107939635921,0.5081365389538803,1.9526137522311795,0.006192444444444434,0.019440112826012754,0.03333333333333333,0.03704938166207504,0.05734999999999986,0.270038663763615,0.14882978631267035,-0.08484454837026556,1.8475108706572818,0.003823333333333324,0.010294925111565767,0.03333333333333333,0.3799895216279863,4.637799999999998,0.2608832327696176,0.14702281964585714,-0.21529251940784322,1.7573791648361867,0.3091866666666665,1.0829402741029943
402,0,0.03333333333333333,0.5026115311145121,4.203286666666666,0.23560829626386734,0.16661505145591793,0.1721752718943535,1.5592462598613825,0.2802191111111111,1.8946376340695563,0.03333333333333333,0.07179983825735424,0.047550000000000016,0.1509780340145738,0.14065389240757417,0.9280377806402432,2.5160413010641323,0.003170000000000001,0.03866412580336673,0.03333333333333333,0.13533099800289064,0.2599000000000001,0.19271468880673492,0.15336585739564182,0.6448413443282089,2.1276156020303403,0.017326666666666667,0.13735859265343792,0.03333333333333333,0.08157596841574075,0.12141666666666681,0.2107279848485882,0.1546343577510813,0.47598689644021935,1.8996335596002278,0.008094444444444453,0.04990978967224449,0.03333333333333333,0.4750486914102332,6.652416666666672,0.2731272774304762,0.16227694774151624,-0.17144729092547645,1.5990972764225935,0.4434944444444448,1.6925344440793124
403,1,0.06666666666666667,0.35116707048510765,4.969799999999999,0.24139815141774448,0.1379648833700552,0.25023580893949227,1.8422907101369417,0.33132,0.9248873354481941,0.03333333333333333,0.09353149368795864,0.0856,0.16250055998937596,0.14388578480028005,0.8185080269867262,2.3286637943208,0.005706666666666666,0.06561105233625486,0.03333333333333333,0.19019472178422347,0.6210599999999995,0.2101904035835978,0.15184882987847104,0.4155753999264709,1.8722364953451651,0.041403999999999955,0.27130524145933627,0.06666666666666667,0.0569691245361213,0.13301999999999997,0.22750546241521039,0.1498353522295293,0.35323113441641013,1.821872287701409,0.008868,0.02434110862809074,0.03333333333333333,0.7971210150166108,15.657910000000022,0.24021773417378536,0.15152790069940988,0.09415254754816316,1.7264466498231343,1.0438606666666683,4.765514344358339
404,1,0.03333333333333333,0.8821649734024218,19.156233333333326,0.23931887454700565,0.1628356096856732,0.17029322541969505,1.5988005291044993,1.2770822222222218,5.8366128022357175,0.03333333333333333,0.3060059670158703,1.0864066666666667,0.1720509926841491,0.14357558811494087,0.613921066380838,1.8636969975759945,0.07242711111111112,0.7022973888698844,0.03333333333333333,0.3598239012814454,3.68034,0.23579544625816143,0.1580550468073069,0.20215038617018022,1.6415866250273923,0.24535600000000005,0.9710492995004952,0.03333333333333333,0.2177535959498388,0.7792300000000005,0.1881042461522061,0.1458685866580394,0.5689811104945767,1.9196135906313025,0.05194866666666669,0.3556247141181424,0.03333333333333333,2.4175119977168813,101.97588333333331,0.1999811565635936,0.1418584103185844,0.3780183562368912,1.8134962758635362,6.798392222222221,43.832731943288
405,1,0.03333333333333333,1.078886142389298,34.144019999999976,0.23108861892498359,0.14807578395468105,0.22400077782776945,1.7493428545534826,2.2762679999999977,8.729964811797453,0.03333333333333333,0.17877435948356157,0.6242500000000002,0.226794757936336,0.14869819914621288,0.17980484469865118,1.7221958230190437,0.04161666666666668,0.2397020370656828,0.03333333333333333,0.5122999980751884,6.649943333333333,0.24602610827289553,0.15424036134740277,0.13490573145666526,1.7267078049245663,0.44332955555555553,1.9683846602087856,0.03333333333333333,0.23439061091538405,1.2403666666666673,0.20789265929145057,0.13975077156160312,0.355677992408537,1.8578535011328128,0.08269111111111113,0.41204218863965214,0.03333333333333333,2.143550967015256,98.96594999999998,0.24270224552461295,0.14669497846245344,0.0803134571473452,1.8449047183242844,6.597729999999998,34.46108061144029
406,1,0.36666666666666664,1.3498513457218813,52.98318333333336,0.2635999424844503,0.15153692806108654,-0.05540327228264523,1.731814397580821,3.5322122222222236,13.665739916603805,0.03333333333333333,0.23585872170371683,1.0478933333333336,0.2415603675934385,0.15998902320394545,0.1089291996630055,1.5899918857000759,0.06985955555555559,0.41722002452783513,0.03333333333333333,0.6381057234040699,13.339819999999996,0.2539123464502859,0.15121535097103905,0.003896928475281254,1.7154525384136208,0.8893213333333331,3.0538418568077352,0.03333333333333333,0.2747459592443182,2.100459999999999,0.254709325921811,0.1571245765403538,0.00025511535504878317,1.6349653758019038,0.14003066666666664,0.5661400659081043,0.03333333333333333,3.2548014421417903,210.78360666666666,0.22954532627803212,0.15317229042161712,0.23971164957746746,1.7356104143819715,14.052240444444442,79.45299320826209
407,1,0.36666666666666664,0.9986488141546724,45.518260000000076,0.26976279112471174,0.14282538159014746,-0.16897102518848345,1.7956718444115956,3.0345506666666724,7.479745905094002,0.03333333333333333,0.31803971237421397,1.9636799999999999,0.2186417441873281,0.1496396182531466,0.3368541280875802,1.7633014681636725,0.130912,0.7586194398530458,0.16666666666666666,0.5905285767852395,14.247853333333337,0.2614338336084184,0.14460765391703312,-0.04746584285861939,1.778792564564556,0.9498568888888891,2.615430000000004,0.03333333333333333,0.241717791051344,2.125496666666666,0.2604090922963173,0.14532059532800945,-0.06410378561562873,1.816304105086367,0.1416997777777777,0.438206178830559,0.03333333333333333,2.535033622300652,188.95431000000002,0.23415165223788295,0.14545947271937362,0.20497656120394525,1.8253660734382557,12.596954000000004,48.197965996460745
408,1,0.16666666666666666,1.2630515077031148,39.257039999999975,0.23513815718131362,0.1381988225346925,0.25861699309663594,1.9625885544938704,2.617135999999999,11.964743333333336,0.26666666666666666,0.19114917828775718,1.0520100000000003,0.2360522547155698,0.13483743251786978,0.21674656069230783,2.011991509764603,0.07013400000000002,0.2740350627006359,0.03333333333333333,0.5241779601804897,10.614973333333328,0.2536972054076496,0.14184953861385657,0.05007397098761296,1.9930802189593653,0.7076648888888886,2.060719004542343,0.03333333333333333,0.26587495659337124,1.8670899999999997,0.23825395705547597,0.1463962530752693,0.19829571921107803,1.991819637392533,0.12447266666666668,0.5301711940764527,0.03333333333333333,2.9335446175010773,243.18815999999987,0.23193791625908983,0.13924770795060568,0.1654713044288259,2.087277091225809,16.212543999999994,64.54263017152157
409,1,0.03333333333333333,1.0331575292909694,36.10695666666662,0.22839494720225023,0.14444723910158033,0.1094842865263197,1.648048956798327,2.4071304444444417,8.005608602479652,0.06666666666666667,0.22229913933742246,1.4024633333333334,0.22329223794071024,0.14860754628325112,0.22970584481377082,1.6946120743201505,0.09349755555555556,0.3706268051261907,0.06666666666666667,0.5406615168247116,9.169343333333334,0.24076397514216832,0.1535266737276572,0.11062369322072382,1.6209606034109152,0.6112895555555556,2.1923615683139848,0.03333333333333333,0.2560430650068451,1.9645500000000007,0.2133393984682373,0.14499764430011247,0.3133742294216981,1.7385192049022655,0.13097000000000006,0.49168538353574626,0.06666666666666667,2.690689932057069,257.10278999999997,0.23014868738055083,0.13499546404477183,0.21386051654803134,2.046827585106438,17.140185999999996,54.29859232854957
410,1,0.5,1.4786666666666681,55.610780000000034,0.2924309139254206,0.16307290769744887,-0.17927111530315015,1.5593728511501916,3.7073853333333355,16.398413333333362,0.03333333333333333,0.2703437816532572,2.3184000000000005,0.2248811372430886,0.14994275721572006,0.3179807068351601,1.8767516801267734,0.15456000000000003,0.5481432020893799,0.03333333333333333,0.6703595199918488,11.40446,0.23350864827195975,0.1625422146396747,0.3117570122093845,1.6329611701692468,0.7602973333333333,3.3703641453277653,0.5,0.2593333333333334,2.2078700000000007,0.2602273656812466,0.16112770178258934,0.05843618747107726,1.6523403870530609,0.14719133333333337,0.5044033333333338,0.2,2.987639102577919,289.6763666666666,0.21030493093450534,0.13345606532799426,0.40397893696079884,2.1325319770960287,19.311757777777768,66.94490555439447
411,1,0.5,1.9086666666666672,79.88611666666671,0.2853076044815287,0.1659799908745082,-0.10714930539287938,1.4908107770041996,5.325741111111113,27.32256333333335,0.03333333333333333,0.2241571116370206,1.7177066666666665,0.256128152652681,0.16068486327395254,0.016233672889105818,1.6070902511920315,0.11451377777777776,0.37684808023088784,0.5,0.6533333333333332,12.785399999999994,0.24596212953945482,0.16132146262256877,0.282379539292399,1.707305087453472,0.8523599999999995,3.2013333333333325,0.03333333333333333,0.32579046036865983,2.7108499999999998,0.25065421545312505,0.16283563781855503,0.1455173185412574,1.629841157709655,0.18072333333333332,0.7960456805041748,0.03333333333333333,2.7297063175792324,297.63976666666673,0.25170214127735574,0.15251513206778805,0.1995520018523844,1.8825575773717245,19.84265111111112,55.88472435173981
412,1,0.03333333333333333,2.3852709614624237,139.87083666666666,0.21646253639233395,0.1271278510387427,0.043826330950582595,1.8607550327623246,9.324722444444445,42.671381696969064,0.03333333333333333,0.2700784017181326,1.81713,0.23853989594822866,0.1618707885812378,0.22896016672973846,1.5956138182842325,0.12114200000000001,0.5470675730596575,0.03333333333333333,1.174542658416964,22.409689999999994,0.2003542063783566,0.14384332721564488,0.4242972481624528,1.9150410455949232,1.4939793333333327,10.346628423308918,0.03333333333333333,0.4868581497825944,4.259100000000002,0.23686882147617525,0.1509337598256471,0.07244369081108673,1.6941752897649869,0.28394000000000014,1.7777314350729836,0.03333333333333333,5.339999655966302,548.8525600000003,0.23724833410357193,0.144326623940271,0.03689225417164586,1.9019806424942494,36.59017066666668,213.86697244290175
413,1,0.26666666666666666,1.693324420385765,136.26959333333332,0.24725687487721804,0.13292762554970772,0.24324343705954116,2.0372426142711677,9.084639555555555,21.505106945060902,0.03333333333333333,0.4195557828811596,4.746389999999998,0.2200287008489668,0.15291214026236355,0.4177313237692599,1.8839049382386357,0.31642599999999993,1.3202029121176702,0.06666666666666667,0.8098182312755284,18.806603333333335,0.20498035165548187,0.1376081998619583,0.5443915103375137,2.1268039878087466,1.2537735555555556,4.91854175779669,0.03333333333333333,0.2919489583348786,4.196369999999999,0.24273542884193358,0.15040896153273073,0.2054359366668379,1.7835889333262676,0.27975799999999995,0.6392564570461551,0.3,3.679565414463793,510.21753000000024,0.2640981134871303,0.12981695176692076,0.000570588319821152,1.9606790394439348,34.014502000000014,101.54401229488576
414,0,0.06666666666666667,0.14696824002795558,0.736803333333337,0.21951006680420876,0.1423849457860397,0.29770793741463153,1.7568287095860282,0.04912022222222246,0.16199747682686075,0.5,0.016666666666666666,0.01089,0.2677020537514121,0.1450708435468312,0.2504733119485813,1.847770501671164,0.0007259999999999999,0.0020833333333333333,0.06666666666666667,0.02728362085145152,0.03415333333333322,0.2708867960727402,0.1518258014668854,-0.0019277145202629097,1.7744340719418805,0.0022768888888888813,0.0055829697507432,0.26666666666666666,0.03087366201433962,0.02793333333333319,0.2735795029293551,0.12675879086332792,0.015167869469940353,2.214454404019172,0.0018622222222222126,0.0071488725463175785,0.03333333333333333,0.4986000994663243,5.08533666666667,0.24479710125487014,0.1597837160139546,0.03403757288458725,1.5251520324369598,0.3390224444444446,1.8645154439087137
415,0,0.06666666666666667,0.19022249618915318,0.8258266666666675,0.22120087676239625,0.1511542190190672,0.27289121347154904,1.602036767253811,0.05505511111111117,0.271384485423243,0.06666666666666667,0.01565192329666139,0.006459999999999999,0.24595169460463753,0.14173121858980156,0.051220352510604784,1.5620711616672345,0.0004306666666666666,0.0018373702716342867,0.2,0.03141175672489281,0.04758000000000002,0.25100374882963294,0.13972958421046142,0.15293662019898482,1.8983143513810885,0.0031720000000000016,0.0074002384540788665,0.2,0.027459398332810667,0.02824999999999985,0.25795420390430274,0.12897549079975737,-0.03615075931136675,2.102788410576498,0.0018833333333333235,0.005655139175999741,0.03333333333333333,0.5066080871978236,5.403706666666674,0.24335047714423222,0.16774405725562566,0.07879611157085441,1.4310629572251015,0.36024711111111163,1.9248881551067818
416,0,0.06666666666666667,0.1892157769677194,1.0847299999999973,0.2698785981372569,0.1598373405799155,-0.007300122254688506,1.5813988744178145,0.07231533333333315,0.268519576901233,0.06666666666666667,0.021237939341463306,0.013509999999999998,0.22366088750469804,0.141491374294447,0.2884521511002249,1.755783091932549,0.0009006666666666665,0.0033828755060375617,0.16666666666666666,0.059669459897375064,0.09779666666666689,0.26363102811595923,0.1475981653191415,0.26083109435357316,1.8068975050699223,0.006519777777777792,0.02670333333333338,0.16666666666666666,0.02815038977428985,0.03077000000000001,0.2594037812188586,0.13878758651383596,0.3536387024913327,1.9325702337332993,0.0020513333333333343,0.005943333333333319,0.13333333333333333,0.4125515865816101,6.041950000000006,0.23530168702363713,0.14894554450677774,0.21579112114808252,1.5832173134524306,0.4027966666666672,1.2764910869325283
417,0,0.5,0.29666666666666686,1.9029899999999953,0.3108778114521201,0.1563496294829695,-0.46454830374921463,1.919545572548204,0.12686599999999967,0.6600833333333342,0.06666666666666667,0.026583333809628282,0.018770000000000002,0.25559343456234684,0.1532998871144412,0.13726782949734195,1.714573935071267,0.0012513333333333335,0.005300052273255945,0.5,0.08466666666666652,0.12593,0.30589903305910576,0.14921511093507045,-0.09226829488822202,1.6782481791280843,0.008395333333333333,0.05376333333333315,0.1,0.033011091789654175,0.04005000000000005,0.2632459282062925,0.13982886776594353,0.15874630897559047,1.7825180369664304,0.002670000000000003,0.0081729913585873,0.13333333333333333,0.47752684307720406,4.8596100000000035,0.24756758518398347,0.15050174217370138,0.22427350643028196,1.6418640077813562,0.32397400000000026,1.7102391439446052
418,0,0.4,0.2182143153879469,1.8508999999999967,0.26497550215616206,0.14613898480677476,-0.10335240659486641,1.588460363072327,0.1233933333333331,0.35713115580172766,0.5,0.022000000000000006,0.01765,0.25771665269227445,0.16207470046539182,0.13718442682342122,1.598536107928092,0.0011766666666666668,0.0036300000000000017,0.5,0.057333333333333236,0.10385999999999977,0.2758806087966558,0.15707828295127232,-0.07677268427114776,1.6409589704058531,0.006923999999999985,0.02465333333333325,0.43333333333333335,0.027199874929393505,0.04280000000000002,0.2700055407883256,0.13193083390086704,0.05239943755515509,1.80923951920694,0.0028533333333333345,0.00554874897130987,0.13333333333333333,0.3172241079981717,3.177899999999994,0.23862386934108942,0.15180252038675043,0.24166699975351522,1.6361876083399034,0.21185999999999963,0.7547335102142677
419,0,0.06666666666666667,0.23361302270409282,1.4419966666666675,0.24075989265340253,0.15874117292059248,0.24278169589186846,1.7228313338580221,0.09613311111111116,0.40931283282707237,0.06666666666666667,0.022413897612868723,0.01278333333333333,0.2317721407482469,0.1434638182434138,0.372364553943773,1.9407909218808106,0.000852222222222222,0.0037678710465012173,0.03333333333333333,0.04588912063505969,0.06324999999999964,0.25249001680338884,0.14648157170509093,-0.06871568930826688,1.7702432985942185,0.004216666666666643,0.01579358544494296,0.23333333333333334,0.03907455564711093,0.03629999999999993,0.2764582558339236,0.13343976107477132,0.2054819358779336,2.0673692841605127,0.0024199999999999955,0.011451156742643766,0.1,0.28726936319137875,3.506339999999989,0.25550582119144916,0.1480370384910351,0.0013273405292314154,1.6206283660085683,0.23375599999999924,0.6189276527128521
420,0,0.03333333333333333,0.23975121848005687,1.7617000000000043,0.21695521230236187,0.14647267552265186,0.3436324256648741,1.82509747068824,0.11744666666666695,0.43110485072003973,0.06666666666666667,0.02754033248573124,0.019993333333333335,0.278584657511739,0.15820346812525538,-0.1555614151753837,1.6791020363889138,0.001332888888888889,0.005688524350684676,0.5,0.05600000000000017,0.09145333333333325,0.2685005558211663,0.1658901579870078,-0.006453200462341366,1.589494389451101,0.0060968888888888835,0.02352000000000014,0.23333333333333334,0.03295225978058179,0.03270333333333322,0.2673920433355098,0.13941140159066692,0.15662713747794677,2.1231740268725803,0.0021802222222222145,0.008143885684852113,0.03333333333333333,0.31994125696373776,4.3063,0.23896114502057234,0.14551819147608244,0.04316124899408528,1.649195278182888,0.28708666666666677,0.7677180593065237
421,0,0.1,0.18924890205306738,1.3017966666666658,0.2708379419684707,0.15166870991157702,-0.05179466910581303,1.5686705153309286,0.08678644444444437,0.26861360196218614,0.06666666666666667,0.03184980698208944,0.022003333333333337,0.2401062013840245,0.15953516477290072,0.07294895511781006,1.5124936122086896,0.0014668888888888889,0.00760807653597265,0.03333333333333333,0.04441435467576118,0.08458000000000009,0.25181748746489285,0.16122465894068067,0.15448729631337288,1.6234666486008262,0.005638666666666672,0.014794761759482319,0.13333333333333333,0.026072789357174567,0.02788999999999997,0.2508402490389621,0.13048314423510854,0.011387922496784586,2.0531784680376983,0.0018593333333333311,0.005098427586476966,0.06666666666666667,0.39710471209940235,4.825979999999998,0.25209736790252496,0.1469713086844879,0.055979911256419164,1.589711211890909,0.3217319999999998,1.1826911427866194
422,0,0.03333333333333333,0.3123825317110638,2.210856666666664,0.21083150216782814,0.1486893277341277,0.33210067553975,1.7338070747415588,0.1473904444444442,0.7318713458866032,0.03333333333333333,0.02261769420560128,0.013049999999999999,0.23618765741956185,0.16387402351594885,0.220113378262138,1.576446170897469,0.0008699999999999998,0.0038367006838356727,0.03333333333333333,0.04682208045738408,0.061059999999999975,0.22565690251310758,0.14950928087930218,0.2798996317838336,1.7179941932698262,0.004070666666666665,0.01644230413768311,0.4666666666666667,0.024560369099184503,0.022846666666666675,0.24338371489398294,0.14429409975155807,0.10529785937508315,1.7571999132917588,0.0015231111111111118,0.004524087977161326,0.06666666666666667,0.49758303956949135,4.757229999999998,0.24418812115243246,0.14702323008240842,0.10765025821540722,1.6260824296099623,0.3171486666666666,1.856916609504105
423,0,0.06666666666666667,0.35493587654812764,2.5030500000000035,0.21363598966136302,0.14082803183751544,0.6489858394716969,2.1174354270927163,0.16687000000000024,0.9448460734574078,0.2,0.01120938553041334,0.006243333333333334,0.2579490451176893,0.15620511505236914,0.13711913594915226,1.672872408412054,0.00041622222222222234,0.0009423774297707998,0.06666666666666667,0.032465105568097494,0.04521333333333317,0.24358055634101036,0.14681501947724757,0.20690286014790552,1.717430755167434,0.003014222222222211,0.00790487309660786,0.06666666666666667,0.03288218182469253,0.04225999999999995,0.2625634956656766,0.15054885938109738,0.004787188601623253,1.6537289222800526,0.0028173333333333305,0.008109284111641048,0.2,0.4088988070428705,7.022550000000005,0.27230732983011535,0.15042322177727432,-0.04244504330597192,1.6797013532544813,0.46817000000000036,1.25398675800812
424,0,0.06666666666666667,0.3686384584942752,2.1351400000000034,0.2019896475980711,0.15314278118182953,0.6416018277502256,1.8807456067341253,0.14234266666666692,1.0192073481077657,0.03333333333333333,0.04505707908730528,0.04465,0.19247480833212258,0.15455503052489,0.7375554911274292,2.131042863083941,0.002976666666666667,0.015226052819097622,0.4,0.027635742283468955,0.039569999999999814,0.22524702709450536,0.13369510622063185,0.2310560807121388,1.8520003435748338,0.002637999999999988,0.0057280068866873545,0.16666666666666666,0.03601851375797355,0.043383333333333204,0.2373746816999591,0.12832038310825705,0.20325670057279793,1.8541763831850502,0.002892222222222213,0.009729999999999973,0.36666666666666664,0.43026689031641385,7.888659999999993,0.28070196446051143,0.15445019363645324,-0.037861403530837306,1.6544907758585508,0.5259106666666662,1.3884719767691769
425,0,0.03333333333333333,0.22684371924902086,1.4707266666666694,0.23180872194446878,0.15521636156714205,0.17813251911288028,1.6238004282208334,0.09804844444444462,0.38593554722046447,0.03333333333333333,0.07374539221959699,0.055503333333333335,0.17375003580202406,0.15060675914615163,0.807245724901251,2.3316628331847036,0.0037002222222222224,0.04078787155216647,0.03333333333333333,0.0932174426288023,0.11899000000000022,0.215136060450121,0.15177946625307104,0.21835960395662005,1.6686645303570802,0.007932666666666682,0.06517118707690535,0.03333333333333333,0.03573074408887602,0.045066666666666526,0.21869458665334546,0.14110535817921302,0.4388045008925867,2.085057358697489,0.0030044444444444355,0.009575145548585616,0.5,0.5079999999999993,7.284573333333327,0.27129543321642013,0.15559033941017356,-0.04015357988494849,1.730543161985115,0.48563822222222186,1.935479999999995
426,1,0.03333333333333333,0.23836524901785178,1.7599966666666742,0.2729346544680929,0.17172714997631014,-0.10139016271154694,1.4513776838827783,0.11733311111111161,0.4261349395450687,0.03333333333333333,0.10749657469035892,0.11296000000000003,0.16684013681522705,0.14047737474979605,0.7030325052206073,2.1664754881610913,0.007530666666666669,0.08666635177619936,0.03333333333333333,0.08231686817908339,0.18942000000000042,0.228187846171569,0.14823714039799119,0.2374206875431421,1.7510027979139375,0.012628000000000026,0.05082050090109444,0.03333333333333333,0.04995512180864245,0.047606666666666686,0.21744143267041277,0.16523512847633012,0.505608335058038,1.7889457151384394,0.0031737777777777797,0.018716356461872283,0.03333333333333333,0.4944225727088874,9.773420000000005,0.2359824539676033,0.14022267493630566,0.1958567307731859,2.0683879041277007,0.6515613333333335,1.8334026030305628
427,1,0.03333333333333333,0.519474978430719,11.860469999999996,0.2507806834020945,0.13799210441582574,-0.1406936287722126,1.7498068316842006,0.7906979999999995,2.0239068991169695,0.03333333333333333,0.2600956143531222,0.8334099999999999,0.19115423973189227,0.15987056289410745,0.6099293805718181,1.8537028337998163,0.055560666666666654,0.5073729645429604,0.03333333333333333,0.284964923065376,2.949536666666665,0.24970080823960825,0.14850332073594577,-0.010294443981395602,1.7036222648348138,0.19663577777777771,0.6090375553324177,0.03333333333333333,0.1037439288380464,0.4535899999999998,0.2507861033206394,0.15542338773215847,0.043287732399904556,1.594664865077485,0.03023933333333332,0.08072102078065227,0.03333333333333333,1.628896549930224,70.62248333333332,0.2388633192890981,0.1574295260252064,0.11656773360249963,1.5660496010635159,4.708165555555555,19.899779777809396
428,1,0.03333333333333333,1.4822683107360999,58.89328999999992,0.23714667427992042,0.1544474469729635,0.10698699864787954,1.597125913630639,3.926219333333329,16.478395087593384,0.03333333333333333,0.1996390573197998,1.0942366666666667,0.2498324883695497,0.14771478261816248,-0.12030485660376568,1.634709398008404,0.07294911111111112,0.29891814905653735,0.03333333333333333,0.5877171143165014,15.307933333333335,0.2513387595093807,0.14975378569100456,-0.02755110898417813,1.6287675585440007,1.020528888888889,2.590585548453867,0.03333333333333333,0.2916500883828394,2.6668266666666662,0.2466276147710343,0.15504735178177464,0.018146783675876507,1.5817734124324245,0.17778844444444442,0.6379483054028853,0.03333333333333333,2.147656134173255,188.74957999999992,0.2578879930042406,0.1536155675526223,-0.08009328979421305,1.5717686070033565,12.583305333333328,34.59320152989009
429,1,0.23333333333333334,1.3066323425798143,71.13373333333331,0.2526011628625604,0.14714682364599813,-0.006677338355555525,1.7492398985507713,4.742248888888886,12.8046605900671,0.26666666666666666,0.19843098321663669,1.29669,0.27589637022950997,0.14095072408639445,-0.27899526132401115,2.0194956418801993,0.08644600000000001,0.29531141325240867,0.23333333333333334,0.7085700599233192,19.404986666666666,0.26585183100284443,0.14380174090558165,-0.12627075790896877,1.8170159444839151,1.2936657777777778,3.7655364736480212,0.26666666666666666,0.30194765055576156,3.49688,0.2693657590039352,0.15117965560692304,-0.1717684377608602,1.7599386468828553,0.23312533333333332,0.6837928775710823,0.26666666666666666,2.4237222836546772,253.46344666666667,0.27592184691207744,0.14277747867544327,-0.1640648818216962,1.9096193331781484,16.897563111111108,44.05822281213183
430,1,0.03333333333333333,1.6361999366266882,93.4952366666667,0.23181060136271947,0.13791496854914592,0.037683982292493375,1.785911374479484,6.233015777777781,20.078626744628835,0.03333333333333333,0.21896641549172507,1.59676,0.2526126958174647,0.14679689161362564,-0.0038505793076470804,1.8231901657794451,0.10645066666666667,0.3595971833497108,0.23333333333333334,0.8620483319813257,18.8071,0.2563307040360862,0.13651921299169012,-0.03914300941419035,2.0086056753429755,1.2538066666666665,5.5734549500383945,0.23333333333333334,0.2995592063995666,2.9525333333333323,0.25497567685206857,0.1355986306930128,-0.15929326529649251,1.9488247584337943,0.19683555555555549,0.6730178860405364,0.23333333333333334,3.0239617904497864,239.4893333333334,0.26339683367964983,0.13693597850104836,-0.03083342464338188,1.997084956044067,15.96595555555556,68.58258682575207
431,1,0.03333333333333333,1.8331764410114357,62.89868999999999,0.21943783690010973,0.14519192899186512,0.11748922166086696,1.6393165068755977,4.1932459999999985,25.204018979095157,0.4,0.11103055214371722,0.6590133333333335,0.2617305890441548,0.1398596261026128,-0.088697362485427,1.6897675644548766,0.04393422222222222,0.09245837632004034,0.03333333333333333,0.5855630512528127,11.496479999999998,0.2551655268568492,0.14234322862020776,-0.05555326187963469,1.9364025049025166,0.7664319999999999,2.5716306524437815,0.03333333333333333,0.26328439856643854,1.5904299999999998,0.2465670077445936,0.1415652609983955,-0.14660551891243684,1.8627336563657555,0.10602866666666662,0.5198900589636845,0.03333333333333333,3.060218171429795,151.10080333333332,0.23697772283892427,0.15783631242949572,0.056612174936176936,1.5556884218125981,10.073386888888889,70.23701442561838
432,1,0.43333333333333335,1.0013494797870774,33.5571,0.26871204778369956,0.15302314834991704,-0.10882499651319223,1.6364194273945567,2.2371399999999992,7.520255855023878,0.1,0.18840567967854388,1.1061266666666665,0.28620670878130006,0.15607615300211317,-0.10053099992823462,1.5497763927188613,0.07374177777777777,0.2662252510135056,0.03333333333333333,0.5835946760523173,11.048000000000002,0.24396511714222457,0.14867763352349764,0.11262075625863882,1.6866756388685669,0.7365333333333336,2.5543705943745683,0.03333333333333333,0.2351996408038797,2.1768400000000003,0.25526636887047743,0.15947385825289237,0.03487753741863037,1.493836790708091,0.14512266666666668,0.4148915327570553,0.03333333333333333,3.0484839609867147,262.47246666666655,0.2768442578611327,0.1653958631674114,-0.11601722216575083,1.589362345638695,17.49816444444444,69.69940845294937
433,1,0.23333333333333334,1.2536763992431244,80.52415000000003,0.2536942600480963,0.1475989758264396,0.13418887479002295,1.7464755259358917,5.368276666666669,11.787783855144045,0.03333333333333333,0.43177369478607647,2.8916833333333334,0.23828627346798836,0.1679360222250927,0.1973008200496343,1.5711145645760478,0.19277888888888892,1.3982139263191493,0.03333333333333333,0.8713141301980228,22.528989999999997,0.24086906899066207,0.1468840828821252,0.1832589141952092,1.9155408352167818,1.5019326666666664,5.693912351120528,0.23333333333333334,0.38492010502223817,4.734036666666666,0.26765396712334755,0.1531583138871987,0.004315313082566693,1.6948465571466096,0.31560244444444435,1.1112261543774813,0.03333333333333333,3.9004435900341066,498.3376533333333,0.24783433061670643,0.15956095124806355,0.1725950591627749,1.6815316672881224,33.222510222222226,114.10095149278612
434,1,0.16666666666666666,1.7490593027237367,98.00417000000002,0.2508121360831469,0.13718058211490863,0.34511810294909384,1.9987059168068912,6.533611333333336,22.94406333333333,0.03333333333333333,0.2835111203331493,2.0564066666666663,0.23809002463510603,0.1526209287147592,0.18180292643710605,1.7870364954109728,0.13709377777777776,0.6028391651441808,0.23333333333333334,0.7254145793614232,17.07779333333333,0.252578683447529,0.12762836592516044,0.19033049270841088,2.1503355204534715,1.1385195555555554,3.9466973396258287,0.23333333333333334,0.33450611125451996,4.514513333333334,0.26208832672365573,0.13642771515990984,0.2064614261582293,1.939256212275437,0.3009675555555556,0.8392075384996597,0.23333333333333334,3.6090605375170086,378.19810000000007,0.2596297047088798,0.13132558708795591,0.18336180240501349,2.033716911953558,25.213206666666668,97.6898847259692
435,1,0.3,1.862896833987534,115.64903333333332,0.24727048031346188,0.13758308360382462,0.2157449159345553,1.9546744257686857,7.709935555555556,26.027884605605834,0.03333333333333333,0.3025333085164722,2.172956666666667,0.2527965159238517,0.15349668788436394,-0.04161179970017741,1.725335026328467,0.14486377777777779,0.6864480207144221,0.3333333333333333,0.576199039684494,13.168656666666664,0.25534008304596556,0.14722167307681758,0.04817860213589911,1.8146404524342288,0.8779104444444442,2.4900399999999983,0.3333333333333333,0.31340991971821475,4.20537,0.26453135567162717,0.14896127394560935,0.028006392462106833,1.7501119297302479,0.280358,0.7366933333333336,0.3333333333333333,3.425097435759229,331.3439000000001,0.2840475058909416,0.14364927184884996,-0.3063796754830875,1.9196084038663705,22.089593333333344,87.98469333333335
436,1,0.2,1.909308047053177,103.61027999999996,0.2256191935315035,0.12099896837779607,0.365094431751932,2.19375031822382,6.907351999999999,27.34092913906512,0.06666666666666667,0.3437301161550261,3.9703566666666665,0.20354768359441433,0.13801805990405155,0.4765711395219788,1.9486371820776867,0.26469044444444445,0.886127945639608,0.23333333333333334,0.5903459760906914,14.679316666666661,0.2643613066589484,0.13978061192631563,0.1068819314714006,2.0626604846321164,0.9786211111111107,2.6138127861485336,0.13333333333333333,0.2898096689547715,3.265919999999999,0.2529454517237302,0.13973764870089977,0.08162311084988788,1.8553839944890123,0.2177279999999999,0.6299223316475568,0.1,3.1396642349422157,376.4429333333334,0.23906915828583894,0.1453937269672815,0.13890282851527758,1.6523578976778295,25.096195555555557,73.93118631131466
437,0,0.06666666666666667,0.16095675487748728,1.1402799999999966,0.23122407875252585,0.13832656755627834,0.12221911224389413,1.7414321509129822,0.07601866666666644,0.19430307705518646,0.06666666666666667,0.010475551440385885,0.0038000000000000004,0.25340834646804633,0.14798810689134392,0.17836363998398222,1.732822336578728,0.0002533333333333334,0.0008230288348512808,0.3333333333333333,0.02924228293261506,0.03200999999999998,0.2408501716382669,0.13270115398426532,0.20652593898766675,2.108346957258104,0.0021339999999999987,0.006413333333333326,0.03333333333333333,0.025848788676311667,0.01971333333333328,0.19273546244834833,0.13691472852404038,0.7695103177010302,2.5368023743546737,0.001314222222222219,0.0050111990702446365,0.13333333333333333,0.4828887375105131,8.80993333333333,0.2564589163803991,0.14336632504929803,0.15648064647568202,1.7543855625442053,0.5873288888888888,1.7488614961087292
438,0,0.03333333333333333,0.22380513194704124,1.1940900000000005,0.22619584861405642,0.1468448107121921,0.20280510641051627,1.7765443958163882,0.07960600000000004,0.37566552814374404,0.06666666666666667,0.016253359202955803,0.0072166666666666655,0.24782699027160013,0.12899588201604897,0.09551899914027144,1.9617648812203452,0.0004811111111111111,0.001981287640352311,0.4,0.027544743872056316,0.030003333333333368,0.2592970752728756,0.1324832702286417,-0.15537757335672808,1.9964457103859863,0.0020002222222222244,0.00569034686232888,0.03333333333333333,0.029006336105844615,0.025229999999999933,0.23293240126451825,0.14021953774349621,0.17452325352051778,1.8368979259414075,0.001681999999999996,0.006310256507139187,0.5,0.42399999999999993,7.601953333333323,0.2871293506990162,0.14791758479661254,-0.1240304177084972,1.7603715716482948,0.5067968888888881,1.3483199999999997
439,0,0.06666666666666667,0.3145210565071237,1.7426566666666745,0.2294600614271445,0.15182582068123018,0.3825369614835688,1.7551602885271949,0.11617711111111165,0.7419262123976798,0.23333333333333334,0.013736266594424637,0.008729999999999998,0.23134304914235607,0.13656501732523438,0.18675729339440914,1.964379555608134,0.0005819999999999999,0.0014151376496482964,0.36666666666666664,0.034327314789610035,0.02480000000000006,0.24854052632419418,0.14073326758621135,-0.050709745889886144,1.6247582358400738,0.0016533333333333372,0.00883773405498735,0.3333333333333333,0.0247745389014161,0.02796000000000006,0.25842853938516036,0.13960944629796018,0.03189690992946599,1.8007678311675501,0.0018640000000000045,0.004603333333333347,0.5,0.5686666666666662,5.825896666666657,0.301584221940099,0.1616377148483894,-0.22764147340225094,1.6516296485532969,0.3883931111111104,2.4253633333333298
440,0,0.03333333333333333,0.2400870973655781,1.5399566666666695,0.19657792629121343,0.15063013959953803,0.6410701805879977,1.9411222251483782,0.10266377777777798,0.4323136074107143,0.03333333333333333,0.015181579812165663,0.00613,0.239018286403188,0.14587504329352288,0.12198880139616611,1.8584060000455682,0.0004086666666666667,0.00172860274194867,0.03333333333333333,0.024218449379965337,0.017473333333333237,0.20149291232808011,0.1355246750975565,0.4709608286276742,1.9966944640495075,0.0011648888888888822,0.004398999677774576,0.3333333333333333,0.023860706890897768,0.022766666666666734,0.277494946114654,0.14962306493320793,-0.06043086887905863,1.6972720714284684,0.0015177777777777822,0.004270000000000022,0.5,0.5160000000000001,5.642733333333343,0.31061834035733266,0.14293869383773428,-0.1527911392919105,1.809971563512385,0.37618222222222286,1.996920000000001
441,0,0.06666666666666667,0.20572894855485194,1.0100799999999999,0.23993230850082542,0.15603377074031782,0.23165794162702824,1.6251936313591966,0.06733866666666666,0.31743300205113695,0.43333333333333335,0.008498912479911844,0.0032999999999999995,0.2851599003433154,0.1400884252341966,-0.34129815080968084,1.884168675388459,0.00022,0.0005417363500590098,0.16666666666666666,0.02243013845501414,0.018649999999999896,0.2426961365165428,0.13354134444700635,0.16945042197609086,1.761621336227969,0.0012433333333333263,0.003773333333333281,0.16666666666666666,0.026691654958890126,0.025450000000000028,0.2713863715271749,0.14835423022313599,0.08183743688280709,1.5618113027354894,0.0016966666666666684,0.005343333333333328,0.2,0.2837635838897407,3.717496666666679,0.2888010424858002,0.13837530305880533,-0.08906818103758334,1.8724863256612687,0.2478331111111119,0.6039132865646244
442,0,0.06666666666666667,0.2884400923122049,1.351230000000001,0.24740566150276427,0.14909495939675715,0.074636922681821,1.5396251707841127,0.09008200000000009,0.6239826513980498,0.1,0.016950741851366087,0.0068499999999999985,0.23829492114335113,0.15226766800502373,0.23203639078095936,1.5330512487500267,0.00045666666666666653,0.0021549573698374036,0.16666666666666666,0.030666666666666575,0.03419999999999998,0.23808692996839081,0.12741163571886968,0.15256886676221276,1.923637293036061,0.0022799999999999986,0.007053333333333291,0.06666666666666667,0.023013683755415168,0.02292000000000002,0.2362357437867837,0.1500949361604724,0.242255975621297,1.670939170932137,0.001528000000000001,0.00397222229995695,0.4666666666666667,0.39847302795551687,3.7760400000000045,0.25765398515482263,0.17118960071116385,0.03718597160199595,1.3995755940726036,0.25173600000000024,1.1908556550602858
443,0,0.06666666666666667,0.2414175858810761,1.670736666666667,0.23302044780315545,0.157173183747391,0.16615973481432178,1.4804517125114554,0.11138244444444445,0.43711838079485066,0.06666666666666667,0.024088664409884747,0.008529999999999998,0.21969756464123186,0.15890044699889866,0.4232052809901072,1.6176525250986644,0.0005686666666666665,0.004351978147890361,0.2,0.026290379132974762,0.03989666666666683,0.2597209434654449,0.13130536087192446,0.062025152009544185,1.9177152110172433,0.0026597777777777887,0.005183880262166661,0.3333333333333333,0.01974279052661443,0.01626333333333331,0.2989560749954315,0.1494596527720544,-0.34569955399146446,1.9002094948134216,0.0010842222222222206,0.0029233333333333234,0.06666666666666667,0.36772739529825943,5.746139999999999,0.2671028837709938,0.14823178394284153,-0.12498882553514223,1.671949848126015,0.3830759999999999,1.0141757793963175
444,0,0.13333333333333333,0.2032709922453054,1.579476666666671,0.274564552834358,0.1513342149744136,-0.06264317051976731,1.536481342646071,0.10529844444444474,0.3098932221629326,0.06666666666666667,0.015572043543395647,0.00545,0.23863136183676512,0.14884846600265692,0.14365092910550917,1.6289095725730103,0.0003633333333333333,0.0018186640508805754,0.36666666666666664,0.030688391434081794,0.036480000000000054,0.25189734842105216,0.13252231535092968,-0.03915985331514324,1.7652212702761965,0.002432000000000004,0.007063330266085686,0.4666666666666667,0.023612546894632505,0.02242333333333325,0.2958239820496833,0.13759060043770283,-0.30062185674350533,2.0144567551006594,0.0014948888888888835,0.004181642781384143,0.06666666666666667,0.3803694822134697,4.8352266666666655,0.27939386854985226,0.15282131332837098,-0.25925007227748204,1.6547944542022281,0.3223484444444444,1.0851070724950729
445,0,0.5,0.21666666666666715,1.2907166666666692,0.3137877649337509,0.1533259259327283,-0.35392604254398397,1.661650379190753,0.08604777777777795,0.35208333333333486,0.43333333333333335,0.01097873096541505,0.005189999999999999,0.26383950178573373,0.14384324059319553,-0.010743254284756575,1.5842387661948072,0.000346,0.0009039940020822248,0.43333333333333335,0.02605458401612722,0.027949999999999885,0.2503212809551686,0.1521404070020355,0.08798342976505104,1.6423886147749889,0.0018633333333333256,0.00509131011190074,0.03333333333333333,0.02330951210256254,0.02058999999999993,0.25118144277039944,0.1379676654329264,-0.09707018896837025,1.924513214202931,0.0013726666666666616,0.004075000158446321,0.1,0.45875272858591126,5.37271000000001,0.2704346639972114,0.14203080828276698,-0.03362514693154525,1.6436274011752336,0.35818066666666737,1.5784054948876407
446,0,0.06666666666666667,0.2549975680964675,1.5225666666666648,0.2564587828784869,0.16944657538964195,0.05847538507840373,1.4197450342239613,0.10150444444444434,0.48767819801334433,0.06666666666666667,0.027970276604209258,0.021790000000000004,0.19794101937195824,0.14694475741517882,0.6218295777220614,2.0943424239621047,0.0014526666666666668,0.005867522799869819,0.16666666666666666,0.027495454169735208,0.03103333333333342,0.22140757247865922,0.1398148303909794,0.34643935027891476,1.7841539611323272,0.0020688888888888953,0.005670000000000069,0.03333333333333333,0.024899528583741577,0.016900000000000023,0.24126307145845985,0.15240001025846567,0.13546784839692697,1.7937354106240602,0.0011266666666666682,0.004649898927694229,0.26666666666666666,0.447845692979753,8.52761,0.25044263352132023,0.1373183830340377,-0.0784855938915067,1.8461783676583345,0.5685073333333334,1.504243235403864
447,0,0.03333333333333333,0.3449785382610537,2.610333333333333,0.19962304203574383,0.15439881711155617,0.7345273396210642,2.2115950574232444,0.17402222222222222,0.8925764389554995,0.03333333333333333,0.11108686653393356,0.11189999999999996,0.13620012052897265,0.1472677044943139,1.3365211870203564,3.3487489248029823,0.007459999999999999,0.09255218937245975,0.03333333333333333,0.07762546011211231,0.08670666666666663,0.2017831072176437,0.14741694133383132,0.5220482544113598,2.0675220054722794,0.0057804444444444405,0.04519284043212855,0.03333333333333333,0.03115561239947443,0.028190000000000007,0.20949547982506642,0.1271830919453703,0.3312569215952799,2.1795358046291504,0.0018793333333333333,0.007280041379897137,0.03333333333333333,0.5947659464824924,10.869949999999992,0.23355773216863707,0.15007628184878827,0.18908927062323228,1.7531728551899222,0.7246633333333328,2.6530989832141123
448,0,0.06666666666666667,0.32373369099146776,2.7551000000000014,0.20530232415201854,0.15018153004561555,0.5247370139680639,1.892369226927451,0.18367333333333347,0.7860262701221935,0.03333333333333333,0.09539631188772041,0.08435666666666666,0.17521269299814907,0.15198897133107211,0.733114104072708,2.3442490755760255,0.005623777777777775,0.0682534224133442,0.03333333333333333,0.18387236707552246,0.39851000000000014,0.16651907526139792,0.13505216960664396,0.7269233434821358,2.2295601484786527,0.026567333333333346,0.2535678553046676,0.03333333333333333,0.06592793385471697,0.06437333333333345,0.21599235806237607,0.15584707339092502,0.30170241852303725,1.704202735663754,0.004291555555555563,0.03259869346763952,0.23333333333333334,0.6116290870052434,10.39929666666666,0.224082121851563,0.1334507169066264,0.1946239338996243,1.813156329167655,0.693286444444444,2.805676050531508
449,1,0.03333333333333333,0.7599543252174861,20.46375000000001,0.202674098111121,0.13079184631284702,0.36083965269207635,1.9818043648638228,1.3642500000000009,4.331479323125735,0.03333333333333333,0.26518664178798956,0.9053333333333335,0.16551933245330794,0.1327182226101373,0.7647370261691301,2.5169769590919913,0.06035555555555557,0.5274296623709362,0.03333333333333333,0.5102917148984998,6.187610000000002,0.18150293166887324,0.12272956658117085,0.528479735121253,2.2928405783662926,0.41250733333333345,1.9529822572053883,0.03333333333333333,0.23734041126029634,1.2219033333333336,0.19175895820512648,0.12935261753278537,0.44061794620403444,2.058484143421901,0.08146022222222225,0.4224785311290496,0.03333333333333333,2.738087404645097,116.44137666666663,0.19755399030885776,0.15215001669770162,0.5828569064910446,2.046891353454791,7.762758444444444,56.22841976607092
450,1,0.03333333333333333,1.6561947241770625,79.89973000000003,0.22846981887655005,0.1481695497590825,0.16362761288207234,1.7763813787900613,5.326648666666668,20.57235723293952,0.03333333333333333,0.3282346928723797,2.0662499999999997,0.1952940306950785,0.13969434515591664,0.47753181540542755,2.065773428123443,0.13774999999999998,0.8080351020376907,0.03333333333333333,0.7518560426733368,17.923600000000004,0.226364438201168,0.1456553383436711,0.2257249728923603,1.833160030820457,1.194906666666667,4.239656316783079,0.03333333333333333,0.3364571464422787,3.349070000000001,0.22894665658450986,0.1501253375991944,0.21811131368438413,1.8037509847293474,0.2232713333333334,0.8490255854406072,0.03333333333333333,3.2484614766850473,268.30022,0.21719852678916043,0.1430819268969994,0.19569993365250316,1.7316210717868938,17.886681333333332,79.143764741301
451,1,0.3333333333333333,1.020777046067248,43.49176000000003,0.26461325428517934,0.13117827395067455,-0.120640029569552,1.971186451830702,2.899450666666668,7.814893333333327,0.03333333333333333,0.1381710141745242,0.7156033333333331,0.22659577778019147,0.13170809187612656,0.07722246542178837,1.8602722324013388,0.047706888888888875,0.1431842186851243,0.36666666666666664,0.5076095835972746,8.816783333333332,0.2632454458343896,0.13127269630032934,-0.10975586444745929,1.905105904221273,0.5877855555555555,1.9325061701984887,0.36666666666666664,0.21008753075943698,1.6681099999999998,0.2610000059049587,0.13197466173270114,0.003923617810238598,1.9822807468977512,0.11120733333333331,0.3310257793544803,0.36666666666666664,1.959666723497548,143.13484000000003,0.2431123086254799,0.1284545675840503,-0.028772785134818565,1.8222326470719743,9.542322666666665,28.802202503877115
452,1,0.03333333333333333,1.0073619012632395,32.332330000000006,0.22451313960598554,0.13965085028741206,0.29323674608014383,1.9402451922213448,2.1554886666666673,7.610835000875166,0.03333333333333333,0.34145400763444994,1.6117933333333332,0.18753514480592542,0.14313443526012268,0.5633869607470238,1.970148277980986,0.10745288888888889,0.8744312949722024,0.03333333333333333,0.5838748968252944,10.238336666666665,0.22278423027530325,0.13888157409685575,0.28634761542174947,1.9263374842583025,0.6825557777777777,2.556824213570611,0.03333333333333333,0.29818002625688445,1.944949999999999,0.2068049803695756,0.1368705749322535,0.3778753308966289,1.9419737747815824,0.12966333333333327,0.6668349604391722,0.03333333333333333,3.1844263768816043,199.76911666666666,0.1926191404718221,0.13180728020993712,0.45745690493231783,2.049097998029398,13.31794111111111,76.05428512334475
453,1,0.16666666666666666,1.223533135363867,43.24191333333333,0.2157212706201907,0.12548415876973637,0.45312223395364715,2.12994987667891,2.8827942222222225,11.227750000000013,0.03333333333333333,0.2543587012871381,1.4603833333333334,0.19130507518356657,0.1342530006552972,0.5560613815011239,2.0524500613991505,0.0973588888888889,0.4852376169035967,0.13333333333333333,0.5243550651766475,10.252039999999994,0.21853229962873963,0.12696530281506294,0.47386426351322214,2.294035533279186,0.683469333333333,2.0621117578230477,0.16666666666666666,0.22972543998821243,1.9396600000000004,0.20075346450408238,0.12464916441387461,0.6230751666870169,2.4543545869534773,0.1293106666666667,0.39580333333333345,0.03333333333333333,2.610930582990646,202.81341666666674,0.20407289995405517,0.1404552514631572,0.5981788353402858,2.2030234604825094,13.520894444444448,51.12718881896907
454,1,0.03333333333333333,1.5473875409457551,58.16849999999998,0.22932059919500963,0.1614386841471771,0.3465750736621403,1.7006940949375433,3.8778999999999986,17.95806151405613,0.06666666666666667,0.16608741758808243,0.58728,0.2545639639158507,0.16152363786061524,0.11343401355613833,1.4977288893675647,0.039152000000000006,0.20688772710808553,0.03333333333333333,0.757890650164232,12.953703333333333,0.23418068019729402,0.16496438913891628,0.25896821879404314,1.5665767842184688,0.8635802222222224,4.307986782047717,0.03333333333333333,0.3087776747042054,2.0298166666666675,0.21407613115531127,0.15825525670200016,0.4301532224180886,1.7161259269763476,0.13532111111111117,0.7150773929680206,0.06666666666666667,1.9644455217021737,150.47509000000008,0.23723012383131087,0.15407337951597128,0.24015792772244993,1.663914324411902,10.03167266666667,28.94284655801794
455,1,0.03333333333333333,1.4605518308828913,58.433953333333264,0.2195966637028053,0.13540480317843534,0.345889743589751,2.18219603039614,3.8955968888888837,15.999087380215245,0.03333333333333333,0.5477585043185389,3.337090000000001,0.1779871475308285,0.1502737570613978,0.7548250005288643,2.272858438061535,0.2224726666666668,2.250295342899621,0.03333333333333333,0.9353236227175418,16.271269999999994,0.21394330662057612,0.14315443181246215,0.38467380106150983,2.069999092320872,1.084751333333333,6.561227094100998,0.03333333333333333,0.3710803045595458,2.908800000000001,0.21227412516423105,0.1370245015423893,0.3295987946970275,2.0147857502470052,0.19392000000000012,1.0327544432400397,0.03333333333333333,4.67668599307565,432.67449999999997,0.23336662102436892,0.15684214102150232,0.28677719998634016,1.8266046189995244,28.844966666666664,164.03543908372484
456,1,0.26666666666666666,1.1750010329745395,57.96453999999996,0.24371611202787533,0.13608278540084542,0.15826025701691732,1.8507008132911917,3.864302666666664,10.354705706184262,0.03333333333333333,0.2577771462852164,1.7681299999999998,0.22365887268382906,0.14942045221786843,0.30196331655206116,1.8615620855653183,0.11787533333333333,0.4983679286021239,0.1,0.6314736682689774,15.70078333333333,0.23344743949599178,0.14729122680505607,0.3041599344874432,1.8574324694446347,1.0467188888888888,2.990692452878089,0.03333333333333333,0.31502460878477995,3.1473966666666655,0.21372810100928402,0.14213899581597295,0.3956854012929593,1.916059183962351,0.2098264444444444,0.7443037810500274,0.4666666666666667,3.2088231505916425,343.35259999999994,0.2357949651307679,0.14022747084151635,0.2866431697392207,1.9545019199315146,22.890173333333326,77.22409508829656
457,1,0.03333333333333333,2.1801209232562733,100.86095,0.24236576884292454,0.16105021064447336,0.12236242288053471,1.6453240694895597,6.7240633333333335,35.64695430014839,0.03333333333333333,0.2792225100689337,1.8945400000000003,0.242606682902591,0.15109384511193755,-0.02792182440514416,1.6354783566830422,0.1263026666666667,0.5847390759689686,0.03333333333333333,0.8027539244353096,20.519093333333327,0.24394612632294546,0.15761985073106327,0.1469842694456699,1.6732743193333808,1.3679395555555551,4.833103973972181,0.03333333333333333,0.42162573180115565,3.17243,0.2001929534919581,0.15187740776355843,0.5026320988930153,1.9380699024153714,0.21149533333333329,1.3332619328764503,0.03333333333333333,4.390418041346961,432.17335666666673,0.23753043333100785,0.15183254753916267,0.17086938751604608,1.7889065559410957,28.811557111111117,144.56827933338664
458,1,0.1,1.7760205735406513,100.98785000000002,0.23034473555214383,0.14922139091708764,0.36063364762849187,1.7920292991497888,6.732523333333334,23.65686808229748,0.03333333333333333,0.2951708154947732,2.692943333333333,0.2279988658982972,0.14795892700614127,0.19298020989113066,1.677110891928101,0.1795295555555555,0.6534435773988709,0.03333333333333333,0.8292203369725412,19.16039,0.22224882329128248,0.15157946494983168,0.35360232977162903,1.7131480921366857,1.277359333333333,5.157047754366411,0.03333333333333333,0.3539024955114562,2.8695500000000003,0.20349980207498994,0.14637033674922298,0.4634227429095916,1.7966764353118512,0.19130333333333335,0.9393523224692719,0.36666666666666664,2.110787903266419,244.44871666666666,0.24856230215661354,0.13669403899377255,0.06957731200262315,1.7345143978961453,16.29658111111111,33.41569179431885
459,1,0.2,1.678617885661477,122.10695999999999,0.2374271353157419,0.14110841456452936,0.32676588297663606,1.9850485397214463,8.140463999999998,21.133185045469556,0.03333333333333333,0.35720095244571737,3.142669999999999,0.20718429420346648,0.13805628644000287,0.41063142873389,1.9552349420758595,0.20951133333333333,0.9569439032109572,0.03333333333333333,0.7990651552234977,20.273919999999997,0.21128652676643309,0.15362045655434994,0.6310532432920833,2.0288218295276446,1.3515946666666667,4.788788417192645,0.03333333333333333,0.39268126142255266,4.509900000000002,0.2089226816044697,0.14226941592568815,0.5282757813738863,2.1307396043845683,0.3006600000000001,1.1564892980430534,0.03333333333333333,5.638062205409538,723.8993433333335,0.21357860283537156,0.14147679187695064,0.4176153442288089,2.0312428046356836,48.25995622222224,238.40809074050597
460,0,0.06666666666666667,0.28797827064717,1.8962333333333352,0.24416879713406653,0.15315376002794254,0.15753827689926098,1.678015872584663,0.1264155555555557,0.6219861327370102,0.3,0.01698895290248248,0.009753333333333333,0.24193380582219504,0.1315096872895898,0.2306076793324635,1.9665604666837129,0.0006502222222222221,0.002164683905420759,0.43333333333333335,0.026969844419142866,0.025640000000000177,0.23059997436378032,0.14305200779346333,0.18386187973355136,1.7939045152963855,0.0017093333333333448,0.0054552938099457875,0.3333333333333333,0.03118404150273734,0.03905000000000018,0.2619507667741409,0.14097434652670057,-0.04939421093080588,1.80383057164577,0.0026033333333333455,0.0072933333333333366,0.26666666666666666,0.32085206626689317,3.1669700000000005,0.24462862175628272,0.14048309410494064,0.23079542391283384,2.0140530136256434,0.21113133333333337,0.7720953632080112
461,0,0.03333333333333333,0.28962282747051865,1.5800633333333343,0.23104605540768583,0.16451609475958323,0.2336292629290139,1.6258493703611978,0.10533755555555561,0.6291103664401337,0.4,0.017723009959387293,0.00848333333333333,0.2597954152797153,0.14540713662043128,0.043533806394650994,1.6786073083171138,0.0005655555555555554,0.0023557881151540588,0.26666666666666666,0.027935164396281072,0.025773333333333304,0.24718617499149637,0.15249439808947082,0.17302800282444655,1.6633718148664012,0.0017182222222222202,0.005852800573854372,0.03333333333333333,0.03300566779948984,0.02555000000000016,0.23121133890526385,0.15919471485268263,0.34737162245147873,1.7915862958390922,0.0017033333333333442,0.008170305801677104,0.1,0.2632918187929012,3.223779999999998,0.25771433240533764,0.14254137489694207,0.11231510889318734,1.7949414537868538,0.21491866666666656,0.5199193638245545
462,0,0.06666666666666667,0.2327721281197332,1.37695,0.26325989358088114,0.14760377714710132,0.06591597378843841,1.752162963898993,0.09179666666666667,0.4063714772204211,0.23333333333333334,0.015709651744512568,0.009303333333333334,0.27559343424910865,0.13551924530874002,-0.0920873817907427,1.8510985180666553,0.000620222222222222,0.0018509486845040004,0.23333333333333334,0.025158161692311064,0.02885999999999981,0.24600649149111545,0.13138727087019847,0.15421082728687996,1.970468796287807,0.0019239999999999876,0.004746998248023509,0.23333333333333334,0.030785237050863862,0.02700666666666679,0.27213217669673334,0.13871053436520445,-0.07017306655017844,1.8728164844244712,0.0018004444444444522,0.0071079811520841085,0.1,0.287076238899484,3.389146666666666,0.23808399136622768,0.13928362687066287,0.2752726051495758,1.8540877873738668,0.2259431111111111,0.6180957520550522
463,0,0.03333333333333333,0.35518612932203636,1.8017466666666722,0.21678644333726005,0.16030262440249238,0.3433290721668602,1.6715304679369825,0.12011644444444482,0.9461788984707774,0.36666666666666664,0.013085055222554954,0.007010000000000002,0.25556053888286406,0.13796054569420546,0.016885151912928033,1.9322940735065792,0.0004673333333333335,0.0012841400263298448,0.2,0.024771192029317164,0.022199999999999914,0.24872674442012885,0.12992522592799619,0.03774131189382672,2.1683600423778424,0.0014799999999999943,0.0046020896591497966,0.1,0.04099221061924731,0.050223333333333446,0.2508794825558709,0.13649056950953734,0.0573814318664905,1.7000169794075195,0.003348222222222229,0.012602709985895489,0.13333333333333333,0.2825217289723978,3.7807500000000087,0.26733264116228644,0.14964053407751204,0.1891655608857227,1.747632302999404,0.25205000000000055,0.5986389550616474
464,0,0.06666666666666667,0.3423576679570428,2.0140700000000016,0.22474734456242146,0.15621046337819383,0.3004084835869224,1.7473281526337725,0.1342713333333334,0.8790657960673859,0.4,0.016634333716008663,0.010883333333333333,0.26504443980119524,0.1521376310731592,-0.2217833658339349,1.6172060627951834,0.0007255555555555556,0.0020752579363165695,0.06666666666666667,0.02858510365487589,0.02928000000000001,0.2806376034930875,0.14829450096475508,-0.16407964508675588,1.778803906949817,0.0019520000000000008,0.006128311132199993,0.4,0.03523675130200601,0.05760000000000014,0.25448073140792365,0.14610273209546304,0.037476400358723586,1.7507920827854409,0.0038400000000000096,0.009312214817395666,0.4,0.2733068234459027,3.0752900000000025,0.2847061937290226,0.1466459127681308,-0.2777900231544331,1.821735883229742,0.2050193333333335,0.5602246480656737
465,0,0.06666666666666667,0.31857645766610165,2.0971399999999996,0.22702576881860864,0.1497975136203422,0.3016606031542456,1.8381538535968223,0.1398093333333333,0.7611821953431109,0.4,0.01977323688098761,0.01068333333333333,0.2664906230337704,0.15333502808669622,-0.19254496924637335,1.580964408815402,0.0007122222222222221,0.002932356725637365,0.06666666666666667,0.033456566998860286,0.03331000000000005,0.2809348647477131,0.15292885514225124,-0.16213560123282506,1.6012727280445753,0.00222066666666667,0.008395064065119204,0.5,0.04533333333333337,0.049066666666666814,0.26695731048040056,0.15180364553731296,0.10987296959327238,1.8322777725651511,0.003271111111111121,0.01541333333333336,0.23333333333333334,0.3014534682314405,3.9114100000000045,0.2466151997196056,0.1417453525366251,0.19665763477723966,1.6846247092097089,0.2607606666666669,0.6815564513157306
466,0,0.03333333333333333,0.2907081860723077,1.7146666666666655,0.2024958778776049,0.15537530168811542,0.5505473774491114,1.9497847471237801,0.11431111111111103,0.6338343708708861,0.06666666666666667,0.014163260788296054,0.010329999999999999,0.26201033209505353,0.1424742347942626,0.11247949729293108,1.8310823899555764,0.0006886666666666669,0.0015044846711796342,0.3333333333333333,0.02978441053825163,0.0385333333333335,0.26301059807246935,0.1475097160998352,0.02605281777684907,1.757132799097112,0.0025688888888889,0.006653333333333361,0.16666666666666666,0.028844410203711954,0.028013333333333352,0.23769539835289538,0.1427464148668756,0.2762806521405852,1.9058206913002675,0.0018675555555555568,0.006240000000000019,0.1,0.41215400200286745,3.576483333333334,0.22830108114213085,0.12369117923808418,0.3655830635243697,1.9151869697694297,0.23843222222222227,1.2740319102523474
467,0,0.06666666666666667,0.2681077416867468,1.3905833333333333,0.22582779090132746,0.13412465846203436,0.1857029790411316,1.7859711078215985,0.09270555555555554,0.5391132086427551,0.26666666666666666,0.016895375438531337,0.011096666666666668,0.2366888611561072,0.12985567729618536,0.2004117913242076,2.22315016876992,0.0007397777777777779,0.00214090283406696,0.2,0.03688683025902699,0.03652000000000016,0.28087934394650993,0.1291998249888475,-0.10174736556706018,2.17059826596593,0.0024346666666666774,0.01020478684918702,0.03333333333333333,0.022405145746596727,0.023293333333333256,0.23903429982560637,0.14270460180525618,0.0912688386382553,1.761927043718652,0.0015528888888888838,0.00376492916944681,0.36666666666666664,0.23146789035261525,2.2570833333333282,0.23966878159173946,0.14576452633730363,0.13697287268956918,1.6780841794623338,0.15047222222222187,0.40183038198217746
468,0,0.03333333333333333,0.4796274124483529,2.618799999999996,0.19536393095008067,0.15429391200821205,0.43986629942529315,1.7267619573133266,0.1745866666666664,1.725318410789268,0.03333333333333333,0.09446784317966089,0.08806666666666668,0.16780589484695105,0.1410612781897252,0.7912232656957128,2.5003632578403896,0.005871111111111111,0.06693130046262753,0.03333333333333333,0.08108456632633115,0.09578000000000003,0.21021033798883754,0.1505081204249355,0.2898025961846246,1.7477124518190172,0.006385333333333337,0.049310301722468974,0.2,0.03129800017134496,0.030603333333333316,0.2639810025532169,0.13908836620229365,-0.07521137852177588,2.07013135064794,0.002040222222222221,0.007346736110441319,0.03333333333333333,0.6828299374971134,7.042563333333338,0.20520944538454783,0.144306926573035,0.31794180107955766,1.8143675769344625,0.4695042222222225,3.496925426567339
469,0,0.06666666666666667,0.2614504355223331,1.627110000000001,0.2376569087031092,0.16146302917053695,0.11289234846148553,1.4126881456349427,0.10847400000000006,0.5126724767611324,0.03333333333333333,0.11506382795299776,0.12337999999999999,0.13764878088630073,0.12547211598451322,0.9970974565463051,2.8207743245754893,0.008225333333333331,0.09929763377397802,0.03333333333333333,0.08024686483651894,0.11896000000000014,0.19567592434217917,0.1381782324586398,0.5786501114721143,2.2134368641703746,0.007930666666666676,0.04829669487067905,0.03333333333333333,0.054311298586379,0.06919,0.2103222542829188,0.1387775961804403,0.4287055639829584,2.047634685740882,0.004612666666666668,0.022122878656041105,0.23333333333333334,0.3666364740236841,5.170709999999994,0.24607847444993358,0.13286851415061485,0.01277842265436013,1.9890480621771245,0.3447139999999997,1.008167280633897
470,1,0.03333333333333333,0.6022407866715683,14.869950000000006,0.2773775913094959,0.14838870601344972,-0.0883207648930044,1.936702653001825,0.9913300000000004,2.7202047384809207,0.03333333333333333,0.2574803080960135,1.0029,0.22871911992040117,0.16172369298036407,0.25419014705910953,1.7425730032442344,0.06685999999999999,0.4972208179291353,0.03333333333333333,0.3889571428386815,6.264603333333336,0.2662430825559077,0.1526213224245198,-0.016340435898462062,1.8417938288572304,0.4176402222222224,1.1346574422392284,0.03333333333333333,0.13899887648637338,0.8895700000000004,0.2582064723785065,0.1524887800375489,0.07884860002946335,1.8070411673681912,0.05930466666666669,0.14490515748355565,0.03333333333333333,2.614771368131257,159.56220333333346,0.24413830577678872,0.16114573175208094,0.20940468466917259,1.7663883210191773,10.63748022222223,51.27771980699254
471,1,0.03333333333333333,1.3395734532235424,46.09171333333337,0.24108935676869783,0.1539261563478176,0.1287702756809429,1.6541950793500584,3.072780888888892,13.458427774359343,0.03333333333333333,0.3535467419319356,1.72968,0.219680140833781,0.15670432011200888,0.25709478515678214,1.656264488915603,0.11531200000000001,0.9374647404801502,0.03333333333333333,0.733933477974269,13.858426666666666,0.24364111039238365,0.15126301774684955,0.049902054912262225,1.6676217187364502,0.9238951111111111,4.0399376256855515,0.03333333333333333,0.326308415271412,2.3575400000000006,0.2430951388242224,0.15041128883485863,0.050954027021960044,1.7146098152073599,0.15716933333333338,0.7985788640770521,0.03333333333333333,3.1422404375292667,221.48356666666672,0.2399549834719429,0.14821129293541013,0.07453385991567656,1.7272567546405475,14.765571111111113,74.05256225433088
472,1,0.3,1.1957098044358934,51.039160000000024,0.27307115968714774,0.1276493955439144,-0.08010691087617774,2.014449641229594,3.4026106666666682,10.722914523180918,0.4666666666666667,0.16545827794656348,0.98932,0.266736083654324,0.15109369206574405,-0.10108444381239343,1.7466667469164574,0.06595466666666666,0.2053233130578169,0.3,0.5772741271883346,14.392740000000002,0.2676694269167985,0.13950326597883778,-0.0720113212289948,1.9032704160804306,0.9595160000000001,2.499340634407902,0.3,0.2928961470747846,2.586776666666667,0.26265801487351403,0.13244231898395606,-0.11036713049332018,2.0491249262440356,0.17245177777777784,0.6434111472844041,0.4666666666666667,2.4003991224373893,198.40182,0.2599900005323086,0.14312753322622485,0.03883438443942653,1.819241742473382,13.226787999999997,43.21436960248641
473,1,0.3,0.9725855089594158,32.76003,0.2569593370423614,0.12103012570600685,0.21425779523438707,2.164773701958012,2.184002,7.0944192917838445,0.03333333333333333,0.21027144459443325,1.10461,0.2379191414201355,0.1561482530565439,0.22526956606392684,1.7386332712104877,0.07364066666666667,0.33160560308872356,0.3,0.419997366404068,7.734273333333333,0.2874455159193154,0.1295963633250632,0.06121807771111771,1.927788394250757,0.5156182222222222,1.3229834083976473,0.2,0.19553981090761416,1.6282000000000008,0.2728068122755428,0.12920534359200936,0.13713644866047062,2.056498390139641,0.10854666666666671,0.2867686323733913,0.2,1.8511176838066072,156.29630666666668,0.27871640195748043,0.1405088665527078,0.0012682540934918522,1.9298271897368495,10.419753777777776,25.69977509476154
474,1,0.03333333333333333,1.7495453907096423,69.79720000000003,0.23283754227328715,0.1502366458188522,0.14790287202793734,1.7465200718488207,4.653146666666669,22.956818056150162,0.03333333333333333,0.3267347071123765,2.1057899999999994,0.2423575485046868,0.15095894185511355,0.04193789397347471,1.7377914205500216,0.14038599999999996,0.8006667662385784,0.03333333333333333,0.9712026357964644,19.917200000000005,0.23148544328472562,0.14353428086253012,0.10494117112728191,1.8202846953011549,1.3278133333333337,7.074259198334999,0.03333333333333333,0.4186668588086786,3.369773333333335,0.2303680691974653,0.14536071746194437,0.09249395688697884,1.762604457153401,0.2246515555555556,1.3146145399854452,0.03333333333333333,4.099427915164248,350.32903666666647,0.23572678177207082,0.14479940297447538,0.13814413387439908,1.9346120244407028,23.355269111111102,126.03981923720919
475,1,0.3333333333333333,1.411161696381153,102.45780000000005,0.23941928338289709,0.1401299096331805,0.08068220758631175,1.71052320520532,6.8305200000000035,14.93533,0.36666666666666664,0.23952731727660298,2.191583333333334,0.25354942796788627,0.13809237826772708,0.02269254742616136,1.8928351379827388,0.14610555555555557,0.4303000179129482,0.36666666666666664,0.8749320480441846,29.706563333333342,0.22707351415459298,0.12872308383681635,0.12256691815795451,1.8590757747555509,1.9804375555555562,5.7412956652109335,0.3333333333333333,0.32975209543601763,4.65956,0.23735498675054525,0.13285562345153443,0.08394786925289588,1.800729494916204,0.3106373333333334,0.8155233333333337,0.36666666666666664,2.785131931198566,400.7607366666665,0.2448526713337224,0.13919882026022798,-0.016924139291591908,1.7263203599109291,26.717382444444436,58.17719905636391
476,1,0.03333333333333333,1.3776675525607114,111.27242666666673,0.2598419450493714,0.14607900198299487,0.07990732597180096,1.9065904972500076,7.418161777777782,14.234759140339653,0.03333333333333333,0.27518035282660797,2.7859499999999997,0.23700456189428787,0.144881608206299,0.15882282893198696,1.8664145808954453,0.18572999999999998,0.5679316993633233,0.2,0.7314805554835151,22.937553333333337,0.26664290111783256,0.13691914416993434,0.10937892527150421,1.9840777625405723,1.5291702222222225,4.012978522878539,0.2,0.30580360910513327,5.074599999999998,0.26171835332012094,0.13519159936918085,0.08522350829634207,1.9679769092751216,0.3383066666666665,0.7013688550629386,0.3,3.265143231914408,378.00951999999984,0.26271727810216944,0.1380275194198837,-0.04646412029567685,1.9098178405661508,25.200634666666655,79.95870243687348
477,1,0.06666666666666667,2.257431377643812,115.01140666666657,0.2479073134877975,0.1488595092951881,0.27883089824810453,1.8782135426989366,7.667427111111104,38.2199731857813,0.03333333333333333,0.24785743889724263,1.9250200000000002,0.23360695815190705,0.15297681458425172,0.27538888295323316,1.8110309957973096,0.12833466666666668,0.46074982512525264,0.2,0.8003976329085792,21.967036666666665,0.2371943960805655,0.14883604149805754,0.26831835139995647,1.9009753588659695,1.464469111111111,4.804772780742426,0.06666666666666667,0.40438293308917916,5.19816333333333,0.24348572031065557,0.1458401316794976,0.18653358276586895,1.8303884529090955,0.346544222222222,1.2264416743035567,0.2,4.565383019224957,589.6878933333332,0.24937025419046266,0.14049688537908886,0.17724606072902116,2.034877217277997,39.31252622222221,156.32041584170693
478,1,0.03333333333333333,1.6409508426205652,122.94428999999997,0.2473801980056193,0.14337449183339618,-0.05072260998157114,1.7859875674309924,8.196285999999997,20.195397509228574,0.4666666666666667,0.24822626729852043,2.4208833333333333,0.26034749485602976,0.14938769993518397,-0.02213816960181091,1.8041758256311091,0.16139222222222224,0.4621220983271738,0.4666666666666667,0.7880264819830629,24.486199999999993,0.26420652762855346,0.1360847378992158,-0.03938005285477714,1.9947476335533298,1.6324133333333328,4.657393022299519,0.03333333333333333,0.43267447035806145,5.859759999999998,0.24117222671350702,0.14553051869304207,0.05235951788208299,1.8082417886576714,0.39065066666666654,1.4040539797472176,0.2,4.008177963051883,525.8686966666667,0.268552966009504,0.12999269442483496,-0.012384091222403082,2.0368493243837293,35.057913111111105,120.49117937621055
479,1,0.36666666666666664,1.618882150107902,127.96160000000006,0.28780062877142926,0.1465787638853552,-0.4414407890018079,1.9122257755219914,8.530773333333338,19.655845619534883,0.03333333333333333,0.424701350304707,5.05367,0.24448675056008162,0.1545176984017247,0.14158767461717559,1.7077754563139156,0.3369113333333334,1.352784277129811,0.03333333333333333,0.8437673118923722,27.233969999999992,0.28981299652521775,0.14785000730614675,-0.3758876180460221,1.9851159673569172,1.8155979999999994,5.339574574635599,0.03333333333333333,0.3597476440899609,5.191999999999999,0.2722525525166367,0.15354555238880105,-0.2008426934968881,1.7174406780230702,0.34613333333333335,0.970637755712079,0.03333333333333333,4.0954533577203,474.55703,0.27374917184729985,0.1555580960800582,-0.2005884905109515,1.7733048043507873,31.63713533333333,125.79553653946856
480,1,0.06666666666666667,1.6184216058546559,127.59409999999997,0.24653053527095364,0.15034477285108133,0.049282434030392015,1.5133693602486729,8.506273333333333,19.644663707228723,0.2,0.3049217781601683,4.040103333333333,0.2560317421163866,0.13643208528144188,0.15714395536569178,1.87237428793883,0.26934022222222226,0.6973296809726915,0.4,0.7263138261275781,13.177979999999998,0.2556246224213426,0.13928995671453673,0.008788732723365947,1.6489217101711993,0.8785319999999998,3.9564883051806135,0.4,0.274278014068339,3.0842399999999994,0.26155216721936947,0.14466884471777272,-0.0474391233436887,1.7190278082803991,0.205616,0.5642132175095398,0.4,3.032103318661017,365.6576033333333,0.28883297812168285,0.14387623545584344,-0.11708942025226335,1.8665852380316232,24.37717355555555,68.95237901276364
481,1,0.03333333333333333,2.2388532409793958,174.82610999999986,0.20172091238276724,0.14244628418875577,0.5354970794971389,1.9461398471433673,11.65507399999999,37.59347875982959,0.03333333333333333,0.31394931393724074,4.713779999999999,0.24195522736194028,0.1455812633346017,0.2340192112605243,1.82035962185557,0.314252,0.7392312879124812,0.03333333333333333,0.8217766136073036,20.395500000000006,0.21825117064756994,0.14573216029635414,0.3713454382402917,1.803153622290832,1.3597000000000004,5.064876020039156,0.03333333333333333,0.43651058034464796,4.45278,0.2300807842648981,0.15676605931718807,0.3066907675578009,1.7250399444366415,0.29685200000000006,1.4290611506461601,0.03333333333333333,4.900741961660132,601.16869,0.24224496519582298,0.1415120376966954,0.05007430499213885,1.9645558053703016,40.07791266666665,180.129538310823
482,1,0.16666666666666666,1.9432873636644112,140.11474999999996,0.24663788287217464,0.1391435826648861,0.1536196911686012,1.713520009516412,9.34098333333333,28.322743333333335,0.03333333333333333,0.5895491345987426,6.369616666666666,0.23778553322139095,0.1574264150585645,0.1996535283479238,1.7254205673542882,0.4246411111111111,2.606761365795947,0.5,0.6486666666666663,19.67383,0.27768918645246704,0.15516249657125777,-0.07590144726551512,1.616656020228076,1.3115886666666665,3.15576333333333,0.1,0.30917183482690536,4.64861,0.24440057406369597,0.15698866823795968,0.2396473857088619,1.6452196540706383,0.30990733333333326,0.7169041758767644,0.03333333333333333,4.294097776055798,602.1917333333331,0.2608005783143386,0.15357272317361595,-0.06566434579527754,1.6762310560071834,40.14611555555554,138.29456782745515
483,0,0.06666666666666667,0.19109675294539652,1.7222166666666596,0.26320715864482147,0.15606467640350025,0.014686993098893326,1.6522087689757088,0.11481444444444398,0.2738847673970543,0.06666666666666667,0.018764730106511095,0.011049999999999996,0.2842204110077033,0.1577552467744804,-0.24013749943839635,1.6696303991461943,0.0007366666666666663,0.0026408632197765297,0.43333333333333335,0.046938671538169274,0.03305333333333346,0.278622652829975,0.14990503998804516,-0.2555299689395898,1.6210755958620595,0.0022035555555555645,0.01652429164326107,0.06666666666666667,0.04874002088595934,0.04984999999999987,0.20268818440129469,0.13405851682913755,0.5508552577249298,2.1194761371284665,0.003323333333333325,0.01781692226972815,0.06666666666666667,0.48110283004786925,7.752416666666657,0.23800289675914083,0.14774821477817224,0.1597037336012614,1.7316164701489012,0.5168277777777772,1.735949498100517
484,0,0.03333333333333333,0.2900535784654096,1.8635866666666685,0.2150391092865308,0.1514875050399985,0.22119103244890603,1.5401408997302792,0.12423911111111122,0.6309830878544214,0.43333333333333335,0.02257015150866793,0.009906666666666663,0.28454320556441975,0.13981820418766652,-0.27282963256083104,1.8205076930829083,0.0006604444444444442,0.0038205880434316894,0.43333333333333335,0.05230843103016028,0.04512000000000027,0.2606897836964586,0.14066705172596558,-0.037653011415551586,1.6487589295001632,0.0030080000000000185,0.02052128967627776,0.03333333333333333,0.032760735737299866,0.03070999999999996,0.2298554366784705,0.1524993298551391,0.2766752550682119,1.8005529940597382,0.0020473333333333303,0.008049493545368974,0.4666666666666667,0.4061658012062337,5.40641,0.2540473579403217,0.1540708919739044,0.005516252269802388,1.6425840217461962,0.36042733333333327,1.2372799355212634
485,0,0.06666666666666667,0.3521206625164254,1.9767133333333393,0.20834833875674105,0.14926511502245376,0.37733627373696504,1.6268617712658986,0.13178088888888928,0.9299172072825477,0.4666666666666667,0.014515911852677005,0.008266666666666663,0.2992069773087324,0.14385617818941238,-0.36487215454558475,1.8728898754944336,0.0005511111111111109,0.0015803377268601658,0.43333333333333335,0.04215305037808459,0.05164333333333335,0.2542083102352835,0.1380981590817562,0.12149004656094858,1.6557376923869096,0.00344288888888889,0.013326597421330029,0.26666666666666666,0.02287289724196628,0.020906666666666678,0.2572727907778406,0.13571061423419287,0.02958708752092706,1.7333212397725135,0.0013937777777777787,0.003923770711811615,0.4666666666666667,0.3326329690269273,3.7266666666666666,0.2740987483295244,0.14995385865677638,-0.1149185002569382,1.605152720957583,0.24844444444444444,0.8298351906275158
486,0,0.06666666666666667,0.30653342656192356,1.678620000000001,0.21307573640616714,0.14406850868208676,0.3710569038969572,1.7924279428023675,0.11190800000000005,0.7047205619984565,0.4666666666666667,0.022169026281765293,0.011509999999999996,0.24940163799514184,0.15129159714601537,0.22851119631309733,1.6609955236926084,0.0007673333333333331,0.0036859929471120016,0.23333333333333334,0.035481298211190476,0.04567999999999991,0.25509858184069806,0.1310364712807574,0.08332979617079868,1.8051967192312695,0.0030453333333333274,0.009441918920635712,0.4,0.02826809665744072,0.02337999999999997,0.2486304020010682,0.13869547098104704,-0.007171254636088407,1.634681492871319,0.0015586666666666646,0.005993139664758084,0.26666666666666666,0.2853414101001923,3.8487799999999988,0.2808755344868196,0.14817421637322228,-0.07726857399422414,1.7385325699366405,0.2565853333333332,0.6106479023847462
487,0,0.06666666666666667,0.3318560722537238,1.4606099999999989,0.22328465090870683,0.1394802013328924,0.3523068368126843,1.896180208706544,0.0973739999999999,0.8259633951875157,0.23333333333333334,0.016945395690859823,0.010469999999999998,0.24040958720939645,0.14769108033783962,0.31005136104065917,1.8661606171868923,0.0006979999999999999,0.0021535982633985795,0.4,0.03683502205856462,0.04148000000000007,0.29029740418995287,0.13788425531167134,-0.3305485436316098,1.9882768342536399,0.0027653333333333393,0.010176141375412067,0.03333333333333333,0.03137192130090245,0.029256666666666646,0.22830464920874088,0.1396093164970145,0.05606395774483162,1.7763568992091403,0.001950444444444443,0.007381480845825128,0.03333333333333333,0.37611903812174063,3.7573999999999987,0.2278518384761725,0.14311489661184582,0.2160773407749044,1.865964195739559,0.25049333333333323,1.0609914812821755
488,0,0.06666666666666667,0.2814442369721094,1.303129999999999,0.22441852599457882,0.13421526072866946,0.003663491374789417,1.7015856105018625,0.08687533333333326,0.5940814389360967,0.23333333333333334,0.012244006196358811,0.005040000000000001,0.2566250022305897,0.11729876558313083,-0.01294845874368348,2.149156079704677,0.0003360000000000001,0.0011243676580235471,0.4,0.039155996689771225,0.04074999999999996,0.27109603940600435,0.15302231076742545,-0.2952114386617837,1.6064267759871134,0.002716666666666664,0.011498940575770313,0.03333333333333333,0.020886649275771392,0.017979999999999934,0.2341463394896607,0.1464873439030634,0.23033926715548428,1.8087980760933344,0.0011986666666666623,0.0032718908847681125,0.3333333333333333,0.30819330153510904,4.43873333333333,0.2576024343979371,0.15686871265684615,0.14534373377619386,1.6412641623465236,0.2959155555555553,0.7123733333333299
489,0,0.06666666666666667,0.21750394503658063,1.386873333333329,0.23448602343603145,0.1474532558691414,0.16200239360899332,1.7369507809977354,0.09245822222222194,0.3548097457985691,0.13333333333333333,0.013136009727427008,0.005680000000000002,0.245381907963465,0.13977407750250556,0.08235984509673364,1.8067287638126797,0.00037866666666666675,0.0012941606366929273,0.4,0.029756782535489745,0.03742000000000009,0.24464672992054284,0.1405864993059116,0.13074596409657,1.7787540851517405,0.0024946666666666724,0.006640995801483206,0.06666666666666667,0.046710744021911464,0.02955666666666656,0.2520358484294618,0.15789435164962387,0.03839797726989595,1.4822451738008366,0.001970444444444437,0.016364202053104033,0.06666666666666667,0.4216378632273199,5.434483333333329,0.24452890735936433,0.15142066661724596,0.2547609892979704,1.6051566865735474,0.3622988888888886,1.333338657801751
490,0,0.06666666666666667,0.2874110711398109,1.3132299999999946,0.2526264478628365,0.15468357774519031,0.1416069922057941,1.444486574529448,0.08754866666666632,0.6195384286030008,0.1,0.02016274912573195,0.012200000000000003,0.22651680481768435,0.15373730364608712,0.3477626860644232,1.6775579262669786,0.0008133333333333337,0.0030490233923040335,0.5,0.03599999999999994,0.03959333333333331,0.28258908814102396,0.16111721687151218,0.00984014789161776,1.5414128032102528,0.0026395555555555543,0.00971999999999997,0.03333333333333333,0.02900318570563268,0.02737,0.220351881526101,0.15854867775124187,0.3799086926349152,1.6258056280103796,0.0018246666666666665,0.0063088858580656205,0.5,0.43133333333333373,6.734749999999998,0.2603066489205668,0.1599093371108182,0.0681281800834937,1.6727474000510074,0.4489833333333332,1.395363333333336
491,0,0.03333333333333333,0.45737492675255653,2.785250000000001,0.2135179348733309,0.16689337245015337,0.42419038832751654,1.628497096257615,0.18568333333333337,1.5689386771642986,0.03333333333333333,0.11373421345539358,0.12032333333333337,0.17619749666555937,0.15464285387184062,0.7485884360355908,2.1549249394867016,0.008021555555555558,0.09701603482737772,0.03333333333333333,0.06584499052994597,0.08819,0.24886492668750967,0.16957679252918526,0.08150400194067399,1.4636275968692338,0.005879333333333334,0.03251672083416506,0.5,0.05800000000000018,0.0743833333333335,0.27337364966886535,0.1810761497743049,-0.00483801532676452,1.3899350411423874,0.004958888888888899,0.02523000000000016,0.5,0.5893333333333336,9.689699999999988,0.24765495844776114,0.16056159494806602,0.23528696163800858,1.7159448487494335,0.6459799999999992,2.6048533333333355
492,0,0.03333333333333333,0.35742004987360554,2.5199366666666645,0.22359155604157138,0.15142083032923798,0.09069671321056567,1.5460669215686116,0.16799577777777766,0.9581181903873801,0.03333333333333333,0.0839959733322541,0.06412999999999999,0.17601908218888276,0.15536851194187046,0.7146983165580267,2.097308029839958,0.004275333333333333,0.052914926520245556,0.03333333333333333,0.1454078665789549,0.25088000000000044,0.2166775126871765,0.16144615069529045,0.21983185366698849,1.4961606239940528,0.016725333333333363,0.15857585747282366,0.03333333333333333,0.07056618780425564,0.11590000000000013,0.25050992964713714,0.1668398737810887,0.20717908245401223,1.6000780038104996,0.007726666666666676,0.037346901459191076,0.23333333333333334,0.5076857655969205,11.800749999999995,0.26980749138795546,0.13785104838363832,-0.047789567976265324,1.9080258206130563,0.7867166666666663,1.9330862744229844
493,1,0.03333333333333333,0.7330073848037516,10.409590000000025,0.25746196102563657,0.15841234180067265,-0.0579949965953222,1.6029806266960585,0.6939726666666683,4.029748696326263,0.03333333333333333,0.27038384985439173,0.8892066666666668,0.17621498951927728,0.15465646606172315,0.8875791678809122,2.387957965742004,0.059280444444444455,0.5483056969656168,0.03333333333333333,0.3755429148560058,3.594000000000001,0.22822415949213096,0.15609692168531786,0.3183047836639549,1.691220517069178,0.23960000000000006,1.0577436067390895,0.03333333333333333,0.15313138656242242,0.5748499999999996,0.22351728240661847,0.16221108082642652,0.4250391640126933,1.6788400600706852,0.0383233333333333,0.1758691616289754,0.03333333333333333,2.4893105262197603,99.10039999999996,0.1987960535272325,0.15852061298530654,0.5580895681837809,1.7728188896489117,6.606693333333331,46.47500171961375
494,1,0.03333333333333333,1.2318115886381769,38.73965333333338,0.22676891938963553,0.1483641365007128,0.2441571049617244,1.7436892130412398,2.5826435555555585,11.380198424274818,0.03333333333333333,0.31515060734372674,1.4348333333333336,0.19490834472323912,0.14813257738866367,0.5407404558030862,2.0046710135968535,0.09565555555555556,0.7448992898183988,0.03333333333333333,0.5436360356235553,9.6615,0.22456960201558784,0.14636260254457326,0.305986217793024,1.8414650825305792,0.6440999999999999,2.2165510442137166,0.03333333333333333,0.28034041807130555,1.6171700000000002,0.21684742873158266,0.15063370525206995,0.3644815207011966,1.8163885735099574,0.10781133333333333,0.5894306250329578,0.03333333333333333,2.487687733119795,180.70182999999997,0.21914611953378998,0.1407131966952632,0.21941866417878608,1.7273131454936637,12.046788666666666,46.41442693136028
495,1,0.03333333333333333,1.3561719080733654,51.67853000000003,0.2687110992820057,0.1597690231265082,-0.11792354379802944,1.6128241617303387,3.445235333333336,13.794016831855147,0.5,0.19200000000000003,0.9484333333333335,0.270260658957039,0.16143576793724662,0.034471188960593015,1.5628628562743574,0.06322888888888892,0.27648000000000006,0.03333333333333333,0.6195509970520581,12.883156666666665,0.25829333888932493,0.16116909749476102,0.033297865283055,1.571758896390181,0.8588771111111109,2.878825784611495,0.03333333333333333,0.30781436853999944,2.168656666666667,0.25540238221511413,0.16422797617697069,0.03180013154320122,1.553488880810407,0.14457711111111118,0.7106226410975897,0.03333333333333333,2.7469580435223473,244.51219666666668,0.259216772807045,0.1630805971548171,0.027238814017259905,1.5846469006135766,16.30081311111111,56.59333869654092
496,1,0.13333333333333333,1.077982160618478,32.530290000000036,0.2883574507052201,0.1401409118346919,-0.133287887406736,1.5369109521250919,2.1686860000000023,8.715341539587616,0.03333333333333333,0.3110932144655665,1.68222,0.21568139853162224,0.1540790737407488,0.44859296553473677,1.9504632351477669,0.112148,0.725842410648892,0.13333333333333333,0.4255536528225622,6.553873333333335,0.2645899284805039,0.14521481481879409,0.007418094200420744,1.6834952405551586,0.43692488888888903,1.3582193357296934,0.13333333333333333,0.17783421132035346,1.048603333333333,0.27812847278125585,0.150645723195265,-0.15788336992639765,1.6087067293719595,0.06990688888888888,0.23718755036949096,0.03333333333333333,2.012569862737552,156.58047000000002,0.2620996121000335,0.15680430230064993,0.055934121461384365,1.7130024601586686,10.438698,30.378280892995868
497,1,0.23333333333333334,0.8905609751299827,39.82513333333337,0.26152585102327636,0.14689431444464707,-0.03927559886529125,1.684071414505525,2.655008888888891,5.948241378183492,0.03333333333333333,0.2469440260276561,1.2183499999999996,0.20707844156415478,0.14220784760481237,0.40586975475759457,1.9251738826280413,0.08122333333333329,0.45736013993060776,0.03333333333333333,0.503649304793614,7.250279999999999,0.21391691170276536,0.13946398328744472,0.3102406274792616,1.8285267316930733,0.4833519999999999,1.9024696666431806,0.03333333333333333,0.26080644983844187,1.7848966666666657,0.22168218021313604,0.14763012313060764,0.21087742961086295,1.5704551279857926,0.11899311111111106,0.5101500320799877,0.03333333333333333,2.883918069189437,172.32194666666683,0.22185878327629455,0.1479050205169641,0.32663003678601304,1.8322729030440823,11.488129777777788,62.37737572347998
498,1,0.03333333333333333,2.206315122074702,77.71415999999998,0.2342613610038815,0.16241676027957672,0.02330053786134188,1.3763872215003325,5.1809439999999976,36.5086981342163,0.03333333333333333,0.3026488306871847,1.6739666666666668,0.22342983593638502,0.16071545796855904,0.28661012251180557,1.6425994227212029,0.11159777777777775,0.6869723603724014,0.03333333333333333,0.9651135662763071,14.198456666666667,0.21952479755485604,0.1622953262412376,0.14510953844810096,1.3724101710280572,0.9465637777777778,6.985831468579289,0.03333333333333333,0.3646723438732023,2.858716666666666,0.21962917176354685,0.1490430288300821,0.1716953572630352,1.5665088495501445,0.19058111111111115,0.9973943878948133,0.03333333333333333,2.6583583830590976,211.80631666666665,0.22903329348843515,0.1444808049515819,0.12358051177837692,1.6688509721083038,14.12042111111111,53.00151969585435
499,1,0.43333333333333335,0.9319607468157259,50.511213333333274,0.27416241485601966,0.14047598166828124,-0.1557651785319702,1.8318104486117832,3.367414222222218,6.514131252039943,0.03333333333333333,0.44435961012603126,3.0074333333333327,0.19265713963124514,0.14509543144587025,0.42919524396645586,1.7285521208993795,0.2004955555555555,1.4809159733351889,0.03333333333333333,0.7729987322572164,14.675933333333326,0.22118607339370525,0.14515231608347232,0.20831975051198356,1.6994325931955154,0.9783955555555551,4.481452800534479,0.03333333333333333,0.3339400390002976,2.459503333333333,0.2285259272585085,0.15053368538120013,0.16732692939516822,1.717889709044292,0.1639668888888889,0.8363696223564023,0.03333333333333333,4.71121065086993,386.94713333333334,0.22387585352516143,0.14837536394090023,0.1810275147989271,1.7279503789132535,25.796475555555553,166.466293476527
500,1,0.03333333333333333,1.7155665135881075,84.84261999999994,0.20137838816010922,0.13487307060626888,0.40018812870456566,1.9532701867032027,5.656174666666663,22.07376346908641,0.23333333333333334,0.2001132411637544,1.9748499999999996,0.24465460888990967,0.14489458897025795,0.21499504559980107,1.8743587729745987,0.13165666666666664,0.30033981966797196,0.03333333333333333,0.6664224113432988,16.094116666666665,0.22858605429639176,0.1425199562542429,0.26618424790569317,1.952231195138526,1.0729411111111111,3.3308912275546283,0.03333333333333333,0.43596820352977605,3.6597666666666653,0.17883716986010678,0.12988835053172465,0.6707008816778722,2.379018629005838,0.2439844444444444,1.4255120586673518,0.16666666666666666,3.2940202387558783,385.45347333333336,0.24154382056978368,0.13732065548088307,-0.02679219933663769,1.8207796060457035,25.696898222222224,81.37927
501,1,0.03333333333333333,2.4156918533545566,86.86550000000003,0.17484637728050748,0.14891013840348233,0.7897294598686642,2.15572002156351,5.791033333333335,43.76675347772679,0.03333333333333333,0.4858217273171708,3.2580600000000004,0.2383509110677136,0.1727783284282116,0.13191691892356402,1.4248105936674313,0.21720400000000004,1.7701706305007963,0.03333333333333333,0.9417903224455542,17.37495,0.22581267748173112,0.1520457993105957,0.21578013906276577,1.7284296635379437,1.15833,6.6522675858907565,0.03333333333333333,0.40507577410032736,2.9220099999999998,0.19149040548913276,0.1451986766093951,0.603854320859989,2.056510595852251,0.19480066666666668,1.230647870722346,0.03333333333333333,6.101028462046969,690.7855033333333,0.21798584796576792,0.14539595364737432,0.28556477524891494,1.7937181920974725,46.05236688888888,279.16911221030404
502,1,0.1,1.9125357061791823,128.57088333333337,0.22563626899917952,0.14151509242079255,0.36204966540439454,1.9384361800298426,8.571392222222224,27.43344620557728,0.03333333333333333,0.40630268833043925,3.722970000000001,0.23790276239452493,0.16335401657373275,0.158859597520088,1.5391916093424665,0.24819800000000006,1.2381140590840656,0.03333333333333333,0.9406892468702607,28.064440000000015,0.250888880899032,0.15731164782081603,0.03920482879274522,1.586451701368146,1.8709626666666679,6.636721943830038,0.03333333333333333,0.37930568111205015,4.834306666666665,0.21070304026864897,0.13649326163442138,0.45956332456711263,2.034456615576675,0.322287111111111,1.079045997929072,0.3,3.9374980652012166,544.8613666666666,0.2651159301042166,0.13981070629149617,-0.12479485507257326,1.7248338604609559,36.324091111111116,116.27918260097493
503,1,0.23333333333333334,1.4116909218864762,102.00337666666672,0.24728369642168935,0.14355539523966637,0.031820102081966506,1.6990035080161465,6.800225111111115,14.94653444202517,0.03333333333333333,0.44469626493397635,3.964973333333333,0.22271891990720757,0.15244200238776995,0.1449342293688976,1.51322633298353,0.26433155555555554,1.4831607603467196,0.4,0.8244205484390577,21.888860000000008,0.26236634532961123,0.16302663724619842,-0.13806004569421854,1.454204388705256,1.459257333333334,5.097519305164174,0.06666666666666667,0.3346119554644718,4.595569999999999,0.2581097578596009,0.1568959531367706,-0.01115969749599401,1.6528760637425979,0.3063713333333332,0.8397387055481825,0.03333333333333333,5.692737375884974,857.225786666667,0.2569921788960098,0.1659057036410076,-0.0037711061017924995,1.487238460811137,57.148385777777804,243.05444123098306
504,1,0.5,1.826666666666667,119.51596666666661,0.2803829452110207,0.15178956766519364,-0.13722787621031465,1.7626383977578375,7.967731111111107,25.025333333333343,0.03333333333333333,0.4433536746804716,3.501479999999999,0.24218038398560354,0.15897290741017045,-0.02039661816796849,1.5255743500939274,0.23343199999999995,1.4742186063950808,0.03333333333333333,0.8370419868905672,18.268910000000005,0.24346391954434493,0.15619061111382804,0.07679634812041448,1.6788417285969992,1.2179273333333331,5.2547946586328145,0.03333333333333333,0.36958166717175506,4.083349999999999,0.21942449784727006,0.15035167072019323,0.3484977945680921,1.8305671589552244,0.2722233333333333,1.0244295653209043,0.03333333333333333,3.8138686421127974,460.0578066666669,0.25648276877482085,0.14680433400425616,-0.042802590205977355,1.7868183064204972,30.670520444444456,109.09195514468486
505,1,0.03333333333333333,4.267833725710842,291.28238,0.22338613266566018,0.1612808450724013,0.25986449504061593,1.61088562798801,19.418825333333327,136.60803532736165,0.03333333333333333,0.7512404571149389,9.099666666666666,0.1943766543832228,0.15497174144118445,0.62955908172913,1.9756622661117216,0.6066444444444445,4.232716683046968,0.03333333333333333,1.6366126048184473,34.738400000000006,0.17864593491777456,0.14841612319818237,0.61409419683293,1.983139599038341,2.315893333333333,20.088756136879677,0.03333333333333333,0.9027984027049176,9.350033333333334,0.17250891738793217,0.1527116187541831,0.7800872364177793,2.1735998518261783,0.6233355555555556,6.11283716944913,0.03333333333333333,8.254849538926559,1291.3598,0.23331933197331506,0.1593821036360064,0.16807000622862048,1.5878642346926781,86.09065333333332,511.0690568273701
506,0,0.1,0.17701285746816184,0.9768666666666705,0.2721709038647351,0.1499035558181954,-0.13507171115122654,1.5117157676131292,0.0651244444444447,0.23500163781782835,0.26666666666666666,0.01684502594722808,0.007520000000000001,0.2348285807280452,0.13019036855743268,0.3325735827255735,2.063808208146563,0.0005013333333333334,0.0021281617437209047,0.03333333333333333,0.027846110153136098,0.03140000000000003,0.2630058084149016,0.14664871839123128,-0.005650080471233822,1.821541074016489,0.002093333333333336,0.0058155438799544195,0.16666666666666666,0.030688398097290372,0.035510000000000014,0.24395870473966286,0.14314631847449225,0.19209254155125607,1.870772209848745,0.0023673333333333346,0.007063333333333316,0.4,0.2674219817496905,4.688419999999995,0.2679855156674341,0.140845497878399,-0.07718215674729963,1.8047798595878815,0.312561333333333,0.5363588724219887
507,0,0.43333333333333335,0.15245554337182288,0.9401966666666666,0.2661906349543094,0.1612138186884331,0.04879991528875188,1.5008379350973045,0.06267977777777778,0.17432019528598325,0.06666666666666667,0.017368534140329166,0.00814666666666667,0.22494295995655952,0.14675963069081333,0.3331793369567082,1.8201432716670927,0.0005431111111111113,0.002262494836378348,0.4,0.029005565299562688,0.032350000000000115,0.2686221723970776,0.1474802605210725,-0.06333145336465391,1.6499859842465727,0.0021566666666666743,0.006309921137603964,0.2,0.03247928312140702,0.04599333333333319,0.2398268874838225,0.13742406464524556,0.022844581798774584,1.8216626525734358,0.003066222222222213,0.007911778740603862,0.3333333333333333,0.3720376325050998,4.822916666666661,0.22867976096951864,0.1416826973572179,0.23208772588275423,1.7603170707107096,0.32152777777777725,1.0380899999999977
508,0,0.03333333333333333,0.2680054041563799,1.5368399999999984,0.24231881481512857,0.15976214256395987,0.07482538102144368,1.562733655581424,0.10245599999999988,0.538701724927684,0.03333333333333333,0.018560952177060754,0.008096666666666669,0.225788920006062,0.15592006650436074,0.3149188126770657,1.6659587276064212,0.0005397777777777779,0.002583817092893522,0.03333333333333333,0.04543132632523315,0.07162000000000018,0.2565986440765256,0.14792857605644577,0.08297861274697783,1.846593392768345,0.004774666666666679,0.015480040587523667,0.03333333333333333,0.041531758323197054,0.044629999999999864,0.24916474153246615,0.15050468134713837,-0.03867330273288478,1.7251683633100303,0.0029753333333333246,0.012936652120623362,0.03333333333333333,0.47203532005404114,5.7694700000000045,0.21828116879299544,0.14100039445390558,0.23187328754854616,1.8232794566898771,0.38463133333333366,1.671130075338908
509,0,0.03333333333333333,0.31846217729761456,2.094793333333337,0.2223869439293002,0.14180357426893694,0.05726420392095555,1.6061910122006657,0.13965288888888916,0.7606361877685298,0.06666666666666667,0.01279678330693734,0.008029999999999999,0.25807402373996496,0.1556240741969579,0.04679801306278341,1.6776390217843544,0.0005353333333333333,0.001228182472535326,0.3,0.04298483082161305,0.07575000000000022,0.271007220416099,0.13826635510233648,-0.034522742452857316,2.103996193608993,0.005050000000000014,0.013857717605720212,0.03333333333333333,0.03930804580640106,0.03536999999999992,0.22153438422887303,0.136128752184621,0.13075101764911962,1.8871500149615466,0.0023579999999999946,0.01158841848838593,0.2,0.3739759864910271,5.081216666666683,0.21339676013957318,0.1261946109739863,0.4850229549363984,2.4646299969023695,0.33874777777777876,1.0489352885395264
510,0,0.03333333333333333,0.28081456974059343,1.8782500000000053,0.20787473839058157,0.15022577845697827,0.33987104635280807,1.7414834829290078,0.125216666666667,0.5914261693394596,0.43333333333333335,0.01570556537575718,0.009333333333333332,0.2873306200390461,0.1497107224739258,-0.1909320457335626,1.7092457008920707,0.0006222222222222219,0.0018499858782913708,0.4666666666666667,0.032462949927964044,0.04482333333333331,0.2711962640261193,0.14468529799797145,-0.14663202295701727,1.830644780733693,0.0029882222222222202,0.007903823385191255,0.03333333333333333,0.03796661810130302,0.03865333333333337,0.2383428512324823,0.15588769725787727,0.27988191893309167,1.7566547867632933,0.0025768888888888924,0.010810980675376428,0.5,0.30999999999999944,4.290910000000008,0.2744442853892598,0.15285480087600353,0.005472081889379462,1.7635322532860511,0.28606066666666724,0.7207499999999973
511,0,0.06666666666666667,0.3972139132053754,1.8684299999999991,0.21540378875601573,0.14387113293051398,0.3301645792322093,1.6531757771916322,0.12456199999999998,1.1833416963294565,0.06666666666666667,0.017599723511997355,0.011619999999999998,0.2790303794416306,0.15038665620668312,0.04403264137923051,1.6480915542859662,0.0007746666666666666,0.002323127007740644,0.06666666666666667,0.035898098588529895,0.03078999999999996,0.2387949491613032,0.1465767861894478,0.08598682283117136,1.613260291710829,0.0020526666666666636,0.00966505111703859,0.03333333333333333,0.038579289844100674,0.030370000000000008,0.21953644885647586,0.14949424152293475,0.24851045814740078,1.7111856200635287,0.002024666666666667,0.011162712036563471,0.5,0.4399999999999991,4.274959999999998,0.27210393061750976,0.16973092035224446,0.010126247515591704,1.5040573688975056,0.2849973333333332,1.4519999999999944
512,0,0.06666666666666667,0.2282126702022793,1.2872999999999972,0.19663836255975084,0.1350724759186533,0.5912921063951148,2.2249870732374712,0.08581999999999981,0.39060767130640733,0.1,0.017974951738754158,0.011913333333333337,0.2571110400312824,0.16248404719409942,0.06661077087516651,1.4449528375784872,0.0007942222222222224,0.002423241675079059,0.3,0.03230803122316763,0.05043333333333342,0.2681051055767904,0.13299073693912605,-0.17524916080905198,2.014999246700457,0.003362222222222228,0.007828566611378807,0.13333333333333333,0.02205801371540838,0.025916666666666477,0.2356761814796954,0.12805355951920064,0.10999902048189537,1.7542189008236155,0.0017277777777777654,0.0036491697680185813,0.03333333333333333,0.31226913004272544,2.954583333333335,0.24826772254367444,0.1467330497022053,0.13263713197124022,1.8836979211655211,0.19697222222222238,0.7313400718323043
513,0,0.23333333333333334,0.2165939559557862,1.4577666666666722,0.25641930719520367,0.1451686168933845,-0.08767241950098975,1.6256517127109262,0.09718444444444481,0.35184706317432796,0.1,0.023372088980614353,0.014330000000000006,0.24997120193583966,0.14456728870413688,0.16642920375765183,1.7104166585475593,0.0009553333333333338,0.004096909074883162,0.26666666666666666,0.037956481486921746,0.05783666666666672,0.26715973972214313,0.12514053943193418,0.002077594145348638,1.991011082167852,0.0038557777777777805,0.01080520865150275,0.03333333333333333,0.03716727785868069,0.04106999999999975,0.21925966169030073,0.14799933577849522,0.3623813721453227,1.8772314341259333,0.002737999999999983,0.010360549075682818,0.26666666666666666,0.3591077443080208,3.6303666666666707,0.25172077748737814,0.135181760684971,0.06984426953180892,2.098213951759668,0.2420244444444447,0.9671877901649614
514,0,0.06666666666666667,0.20107830648322814,1.4434333333333378,0.26339632395808066,0.14942997738595035,-0.1176361956461239,1.6417916002026336,0.09622888888888917,0.30324364003622273,0.03333333333333333,0.0516585501419739,0.04476666666666667,0.22279546496785116,0.1597491936570328,0.28847753887273586,1.6977299138063018,0.002984444444444445,0.020014543520781244,0.36666666666666664,0.03964034072641403,0.04779999999999985,0.2683416995714353,0.13543923977140088,0.016220391846100392,1.9096473080415821,0.003186666666666657,0.011785174596796491,0.03333333333333333,0.04288287295391564,0.03850666666666657,0.2333322525174827,0.1619167032936905,0.25410323688798253,1.656654125681155,0.0025671111111111047,0.013792055945862521,0.06666666666666667,0.3621343014430247,5.261213333333332,0.2685500299631215,0.14228197226317596,0.027450472346473114,1.8173270054112316,0.35074755555555553,0.9835593921122062
515,0,0.03333333333333333,0.28524002978753726,2.457626666666668,0.26075082532909943,0.16586374363823864,0.0033787436015325794,1.5288746300221678,0.16384177777777786,0.6102140594489638,0.03333333333333333,0.07728702971207112,0.05333666666666666,0.1817472012436511,0.1674275202539716,0.6782033702648911,1.8544637122386372,0.003555777777777777,0.04479963721285923,0.03333333333333333,0.06518233288155773,0.11537000000000014,0.22876338429857462,0.16395360651000077,0.4290953683024563,1.796817933782418,0.007691333333333342,0.03186552389911652,0.13333333333333333,0.03963968779799363,0.04425000000000004,0.24116480103528767,0.1447034316829735,0.24242829788066494,1.8954821485975037,0.002950000000000002,0.011784786365418038,0.26666666666666666,0.5212055980010912,8.884633333333337,0.24592126616212848,0.1460810314136468,0.06910390894392779,1.890015487830933,0.5923088888888891,2.037414565407564
516,1,0.06666666666666667,0.31617562885702494,3.136613333333336,0.2757261609041636,0.1510582697186506,0.018392688739794102,1.7397246492272722,0.2091075555555557,0.749752712123514,0.03333333333333333,0.10214704788305702,0.08960333333333333,0.14286524732651062,0.14407287080555295,1.1673465044428502,3.0205381183845343,0.005973555555555555,0.07825514543417658,0.03333333333333333,0.14453858754462953,0.3059799999999999,0.23549524286438298,0.16095376664015645,0.16852268587517363,1.6287855952477774,0.02039866666666666,0.156685524670474,0.03333333333333333,0.06162898543301026,0.09061666666666675,0.2249591603364298,0.1514337916823273,0.3265425578577979,1.7300570996032283,0.006041111111111117,0.02848598884126643,0.3,0.5617462404359178,9.489466666666676,0.26667581086622844,0.13275611640555415,0.034369253227104005,2.1279136499424594,0.6326311111111117,2.36669128982916
517,1,0.03333333333333333,1.6605669588277063,54.93622666666669,0.2607801900036891,0.1807200136502956,0.03672201982447727,1.3733390069710578,3.662415111111113,20.68111968562723,0.03333333333333333,0.43739122498588556,2.28957,0.2193294597108952,0.1765023680513964,0.3815590353898385,1.5499397905300643,0.152638,1.4348331277099016,0.03333333333333333,0.9483082796179697,17.33125666666667,0.25718619141505633,0.17753892573692714,0.021280462061527273,1.3878538500199762,1.155417111111111,6.744664448939952,0.03333333333333333,0.40425998715865674,3.071216666666667,0.26019958480850436,0.17804369761587643,0.012485131637632419,1.4038389224313765,0.20474777777777783,1.2256960291313799,0.03333333333333333,4.108657263520632,320.85688999999996,0.2552415079635461,0.1741654441892947,0.0341184283345144,1.4519380323375919,21.390459333333332,126.60798381810635
518,1,0.43333333333333335,1.2881673562386198,59.63434333333335,0.2849873039244602,0.1526140973676567,-0.04947021798979168,1.5280226461030262,3.9756228888888905,12.445313532590964,0.43333333333333335,0.18752580567588586,1.3664,0.2643510617577508,0.1562282677367423,0.08053466642277271,1.621306494046406,0.09109333333333333,0.26374445845792577,0.43333333333333335,0.7797595508683361,17.782349999999997,0.27991656154689004,0.1510801150794005,-0.02215944488461741,1.58768150392646,1.18549,4.5601871787779205,0.43333333333333335,0.2700574060973225,2.859800000000001,0.2854353378762371,0.15221253341549695,-0.06592341273549644,1.575087801458514,0.19065333333333342,0.5469825194101061,0.5,2.6006666666666662,255.1231699999999,0.2820598272453052,0.1552894094882256,-0.06872175803453982,1.6129019491947003,17.00821133333333,50.72600333333331
519,1,0.1,0.9052649766614775,31.10169000000001,0.25497765123134386,0.14168892203716207,0.05555441923035216,1.7270542410625347,2.073446000000001,6.1462850847742905,0.03333333333333333,0.1582391345683711,0.8713,0.2469056724318889,0.15215263720877012,0.14879048321525873,1.7575403875966515,0.05808666666666665,0.18779717781710295,0.2,0.5061079334773014,10.098486666666666,0.2717776191864992,0.14156048388916173,-0.022184681136159682,1.796356056438062,0.6732324444444443,1.9210893024649847,0.3333333333333333,0.1561039539680031,1.529283333333333,0.26143163734470204,0.14311640914361756,0.06854729845091216,1.7933025537347869,0.10195222222222218,0.18276333333333325,0.1,1.8633742655447623,127.4809633333333,0.2452077928945192,0.1426839993215392,0.22147886787650395,1.8722798894268997,8.498730888888888,26.041227401208616
520,1,0.3333333333333333,0.9648173114348872,29.458330000000053,0.26319642499124274,0.13765033581540587,-0.11290567816793261,1.7627032736282326,1.96388866666667,6.981543333333332,0.03333333333333333,0.3114869564792772,1.4733866666666668,0.1965058238314582,0.14626608620627582,0.4456747580869386,1.8458066420725636,0.09822577777777779,0.7276809304254234,0.43333333333333335,0.4225175447696308,8.502559999999999,0.24745173034654408,0.14095461306950163,-0.007703771416909214,1.721427671097086,0.5668373333333333,1.3389080672861775,0.03333333333333333,0.18655137059578694,1.5203833333333325,0.2363096139290363,0.14131800543962444,0.14851623719519927,1.7488673409332938,0.10135888888888883,0.26101060403374976,0.03333333333333333,2.3015537733782456,182.5220966666667,0.21844754074450135,0.13827752091062176,0.26102589909875995,1.8186728477371192,12.16813977777778,39.72862328813731
521,1,0.03333333333333333,1.6150885832844444,99.88698000000005,0.23042606001068985,0.13237601613496403,0.08515549454916177,1.8948870449600999,6.659132000000002,19.563833488918153,0.4,0.1819571466756241,1.5169666666666666,0.23953269094500185,0.13014670296278633,0.10466314354924608,1.9877201081262441,0.10113111111111113,0.24831302419750934,0.03333333333333333,0.8091666932654821,22.654020000000003,0.23266889491247564,0.13050885823765793,0.04428281054193012,1.963863895149607,1.5102680000000002,4.910630531176461,0.03333333333333333,0.3797668781924015,3.9747899999999987,0.22894904386978365,0.13710300987759197,0.11874088961642397,1.887181386032278,0.264986,1.0816716132900175,0.23333333333333334,3.1036693255362104,325.50604999999996,0.2326920575433057,0.12378854067105668,0.10624261613698299,2.2075758666900778,21.700403333333327,72.24572461705796
522,1,0.26666666666666666,2.082603776725426,94.65042666666668,0.23793227157721278,0.1347885136508756,-0.10718631653943714,1.8761705804884863,6.310028444444445,32.529288681232565,0.13333333333333333,0.18181545460054022,1.410893333333333,0.25810149219117584,0.14008802807257736,0.07101295911941984,1.808476206719159,0.09405955555555558,0.24792644648700826,0.03333333333333333,0.7312406323617379,20.596769999999996,0.24830198976205228,0.14126384476731846,0.012793546612408776,1.8754265793911693,1.3731179999999996,4.010346468125957,0.03333333333333333,0.38828645575146925,3.411326666666666,0.23206772003306142,0.1448132498467495,0.04815203058157275,1.7425156627575185,0.22742177777777772,1.1307477879002827,0.26666666666666666,2.7293698440528544,314.0546066666666,0.27299863266640184,0.14158034615591103,-0.19821911612939078,1.9718267080759357,20.936973777777773,55.87094809218827
523,1,0.26666666666666666,1.2685366430372278,73.18019999999999,0.25773684340165504,0.1526228092411334,0.0797435004571819,1.8012690683052799,4.878679999999999,12.068889110461194,0.03333333333333333,0.42348978008017907,3.5884400000000003,0.24425257197795572,0.16529759529570728,0.14369117790424174,1.607140184059768,0.23922933333333338,1.345076953742688,0.03333333333333333,0.850661747931134,21.701310000000007,0.25171837508625033,0.15374838297656276,0.15024942028562605,1.8991449421620832,1.4467540000000005,5.427190570449391,0.03333333333333333,0.3557545717190244,3.0420166666666657,0.2574063441902873,0.15867084607657828,0.0669144124683047,1.7828229987432478,0.20280111111111104,0.9492098647423987,0.3,3.94903457301509,437.32570000000004,0.2523700522810125,0.14723519937799578,0.006509460108027666,1.8971541009110622,29.155046666666674,116.96155544151357
524,1,0.06666666666666667,2.378710221850151,130.6691,0.24290046085420056,0.1480894726617861,0.09324557917464664,1.747408376051402,8.711273333333333,42.43696739650797,0.06666666666666667,0.3524912827171004,3.140879999999999,0.26069564674888923,0.14765811398711431,0.06662877493308307,1.6686142368654922,0.20939199999999997,0.9318757829366011,0.26666666666666666,1.1009235944215692,29.801100000000005,0.24222716744556982,0.1461977875969033,0.1599729555497277,1.8319046478833583,1.9867400000000006,9.090245705655807,0.06666666666666667,0.3878370855648365,4.71677,0.23148518374017413,0.15278265578738032,0.2995380197099243,1.826956927725641,0.3144513333333334,1.1281320370456973,0.06666666666666667,4.933964437796794,608.4661533333333,0.2480981806921424,0.14786315649086848,0.0713153937456663,1.689809272376072,40.56441022222222,182.58003805082578
525,1,0.03333333333333333,2.187834163219601,211.9085766666666,0.23343340785338113,0.14202119697174131,0.054303421919467576,1.7157398884118713,14.12723844444444,35.89963744313109,0.03333333333333333,0.4259601127783815,3.647443333333333,0.21439203786736583,0.14198881145382666,0.22198420295915983,1.775825979836477,0.24316288888888887,1.3608151325862865,0.03333333333333333,1.2653573313655726,43.240506666666676,0.21755969613917978,0.138443937813282,0.17996766032143524,1.697324763011195,2.8827004444444446,12.008468820304529,0.03333333333333333,0.5692117410347031,7.258140000000001,0.2150275817364635,0.13871053465716385,0.1452964312957506,1.750202650659976,0.48387600000000014,2.430015045988184,0.03333333333333333,4.773722616613707,641.48996,0.2368865059688191,0.16072044365804175,0.2581050004668564,1.7016086327961117,42.765997333333324,170.91320715276913
526,1,0.06666666666666667,1.7732876359941858,144.70191999999992,0.25476843458778764,0.13295460078617297,0.046938476628886075,1.9072048030729394,9.646794666666661,23.58411779977386,0.4,0.22040692990909122,2.1070166666666665,0.2417437562473059,0.14426986277769105,0.08026906150704052,1.6929200164228015,0.14046777777777777,0.36434411063963285,0.4,0.9105667785236332,28.064646666666675,0.23809321749936874,0.130425994983513,0.2237457619574322,1.7787345301702295,1.8709764444444448,6.218488936131806,0.06666666666666667,0.4185971069408474,5.192683333333333,0.24627655916806473,0.13198971967821296,0.16735817654668397,1.8696174519366069,0.346178888888889,1.3141765345443543,0.1,2.51135415420015,232.72615000000008,0.2524704742496711,0.145289774646107,0.011734960732705038,1.6814363296107988,15.515076666666669,47.30174765863763
527,1,0.03333333333333333,1.5418264383140206,74.28613666666666,0.20755055837133998,0.1316667107452015,0.3130292387931242,1.900294267643524,4.952409111111112,17.829215744130735,0.1,0.2108331469487791,2.2908,0.2424635278676297,0.14279990014392138,0.0832687319386243,1.677482540679657,0.15272,0.33337961889244117,0.2,0.7655886646184842,24.073133333333338,0.23942527416487427,0.1437267384556606,0.1618230631404179,1.74452830804375,1.604875555555556,4.395945025442354,0.03333333333333333,0.33845754271004413,4.564969999999999,0.2300356393643881,0.137718491324507,0.23626863946762058,1.9313206643803948,0.30433133333333323,0.8591513116299102,0.03333333333333333,2.7573311491779005,344.8509000000001,0.2801423870387218,0.15362641573785565,-0.25590510883677614,1.764618417412606,22.990060000000007,57.0215629967004
528,1,0.03333333333333333,1.5693928864191427,66.56184666666671,0.25126737906707614,0.1502503692835448,0.05759347859923947,1.7809737378488752,4.4374564444444475,18.472455239572565,0.03333333333333333,0.39740863926890135,4.06687,0.22465243373211433,0.147899992416741,0.2914232882177683,1.7907855877133294,0.27112466666666657,1.1845021992416982,0.03333333333333333,0.9096512779506766,26.858399999999996,0.2252787572598732,0.15276788398454888,0.43991142748336015,1.918499875464393,1.7905599999999997,6.205990856079743,0.06666666666666667,0.3677303344708028,3.720659999999998,0.20623087938043536,0.14309735734462548,0.4019138206063022,1.8432341469861715,0.24804399999999985,1.0141919916750635,0.1,5.818681241860933,841.9368066666666,0.2329936229608741,0.15884496867548858,0.26268069385606524,1.5201460258055555,56.12912044444445,253.92788545788216
529,0,0.06666666666666667,0.32024663308579077,1.7072800000000041,0.24372740761946432,0.15289226249138946,0.12622106527714477,1.6221552482001274,0.11381866666666693,0.7691842950208883,0.06666666666666667,0.01665541784268284,0.008809999999999998,0.22847493041594988,0.13857369096711356,0.12152072018573111,1.6703831366749007,0.0005873333333333332,0.002080522076357684,0.13333333333333333,0.037195275998765445,0.02798333333333332,0.23787712243514658,0.15712491594255207,0.3081294198033355,1.5961286877070684,0.0018655555555555548,0.010376164174682524,0.03333333333333333,0.024889202630875955,0.01952000000000005,0.23591278880335667,0.15111203981749569,0.08129404666026491,1.640760458280757,0.0013013333333333368,0.004646043057006019,0.06666666666666667,0.39675602486209427,3.3263999999999987,0.2347809803601936,0.14989425996016928,0.28453355638702443,1.6511407392459558,0.2217599999999999,1.1806150744827806
530,0,0.06666666666666667,0.26117597493085953,1.257166666666664,0.2231499098868274,0.14862371128752327,0.2627121087298478,1.6850835263987078,0.08381111111111096,0.5115966741081371,0.36666666666666664,0.014370247015896821,0.005893333333333334,0.2547966060913929,0.12878438718306873,-0.11355564780930555,1.6875530918187505,0.00039288888888888886,0.0015487799947341864,0.13333333333333333,0.0388649441785016,0.033646666666666686,0.2108604469280281,0.13474728517595247,0.7475537540876263,2.274624701578176,0.002243111111111113,0.01132862914498534,0.3333333333333333,0.017925772879665024,0.01123000000000005,0.26455772254916987,0.12916450537089513,-0.19766517451842008,2.012025840902429,0.0007486666666666699,0.0024100000000000063,0.2,0.3207131565560317,4.00948333333333,0.23673928475152867,0.13541007289796492,0.3464983857798397,1.8737002417086164,0.2672988888888887,0.7714269659110028
531,0,0.06666666666666667,0.2809670443975952,1.0243933333333308,0.22242167754050993,0.14327976785109336,0.2390038485536417,1.6920877753353496,0.06829288888888872,0.5920686002814015,0.13333333333333333,0.01101696942928737,0.005336666666666665,0.23123807716906436,0.1385135849376796,0.2712262456699592,1.7866371860648234,0.0003557777777777777,0.0009103021155438934,0.1,0.040241276026563175,0.03673333333333327,0.2152514558630246,0.1302215715165594,0.48447908401093137,2.1683994045008554,0.0024488888888888837,0.012145202221845362,0.16666666666666666,0.013531855420122979,0.008746666666666715,0.2565370227440402,0.1416661512576187,0.010151779389453195,1.8152494955449174,0.0005831111111111144,0.0013733333333333373,0.13333333333333333,0.30779932360803947,3.4164366666666677,0.24650946049822778,0.1360741972502804,0.15465366365272892,1.7640013258476643,0.2277624444444445,0.7105531771017496
532,0,0.06666666666666667,0.15441118043444213,0.7977666666666697,0.2307622971971221,0.1484756652107576,0.3441158845715912,1.8252826527935246,0.05318444444444464,0.17882109482368383,0.06666666666666667,0.016171520052070006,0.006493333333333331,0.2333972187853164,0.14495395874063755,0.28707299153903215,1.82871041094047,0.00043288888888888874,0.0019613854559587677,0.1,0.038034325330811344,0.05640666666666666,0.20994861199793435,0.1242484436398368,0.2800498294120922,2.048254598611577,0.003760444444444444,0.010849574275274982,0.06666666666666667,0.01782219504883411,0.01544000000000003,0.2535486545749411,0.14110407215436113,-0.05747750613669795,1.579432172759178,0.0010293333333333354,0.002382229772690153,0.26666666666666666,0.32911221251705514,2.862480000000006,0.27330687476015886,0.1506119327184089,-0.02425391779324446,1.849272202779478,0.19083200000000036,0.8123613632090346
533,0,0.06666666666666667,0.2619410077186439,1.4405500000000009,0.23787939673630248,0.16172327460085845,0.23313186178424045,1.5871067990804877,0.09603666666666673,0.5145981864349402,0.06666666666666667,0.022068950624030276,0.008116666666666666,0.2414891054213532,0.1498132339116835,0.08886358748857186,1.6984782537631327,0.000541111111111111,0.003652789362344148,0.2,0.041039797999549606,0.056960000000000045,0.22658142963641686,0.13082333834815998,0.30856230558149933,2.0198682983034235,0.003797333333333336,0.01263198764882877,0.36666666666666664,0.01688350537452229,0.014440000000000012,0.26137566467974177,0.1377244160150671,-0.038309890146499784,1.8114120927458695,0.0009626666666666674,0.0021378956529864235,0.4666666666666667,0.24972314382638852,3.4000266666666725,0.2805709527608563,0.14170619166247503,-0.06338837073879731,1.8456739819487553,0.22666844444444487,0.46771236421901347
534,0,0.03333333333333333,0.23158837163529053,1.581899999999999,0.20644268903183163,0.1431768742097029,0.42452782092838565,1.9227955266334253,0.10545999999999993,0.4022488040751408,0.06666666666666667,0.015080060754395918,0.005176666666666667,0.21456329601454738,0.13607941654363842,0.42398688742064683,2.0409327335638126,0.0003451111111111111,0.00170556174267204,0.16666666666666666,0.03869539162915042,0.03655333333333335,0.24836033265235763,0.1519969270311297,0.21550137946812026,1.8594713498788715,0.0024368888888888895,0.011229999999999936,0.4666666666666667,0.017512507362277042,0.011299999999999968,0.2796148717550089,0.145565813649994,-0.19315053631676218,1.8815133523087963,0.0007533333333333313,0.0023001593558535567,0.16666666666666666,0.350484109641381,5.200526666666667,0.28920040023587884,0.14279116750929072,-0.1685942243841533,1.8782408246078202,0.3467017777777778,0.9212933333333367
535,0,0.03333333333333333,0.18103882965112594,0.8666766666666658,0.23806786211103337,0.152895216067854,0.10043245423353346,1.6834550554707686,0.057778444444444396,0.24581293381087047,0.03333333333333333,0.011338166859437887,0.00419,0.2116962964894598,0.1467277387164559,0.4413854539478114,1.9394478179485237,0.00027933333333333336,0.000964155207993417,0.03333333333333333,0.03320677912561085,0.029306666666666512,0.24714528802622807,0.14947109312460832,0.12741953468841316,1.8516591452175533,0.0019537777777777674,0.008270176349228282,0.5,0.019333333333333275,0.012350000000000024,0.2997785512754507,0.1366081150081207,-0.02914571719554818,1.8821912064815816,0.000823333333333335,0.002803333333333317,0.5,0.40733333333333377,5.7200500000000005,0.2811015152774468,0.15235070571737902,-0.12858285612232767,1.7925184000451115,0.3813366666666667,1.244403333333336
536,0,0.06666666666666667,0.269313879541141,1.4584199999999978,0.21418342567905357,0.14943716890171677,0.44082027691963066,1.7157846576470368,0.09722799999999988,0.5439747428512516,0.03333333333333333,0.013803456699060732,0.0061400000000000005,0.22872927390493564,0.1497364764577957,0.4368424073338168,1.956342605169525,0.0004093333333333334,0.0014290156263213345,0.03333333333333333,0.031300555763740495,0.04080999999999992,0.25968919983729527,0.15432406747551208,-0.0672845426749518,1.6616568594768935,0.0027206666666666616,0.007347935933392712,0.1,0.02756990021742657,0.020100000000000038,0.22342730412794715,0.1305053877311753,0.3134587780103711,1.9178227490755224,0.0013400000000000029,0.0057007454849914325,0.06666666666666667,0.40865670104482704,6.458100000000001,0.24711650960351111,0.15435420772383152,0.14776435484814862,1.571511870426249,0.43054,1.2525022448163086
537,0,0.03333333333333333,0.27387053579065956,1.8058833333333308,0.19059178123235906,0.1361681409930491,0.46769119247087637,1.9437498988709907,0.12039222222222204,0.5625380278069722,0.03333333333333333,0.0703370140741604,0.05876,0.17127688975449568,0.14735051764511453,0.8292880670015429,2.3606178428985722,0.003917333333333333,0.037104716616514793,0.26666666666666666,0.03745197157437473,0.04353000000000005,0.25083578850076815,0.15185507853349137,0.021642864216643926,1.7051232795232938,0.002902000000000003,0.010519876311058295,0.06666666666666667,0.02608400353643829,0.020543333333333347,0.24702325704048445,0.15199231810571814,0.2617718520017199,1.7225607694540659,0.0013695555555555564,0.005102814303666939,0.06666666666666667,0.4868901982293694,7.5828866666666555,0.24029263881427598,0.1521630442848021,0.2650774356830176,1.631032018293935,0.505525777777777,1.7779654884887597
538,0,0.03333333333333333,0.4325687322464184,2.815583333333327,0.2166482695748821,0.16448231435231006,0.38311931368519175,1.6427963663035479,0.18770555555555513,1.4033678108795522,0.03333333333333333,0.08498170847855109,0.06488,0.19558554413875814,0.16616758073872318,0.40720026852786834,1.5989162100091117,0.004325333333333333,0.054164180819500814,0.03333333333333333,0.10967613036661522,0.14340666666666652,0.21656947521821143,0.15361714423847853,0.16031402918589388,1.6376121201602218,0.009560444444444432,0.09021640179146084,0.03333333333333333,0.06125551948666233,0.05320000000000011,0.2339076314434291,0.16022314305631188,0.050973106480111226,1.5151856525317977,0.003546666666666673,0.028141790006856515,0.03333333333333333,0.47541300330825853,6.131953333333326,0.23151941656487934,0.15047904496047232,0.21698377528594615,1.675674835646177,0.40879688888888843,1.695131427859337
539,1,0.06666666666666667,0.36757958417480296,3.408866666666663,0.24723033378554934,0.16327393517284527,0.15465961553735394,1.589168752338536,0.2272577777777776,1.013360630265908,0.03333333333333333,0.12089302382775034,0.12836999999999998,0.15170535271988786,0.14849805554292833,0.9496870517378684,2.431461632312278,0.008558,0.10961342407662758,0.03333333333333333,0.11848779140748543,0.20970000000000077,0.19839848640271535,0.15511849546323134,0.6498155644493336,2.126422226611251,0.013980000000000051,0.10529517534467835,0.03333333333333333,0.08277326183658083,0.1023133333333334,0.20429812171670375,0.1554558682688308,0.4464797348504251,1.7431567155110854,0.006820888888888893,0.05138559656300377,0.03333333333333333,0.8624294097878485,13.802253333333322,0.20683488122470367,0.14291300879213,0.25331864485615874,1.6950728694227528,0.9201502222222213,5.578383651502626
540,1,0.03333333333333333,1.3820483795243663,33.98834999999997,0.19824596938758676,0.13315470732114026,0.36726501233338965,2.159398097981993,2.2658899999999984,14.32543292509445,0.03333333333333333,0.3626389874238677,1.4009699999999998,0.182655005787572,0.1389710447416562,0.46281861377391975,1.9573036223626052,0.09339800000000001,0.9863027639985605,0.03333333333333333,0.6689750472785504,7.552666666666669,0.20166928786684424,0.13398710053017823,0.30266214777322187,2.061876301120408,0.5035111111111112,3.3564571041100404,0.03333333333333333,0.3078602963899376,1.4885099999999998,0.19492329591436333,0.13745094714502296,0.4930419546524223,2.220956488841759,0.099234,0.7108347156997519,0.03333333333333333,3.1111384108992923,143.1741933333333,0.2160409253967365,0.14789805730971836,0.30131804606101625,1.9465613534011836,9.54494622222222,72.5938665882973
541,1,0.03333333333333333,1.0274179485388304,41.995516666666674,0.22999792285486936,0.13903822516480113,0.13570599508863504,1.915916343369007,2.799701111111112,7.91690730734804,0.3,0.14464398964386005,0.7807999999999999,0.2574487853974241,0.13356714568479688,-0.06464591533081807,1.9746009654257624,0.05205333333333333,0.15691412805069818,0.3,0.5044713284753843,10.277190000000001,0.24702141221202487,0.13686512482315433,0.012489359512736524,1.9348878968428636,0.685146,1.908684909402894,0.03333333333333333,0.21185748400963164,1.9998499999999997,0.2395522636532101,0.1411151430008712,0.11345479367474365,1.9299716139022274,0.1333233333333333,0.336626951481685,0.23333333333333334,2.006084338109071,162.39959999999996,0.2533229006388923,0.13608893341715964,0.015337147837188632,1.9479847592850308,10.826639999999998,30.182807787048823
542,1,0.06666666666666667,1.0240623348556501,42.816149999999965,0.24110142039921206,0.142479714342106,0.10719864526987441,1.5638054159705768,2.8544099999999974,7.865277492525043,0.03333333333333333,0.17316579965980283,1.11385,0.24313086563009823,0.14907093393194334,0.02652698548239456,1.632687043109082,0.07425666666666667,0.2248979562886423,0.06666666666666667,0.5169827287595675,12.27276333333333,0.2388107447205631,0.14290944346335185,0.013880745137118938,1.5699955826904728,0.8181842222222221,2.0045335637676645,0.16666666666666666,0.21331145721169723,2.3513599999999997,0.22873697054482953,0.13937056287129812,0.15177784867112715,1.6869490948416404,0.1567573333333333,0.3412633333333331,0.03333333333333333,2.5049143374734077,247.10984333333332,0.22986308136516892,0.14243747827637307,0.12340550741573247,1.690696939075056,16.47398955555555,47.05946878559881
543,1,0.1,1.1312999827525505,53.270429999999976,0.2468804999082626,0.14659064932701774,0.09955056956754657,1.6456883120251675,3.5513619999999984,9.598797382319407,0.03333333333333333,0.25343764317439654,1.66337,0.2218216053130181,0.1598294933612656,0.3517464967899576,1.632178931251763,0.11089133333333331,0.48172979233344554,0.1,0.5940895601514815,13.407949999999998,0.23335055579835734,0.13723997996510806,0.2155643587785697,1.7372065764426936,0.8938633333333333,2.6470680411073557,0.1,0.22544059981154008,2.1324766666666664,0.22601160334603945,0.1429736083350695,0.25351867425866426,1.670764887150224,0.1421651111111111,0.3811759803254023,0.06666666666666667,2.3612998947143953,198.81139000000007,0.21723407956616153,0.13814738243857144,0.33590827916834926,1.7625607818635347,13.25409266666667,41.818028945836616
544,1,0.03333333333333333,1.2678626408926048,56.3776,0.2541721157384155,0.1545608176886341,-0.019554091003019376,1.7078931628590417,3.7585066666666664,12.056067571283775,0.06666666666666667,0.13847771906404746,0.6711233333333333,0.26389338419549246,0.153768541623478,0.04940496588171829,1.606981783007903,0.04474155555555555,0.14382059007885942,0.03333333333333333,0.45135058803612443,10.519233333333334,0.23846036923510225,0.14514068286140608,0.1450592623000228,1.7749684301577249,0.7012822222222223,1.5278801499041648,0.03333333333333333,0.32804051636207976,2.1477799999999987,0.22778610528769433,0.15459255454555895,0.17950479495054406,1.6707327892323487,0.14318533333333322,0.8070793528132493,0.06666666666666667,2.2758502391374438,157.94271666666657,0.22747155086056353,0.14892740727104042,0.272799000913127,1.7982775052552726,10.529514444444438,38.846207332364706
545,1,0.03333333333333333,1.2433703389462618,64.89529000000005,0.2357263257315702,0.14732211471304715,0.24032013156453444,1.9080472479874053,4.326352666666669,11.594773498285067,0.03333333333333333,0.2456116822869663,1.3300033333333332,0.2014950168848397,0.1487373916918378,0.5491272622858177,1.9931726807970778,0.08866688888888888,0.4524382385687526,0.03333333333333333,0.6304200952374656,12.434276666666669,0.2128481539732185,0.1400655131489787,0.3922671135017124,2.055922712926872,0.828951777777778,2.9807212235941143,0.03333333333333333,0.3141633296582928,2.49941,0.20833896526781395,0.14155211666462755,0.38356953167355484,1.9794395616228322,0.16662733333333332,0.7402394827648888,0.03333333333333333,2.3586218220907726,242.3718233333334,0.22202761329618118,0.14987602075587184,0.4046506501652641,1.8581928490388624,16.158121555555557,41.723226747320965
546,1,0.36666666666666664,1.1310195350775085,76.46629999999996,0.25478367326445434,0.1486799250324645,0.04008584319962449,1.7064498109427835,5.097753333333332,9.594038915452074,0.03333333333333333,0.4277055307352089,2.9260499999999996,0.21666046184306714,0.16024049064807927,0.2864314110857407,1.5323068184582962,0.19507,1.3719901576611504,0.03333333333333333,0.7451959439861878,18.614016666666664,0.23089431648062572,0.15248072526308723,0.11376164695722024,1.5488933048310627,1.2409344444444446,4.164877462000992,0.03333333333333333,0.36592332717669973,3.705050000000001,0.2289608057753652,0.15694183800919,0.20560370100071165,1.5597664335142978,0.24700333333333338,1.0042491102904954,0.03333333333333333,3.7993835871579686,468.48296333333326,0.24095753925679123,0.16468273629972768,0.1476994459670092,1.5201794374865605,31.23219755555555,108.26486731774015
547,1,0.03333333333333333,1.2846904154295502,74.68428666666672,0.2567477514872341,0.15420037079679028,0.039211692655147554,1.5979984756444565,4.978952444444447,12.378220976224126,0.3333333333333333,0.17046211700355401,1.2138866666666668,0.26775131120941115,0.14745517785954987,-0.12324527004746122,1.563095093277997,0.0809257777777778,0.21793,0.03333333333333333,0.7300523119376318,19.553150000000002,0.2380104367408144,0.14690696484917867,0.11050349521673172,1.6815778492882454,1.3035433333333335,3.997322836241109,0.03333333333333333,0.3558779492370967,3.9894833333333355,0.2522186584254509,0.16625932529793935,0.09573262257528106,1.4629583779297515,0.2659655555555556,0.9498683606490119,0.03333333333333333,3.4951698140057585,374.92516999999987,0.23032740151452072,0.1589977383382827,0.28978717540048354,1.695349492412822,24.995011333333323,91.62159021552787
548,1,0.03333333333333333,2.1882833355210214,101.52592333333334,0.23509193653770452,0.15626581506884513,0.1941531494126083,1.7140190690444628,6.7683948888888885,35.914379673892554,0.03333333333333333,0.38458080010811846,2.413603333333333,0.2195242305051526,0.16465244371433524,0.39522168327358714,1.6746952690231864,0.16090688888888885,1.1092679385885045,0.1,0.6077133377873066,18.840649999999997,0.2806411106739941,0.14680153263898615,-0.1919536666430895,1.8072292559983627,1.256043333333333,2.7698662569344186,0.03333333333333333,0.44433931824262973,4.603863333333335,0.2641559567829163,0.16366063919031823,-0.04116631214046685,1.6146923439026728,0.30692422222222226,1.4807807230224375,0.03333333333333333,3.021705681901099,308.14415000000014,0.2486013960746652,0.15565868266196026,0.01672996212146946,1.5618911154253217,20.542943333333344,68.4802892102504
549,1,0.23333333333333334,1.4696400608959923,89.47191000000011,0.28496969523457183,0.1368441670330714,-0.18668167844716974,2.057828351264583,5.9647940000000075,16.19881431442782,0.03333333333333333,0.26789314022546107,2.4590699999999996,0.25691711422605196,0.16263463575095938,0.016630268490015462,1.4996629309089646,0.16393799999999997,0.538250509348939,0.03333333333333333,0.7782357353784805,19.88429999999999,0.27501360519060253,0.16160299284945148,-0.17066225500237034,1.5901072455080958,1.3256199999999994,4.542381448650632,0.03333333333333333,0.4295112192667396,4.190969999999998,0.2502017527754227,0.16474818437769465,0.11526575052154381,1.6024866034388525,0.27939799999999987,1.3835991560700092,0.5,4.466666666666663,456.1779999999997,0.2963770973167701,0.1619030261606554,-0.2960706543021671,1.7470280514434182,30.411866666666647,149.6333333333331
550,1,0.23333333333333334,1.709693356291184,106.84686666666668,0.28881674812832386,0.12897879928703632,-0.3216272624067008,2.2162199550751684,7.1231244444444455,21.922885294096602,0.4666666666666667,0.21609171928786217,2.3660033333333335,0.25465187684798063,0.1624350660590849,0.07982121872516873,1.4779193130825021,0.15773355555555557,0.3502172335858817,0.4666666666666667,0.8100500177405449,20.50234333333333,0.2906364166828844,0.15020694277287225,-0.2912134357594953,1.71741705283729,1.3668228888888885,4.921357734310927,0.06666666666666667,0.3209188499929692,4.165590000000002,0.2490398035774803,0.15692181958630913,0.13996929269280986,1.6491572508603438,0.2777060000000001,0.7724168121060742,0.5,4.139999999999998,488.90313333333324,0.2749083884199844,0.16453311820387548,-0.12055502922094842,1.7209083783028312,32.59354222222221,128.54699999999985
551,1,0.03333333333333333,2.855312757523847,170.64570666666665,0.248693234959381,0.1520545865342417,-0.05684007518295632,1.6417257435583699,11.376380444444441,61.14608207458825,0.4666666666666667,0.31572569651930626,4.324540000000001,0.2634213853118074,0.15767735224872728,-0.04828304493513325,1.6039127226471257,0.2883026666666667,0.7476203658195082,0.03333333333333333,1.115411217720638,27.334900000000005,0.2550342315332252,0.16119569189998756,-0.06983773507624477,1.5167641759596726,1.8223266666666673,9.331066384627773,0.03333333333333333,0.5589563600393642,6.646440000000002,0.2296708535977354,0.16111486137192657,0.25587859738180957,1.5556869685513932,0.4430960000000001,2.343241593213415,0.03333333333333333,3.691081871133166,526.0571399999995,0.25213952416921587,0.1545445413813058,0.06593260655341829,1.6499401804891023,35.07047599999997,102.18064034555937
552,0,0.06666666666666667,0.33633042333066265,1.8042500000000032,0.22766874204072884,0.14911338750616251,0.28496626862012236,1.5568151731307833,0.12028333333333358,0.8483861524333707,0.06666666666666667,0.020448318756783275,0.006756666666666664,0.2026784191863318,0.14599208143476913,0.6026111159516659,2.0261514182361338,0.00045044444444444434,0.00313600304984261,0.03333333333333333,0.0288787049110739,0.028659999999999977,0.27192688145521593,0.15119610736816075,-0.12525124137749394,1.9399510569493768,0.0019106666666666651,0.0062548469800566275,0.5,0.0326666666666668,0.030570000000000038,0.26651483213937666,0.1487165737521914,0.22985769018795243,1.8285390959535768,0.002038000000000003,0.008003333333333399,0.2,0.3896068003343736,4.443299999999998,0.2661902850628885,0.14084514956717414,0.157021631987462,1.8440143461110807,0.2962199999999999,1.1384509415009136
553,0,0.03333333333333333,0.27999011131548973,2.015936666666664,0.2693529652453727,0.16688727804726694,-0.09770213170191723,1.5595010874904482,0.13439577777777761,0.5879584682584524,0.06666666666666667,0.01955948394533924,0.006229999999999997,0.21841294189026808,0.15723673728618612,0.41301980488195905,1.6812250712058898,0.00041533333333333315,0.002869300591559876,0.43333333333333335,0.039141268585390535,0.03175000000000002,0.2708308925965458,0.14839926752116844,-0.22356464655364586,1.6418751840650103,0.0021166666666666677,0.011490291798552599,0.03333333333333333,0.032436422897464415,0.030003333333333358,0.24987327723376207,0.1494930334864705,0.07595599451041696,1.7825081001819243,0.002000222222222224,0.007890911477873653,0.36666666666666664,0.3249121152287128,4.6606566666666716,0.25663066865991413,0.1507767355141738,0.17380457959227583,1.7922356721620765,0.3107104444444448,0.7917591196679723
554,0,0.4666666666666667,0.2035204070340941,1.6275133333333318,0.28497458898643485,0.15106138004143888,-0.28938279244653037,1.6924247358413207,0.1085008888888888,0.31065417059492506,0.1,0.013218331325116288,0.007166666666666665,0.24764830678600228,0.14386836748517992,0.29823294413720697,1.8950852445697828,0.00047777777777777765,0.0013104321226541289,0.43333333333333335,0.02983737698976862,0.04279333333333327,0.271833290970704,0.1414995355196666,-0.29191491021262284,1.7706318457810224,0.0028528888888888844,0.006677017992221804,0.3,0.0289288502001505,0.034200000000000105,0.27203125387227284,0.14087372567603818,-0.18919266044379107,2.0593512927532127,0.002280000000000007,0.006276587804270607,0.5,0.42333333333333295,6.663976666666663,0.28271574431880137,0.16464476557936056,-0.07036992361667536,1.4839788298696928,0.4442651111111109,1.3440833333333309
555,0,0.1,0.23813839992828523,1.7511200000000005,0.26195790753896425,0.14893251473256455,0.10538726728039151,1.6285692857381688,0.11674133333333338,0.42532423140302933,0.13333333333333333,0.014421577758093523,0.009216666666666668,0.2624130857323135,0.13740973319109948,0.1810179246664309,1.9962759619866202,0.0006144444444444445,0.0015598642877455336,0.23333333333333334,0.028583503377959816,0.03679999999999996,0.2849944843689953,0.1380165285628024,-0.06370568377638963,1.822846858601398,0.0024533333333333304,0.006127624990183803,0.3,0.02406728950448648,0.03588333333333345,0.2588121011111504,0.13834673976139641,0.1635082841325836,1.9696031926182964,0.00239222222222223,0.004344258180695737,0.4666666666666667,0.36533933291662957,5.070776666666657,0.2813400401834009,0.15841496360294224,-0.012995047350188853,1.5288452025447963,0.33805177777777723,1.0010462113197591
556,0,0.06666666666666667,0.20311574293073034,1.7184066666666635,0.25222209576582305,0.1526693865319267,0.30642543645339543,1.7590357719134802,0.11456044444444423,0.309420037697269,0.13333333333333333,0.01097424355987138,0.0057666666666666665,0.28630413325893145,0.14136228516444313,0.004116237293368061,1.75518508716052,0.00038444444444444447,0.0009032551628353387,0.26666666666666666,0.03577606380583198,0.04723000000000005,0.2641502850400184,0.1370200052994851,0.11140243207476659,1.8525533310791933,0.003148666666666669,0.009599450560792209,0.16666666666666666,0.04190995638800466,0.045316666666666866,0.2978611651721014,0.1479817714748199,-0.1200211864309348,1.7230918667988084,0.003021111111111125,0.013173333333333396,0.03333333333333333,0.46721586691287686,4.298503333333323,0.23902682321871768,0.15365055400450411,0.13237555693579692,1.7035613871246391,0.2865668888888882,1.637179997213633
557,0,0.06666666666666667,0.2553885784407562,1.9399300000000013,0.24671044260660827,0.167551811772303,0.35275286333476363,1.5331632455238455,0.12932866666666676,0.4891749449849271,0.43333333333333335,0.012058164586863698,0.006533333333333331,0.24919298915534044,0.15103528021535503,0.15036405891394508,1.695368732878031,0.00043555555555555546,0.0010904949990292033,0.1,0.04735739118644527,0.05518666666666672,0.2494571059932238,0.15215098869262422,0.3818584964758976,1.7979434281340196,0.0036791111111111148,0.01682041874989503,0.5,0.037333333333333364,0.05376000000000019,0.2952180300502811,0.16065529436406717,-0.23833854130293156,1.5841995573928005,0.0035840000000000117,0.010453333333333351,0.16666666666666666,0.34936704671925406,4.040493333333332,0.25135620774807865,0.15177898935997755,0.15932257671614403,1.7112355116111873,0.26936622222222223,0.9154300000000007
558,0,0.06666666666666667,0.262138412411858,1.8957233333333325,0.2189615829048998,0.1585245837790892,0.5202998152045819,1.8749376745988688,0.1263815555555555,0.51537410446357,0.06666666666666667,0.016181745396764043,0.008379999999999999,0.2450894006995093,0.14130142809292093,0.2144285643917588,1.7909285916212965,0.0005586666666666666,0.0019638666306427068,0.06666666666666667,0.04580580666738214,0.05661666666666669,0.24412542165826334,0.17460301853563062,0.20323784358301464,1.3786323439132173,0.003774444444444446,0.01573628943337193,0.06666666666666667,0.02929572051208367,0.03759333333333346,0.26770694500696324,0.14661475417851297,-0.048691478960778675,1.725420769194492,0.0025062222222222304,0.006436794302415899,0.43333333333333335,0.3157503077038835,3.516116666666666,0.28297457622835415,0.1292857348904053,-0.1660342005982742,1.8776965192960695,0.23440777777777777,0.7477369261132285
559,0,0.06666666666666667,0.3126269841801436,1.8372866666666636,0.2381913768633902,0.14233029514964704,0.20021186566442956,1.779258546966156,0.1224857777777776,0.7330172342817883,0.1,0.01804469732348249,0.011733333333333335,0.22045769479626032,0.1458709632062818,0.5221103893072512,1.9831877819663688,0.0007822222222222225,0.0024420832612207215,0.06666666666666667,0.047787057694059075,0.05320000000000005,0.2253051300462378,0.15668784454524737,0.33240590893245714,1.7160366470722859,0.0035466666666666706,0.017127021622914976,0.5,0.03200000000000003,0.032813333333333486,0.28860096951705755,0.13456711048653325,0.018937583287397326,2.0267631680395817,0.002187555555555566,0.007680000000000014,0.36666666666666664,0.2925468048356865,3.7331333333333374,0.2888203678787796,0.137977105712544,-0.27037033595971305,1.9715762779139114,0.2488755555555558,0.6418772476467693
560,0,0.03333333333333333,0.3416498095105413,2.6571600000000033,0.21883292737528143,0.1527372480374913,0.21705590894815333,1.6449979951311489,0.17714400000000022,0.8754344425394186,0.03333333333333333,0.0997736553073236,0.09696666666666667,0.16562156829243135,0.14776830991271925,0.8036787277759047,2.1976001275617714,0.0064644444444444445,0.07466086720038466,0.03333333333333333,0.07394670537236564,0.10497,0.20839443625746246,0.15213567712917692,0.45158331355494935,1.9014814012889116,0.006997999999999998,0.04101086426570587,0.03333333333333333,0.041753515353226966,0.052350000000000146,0.2221408773862361,0.1413186788244574,0.2964749756653858,1.915336225685066,0.003490000000000009,0.013075170332641202,0.03333333333333333,0.36514796410145983,5.0415766666666695,0.20983181503066423,0.13405230501097729,0.271335433953706,1.9009807953753008,0.3361051111111113,0.9999977676558076
561,0,0.03333333333333333,0.323668356078066,1.9069499999999993,0.22485262294627417,0.15330394566704766,0.07672164325871739,1.5478172478899774,0.1271299999999999,0.7857090354470828,0.03333333333333333,0.07639185180019795,0.05295000000000001,0.1764748114334056,0.15275381250833361,0.5678748404107765,1.8091285196840785,0.003530000000000001,0.04376786266097554,0.03333333333333333,0.18458302492974724,0.49955000000000016,0.15669000435267963,0.12889727315286148,1.0740481722781925,3.2246145040299705,0.03330333333333334,0.2555316981916177,0.03333333333333333,0.0651797626236592,0.07358333333333333,0.21245725128775522,0.1423499430143139,0.3665106015973317,2.0404526171894375,0.004905555555555555,0.03186301091757421,0.03333333333333333,0.5986822725923655,8.34846,0.2192547791757043,0.13529715799617778,0.18959564152381206,2.002286868326992,0.556564,2.688153476372696
562,1,0.03333333333333333,0.41620558532003343,7.937176666666646,0.25304722368466614,0.14361901521816908,0.03520788661870502,1.870328643609486,0.5291451111111097,1.2992031693869375,0.03333333333333333,0.20462031069289502,0.5203500000000002,0.20798831470095627,0.16095699471844926,0.4356412665143387,1.7389543217171088,0.03469000000000001,0.31402103661042674,0.03333333333333333,0.33775837318445484,3.178566666666669,0.2400343957116522,0.150444186773842,0.14720455628621745,1.7628474326395753,0.21190444444444453,0.855605389921571,0.03333333333333333,0.1218188292412137,0.4249699999999998,0.2416234969511118,0.14864120269031955,0.15899088292716987,1.780283669049149,0.02833133333333332,0.11129870368274988,0.03333333333333333,1.9046855027978256,76.8382466666667,0.2346943107634427,0.15730673212457,0.17639905964342173,1.6250991316461985,5.12254977777778,27.208701484261542
563,1,0.03333333333333333,1.0709451397418037,24.561706666666645,0.1988140116102278,0.1456914676477814,0.5577856346170386,1.9698924685235282,1.6374471111111097,8.601926192524438,0.03333333333333333,0.31281862033539315,1.1184833333333335,0.1686007429016067,0.15128311699884414,0.8971342215342347,2.3866935508309184,0.07456555555555557,0.7339161692140413,0.03333333333333333,0.5841282985165112,7.573940000000002,0.20374233771447406,0.1505115426213772,0.520958159991028,1.917642092935994,0.5049293333333336,2.559044018458458,0.03333333333333333,0.24356497288819132,1.3357333333333323,0.19655034969112137,0.15652163785785497,0.6650303395669442,1.963130956038243,0.08904888888888883,0.44492922013519026,0.03333333333333333,2.988636936431532,121.20275000000004,0.19294892962576798,0.1529030036044347,0.6017363081991374,1.992714241372253,8.080183333333336,66.98963053352139
564,1,0.03333333333333333,1.1766712651775888,36.694686666666605,0.23319536313948086,0.15142471467135246,0.12206397655575864,1.6461957399006804,2.44631244444444,10.384164497209705,0.43333333333333335,0.12207900369477996,0.5763766666666665,0.26137672331409934,0.14963525013408505,0.07412894510021707,1.7495876916893258,0.03842511111111111,0.11177462357332575,0.03333333333333333,0.6412412589474499,10.907933333333332,0.24063111715658037,0.15343641028010985,0.13164843937845758,1.7424408129764806,0.7271955555555554,3.0839276413238292,0.03333333333333333,0.27338543857269926,1.93074,0.235892818211742,0.1550389440733929,0.20321925636114227,1.7545216655328095,0.128716,0.5605469851769034,0.03333333333333333,2.3409854306034834,131.39281999999997,0.23188068913048968,0.15662114929996085,0.2603141316646072,1.7096368311338774,8.759521333333334,41.10159589723333
565,1,0.23333333333333334,1.1501684538717478,39.494999999999976,0.2503532940239438,0.12851752702569885,0.10633064999544695,1.8914418114976814,2.6329999999999987,9.921656042112954,0.03333333333333333,0.273197969256018,1.3025499999999997,0.19610067747291204,0.14982816033640445,0.5214003231872569,1.8205830808567918,0.08683666666666665,0.5597784780420912,0.43333333333333335,0.5434091811364153,10.143139999999999,0.24446674476098684,0.1441817339631126,0.10953960120635868,1.794284619928847,0.6762093333333332,2.214701536075121,0.23333333333333334,0.24541981582994818,1.6990499999999997,0.23957648586813818,0.14260150247025113,0.05293070649404091,1.8795979915378584,0.11327,0.45173164501504265,0.03333333333333333,3.1183430881072605,207.07300999999995,0.20192045353692264,0.1439427490390666,0.5021565162604038,1.9740959777108376,13.80486733333333,72.93047711359743
566,1,0.2,1.128155570136811,42.633300000000034,0.2388538786636952,0.14303396058888249,0.2630633332614695,1.9039040701326653,2.842220000000003,9.545512428230346,0.03333333333333333,0.2264314820260446,1.0375066666666668,0.21510962219146343,0.15742736642830932,0.3666362321538651,1.6299250507054752,0.06916711111111111,0.38453412039383217,0.03333333333333333,0.6500950829120906,9.841499999999996,0.23145356909892192,0.15031363648317775,0.15864577322194096,1.6701869093248218,0.6560999999999999,3.1696771261985854,0.03333333333333333,0.1916056552471876,1.5812633333333332,0.2435932214349195,0.15239790307429027,0.21252433423534264,1.7437075573846528,0.10541755555555557,0.2753454534202808,0.03333333333333333,2.4025969992460676,153.50135999999998,0.23070751592818786,0.15620441367944535,0.2793784200823797,1.7265388394549726,10.233424000000003,43.29354255589657
567,1,0.03333333333333333,1.7228746018328875,73.07223000000005,0.24151066951094644,0.16333995899139478,0.20234000190531037,1.6467140024680318,4.871482000000004,22.26222670230623,0.03333333333333333,0.1893632898378666,0.8594999999999999,0.24047585814654326,0.1575959681514664,0.12314676458287639,1.6185203033611448,0.0573,0.268938416536649,0.03333333333333333,0.9491226172555166,14.839310000000005,0.2521410199776579,0.16430249436250144,-0.0419198956386488,1.5417013903227053,0.9892873333333336,6.756253069394714,0.03333333333333333,0.4844349671783363,3.911836666666664,0.22639165161586847,0.16676943787977086,0.25960298571013846,1.5345229041119328,0.26078911111111097,1.7600792806880683,0.03333333333333333,3.995922868076743,279.61267000000015,0.24851322365124903,0.16559187716620982,0.053571484514921164,1.5848474123010434,18.640844666666673,119.75549675714
568,1,0.4,1.1940182914724435,53.81849999999997,0.26821987327681446,0.14324894797830637,-0.2548388814406826,1.8413948904271404,3.587899999999998,10.6925976027808,0.03333333333333333,0.4828545328501637,3.5004700000000004,0.20484864036312092,0.15325056969420175,0.5537497601869353,2.0730717913095655,0.2333646666666667,1.7486137492046236,0.03333333333333333,0.6630779381148765,13.462473333333328,0.2310825608146467,0.1472449247338207,0.2515072647935078,1.8537058471834853,0.897498222222222,3.2975426401100703,0.06666666666666667,0.24911811792308497,2.7549266666666665,0.239134827486825,0.1445198445696107,0.08510374581713816,1.7276608876881785,0.18366177777777776,0.4654487750815505,0.03333333333333333,4.03037511825544,450.21774333333326,0.22571714839664345,0.1419252137376511,0.2384076269828121,1.9381270828033292,30.01451622222222,121.82942695389418
569,1,0.03333333333333333,1.8054878190609294,79.44789999999996,0.23950746128349762,0.1526027807841045,0.06362965334013206,1.6253416148318882,5.296526666666664,24.448396985830435,0.03333333333333333,0.24802827700515126,2.108976666666667,0.2175633759059585,0.1457762205795627,0.39205596264805215,1.914907256458466,0.1405984444444445,0.46138519645608034,0.03333333333333333,0.9667908325853675,15.583456666666667,0.19874623507882547,0.1548850172007489,0.5263893843052392,1.7638477090565905,1.0388971111111112,7.01013385478331,0.03333333333333333,0.43405438346499925,3.623106666666667,0.2220189055592279,0.1508692448145205,0.23278438820703082,1.7066665912855121,0.24154044444444442,1.4130240585388547,0.03333333333333333,4.187438879855505,510.77290000000005,0.21138742568135707,0.13583524996765414,0.33800155320188885,1.9767262311595764,34.051526666666675,131.50983279394148
570,1,0.03333333333333333,2.0701019601072774,109.89500333333325,0.24298054966922922,0.15755060045708189,0.18377349946383376,1.6969092545362414,7.326333555555549,32.13991593929993,0.06666666666666667,0.19766827220363886,1.7426300000000006,0.2433745686882446,0.1365422154445978,0.03988261197055675,1.928902059105256,0.11617533333333334,0.293045593769789,0.03333333333333333,0.829218830097783,15.263353333333328,0.23668782732414295,0.16244520982103286,0.17861514400073786,1.5247642480819261,1.0175568888888886,5.157029011415519,0.03333333333333333,0.43183864569450864,3.8663000000000016,0.2500420971958407,0.1582302114042173,-0.042318904222228955,1.567957147599596,0.25775333333333345,1.3986346193645052,0.26666666666666666,3.6521811800757735,432.16851666666645,0.2517160087639985,0.14761222025999277,0.07115518509570419,1.8226488171255515,28.81123444444443,100.03820529074753
571,1,0.03333333333333333,2.5305198069771464,150.4896899999998,0.24707361200032282,0.16804123048784295,0.19044150579677224,1.5640484050934162,10.032645999999987,48.026478701277405,0.03333333333333333,0.70783329083956,6.329529999999998,0.22251851909772113,0.15730529753850872,0.1247849640009184,1.6448930704597897,0.42196866666666655,3.7577097571557094,0.03333333333333333,1.6440860811945084,37.88122333333333,0.23852369416585809,0.17822943910927194,0.24508136808149023,1.4610363270219908,2.5254148888888888,20.272642817831365,0.03333333333333333,0.5549839124800539,7.507403333333331,0.2609586563766094,0.1650885822237494,0.0540333283480917,1.572284717252921,0.5004935555555554,2.3100535733375107,0.03333333333333333,6.674608378786753,780.1220833333334,0.2293708605299416,0.1554593821947095,0.15067039797592702,1.6333997638776285,52.00813888888889,334.1279775762775
572,1,0.1,2.4924640225984835,118.7240433333334,0.24549137150167732,0.15512607948600926,0.22583859314299423,1.5540318230424517,7.914936222222226,46.5928267796086,0.13333333333333333,0.31653160962406357,3.5098999999999996,0.25986184539516344,0.14146366806562552,0.04884510309537554,1.8706028487827138,0.23399333333333333,0.7514419491840043,0.1,0.7677916168267837,21.45033666666666,0.22679752409035442,0.1561416750127868,0.52738977294629,1.8797619619862156,1.4300224444444445,4.4212797515211495,0.1,0.4544950758933929,4.752133333333331,0.21172980998999427,0.14563200233072007,0.5707096979787853,2.0306198477315935,0.3168088888888888,1.5492433050850574,0.03333333333333333,3.676260231352452,550.13975,0.23154786837348829,0.14902788750811616,0.20926479250509822,1.628728149454996,36.675983333333335,101.36166966467688
573,1,0.03333333333333333,3.267376972401147,164.7343633333334,0.20906430779123075,0.15744917893061808,0.33528842563380096,1.58784947152931,10.98229088888889,80.06814209832966,0.03333333333333333,0.5774675732128326,5.993766666666666,0.21934537971657628,0.15635014894020965,0.42941188929806384,1.8753615397934031,0.3995844444444445,2.5010159858423866,0.03333333333333333,1.3911394344967014,29.783606666666657,0.21763266041156046,0.16184301479064264,0.3288030623485655,1.6426768597511696,1.985573777777777,14.514516946588516,0.03333333333333333,0.5091738231003221,4.724866666666667,0.2115336008300708,0.14722566686079058,0.3922994701199602,1.9240273050177423,0.31499111111111117,1.944434865979486,0.03333333333333333,6.295283178765194,669.2349300000001,0.20954488499659712,0.1563465154086657,0.4772878929431006,1.7908052646685937,44.615662000000015,297.2294272563301
574,1,0.03333333333333333,2.4922719869806067,237.0185766666667,0.24788689394344232,0.1438415333604661,0.15410504569219494,2.02502094192897,15.801238444444445,46.58564742816197,0.03333333333333333,0.3966168182788183,4.35905,0.22551389564313878,0.14497364653025213,0.29958594316614023,1.9228482661661561,0.2906033333333334,1.179786754062099,0.03333333333333333,1.3554381805334685,28.37983666666667,0.22332268971991373,0.1556665910354164,0.1842975508574341,1.5943398503479032,1.8919891111111113,13.779094959359098,0.03333333333333333,0.6330465226181269,7.548250000000001,0.2116317034498823,0.13828443955838748,0.29732922830893627,1.904365476849235,0.5032166666666666,3.00560924849177,0.03333333333333333,6.862710887209807,956.1395499999999,0.21495976517982934,0.1534724436345469,0.37616197630216425,1.7735124810177436,63.74263666666664,353.2260054107101
