window_id,label,Temperature__mean,Temperature__median,Temperature__min,Temperature__max,Temperature__range,Temperature__variance,Temperature__std,Temperature__rms,Temperature__skewness,Temperature__kurtosis,Temperature__peak_to_peak,Temperature__crest_factor,Temperature__shape_factor,Vibration__mean,Vibration__median,Vibration__min,Vibration__max,Vibration__range,Vibration__variance,Vibration__std,Vibration__rms,Vibration__skewness,Vibration__kurtosis,Vibration__peak_to_peak,Vibration__crest_factor,Vibration__shape_factor,Motor_Current__mean,Motor_Current__median,Motor_Current__min,Motor_Current__max,Motor_Current__range,Motor_Current__variance,Motor_Current__std,Motor_Current__rms,Motor_Current__skewness,Motor_Current__kurtosis,Motor_Current__peak_to_peak,Motor_Current__crest_factor,Motor_Current__shape_factor,Pressure__mean,Pressure__median,Pressure__min,Pressure__max,Pressure__range,Pressure__variance,Pressure__std,Pressure__rms,Pressure__skewness,Pressure__kurtosis,Pressure__peak_to_peak,Pressure__crest_factor,Pressure__shape_factor,Noise__mean,Noise__median,Noise__min,Noise__max,Noise__range,Noise__variance,Noise__std,Noise__rms,Noise__skewness,Noise__kurtosis,Noise__peak_to_peak,Noise__crest_factor,Noise__shape_factor
0,0,61.581,61.650000000000006,60.66,62.22,1.5600000000000023,0.14656103448275865,0.382832906739688,61.58215030888955,-0.5051718632192522,-0.038744426287163236,1.5600000000000023,1.010357704105996,1.0000186796071766,0.19,0.185,0.13,0.24,0.10999999999999999,0.0005172413793103447,0.0227429413073671,0.19131126469708992,-0.09422075684480673,0.5726349206349202,0.10999999999999999,1.25450009637436,1.0069013931425785,7.858333333333333,7.86,7.77,7.95,0.1800000000000006,0.0017798850574712703,0.042188683997859786,7.85844280588294,-0.3182235964792458,0.181547972476495,0.1800000000000006,1.0116508061938836,1.0000139307592288,5.078333333333332,5.08,5.01,5.14,0.1299999999999999,0.0008212643678160913,0.02865771044267304,5.078411497046426,-0.08441966159756512,0.23713627689159056,0.1299999999999999,1.012127513296115,1.0000153916074357,42.06533333333334,42.09,40.65,44.38,3.730000000000004,0.6186602298850581,0.7865495724269755,42.07244117788587,0.8810074247174725,2.0305322732770215,3.730000000000004,1.0548472766854098,1.0001689715494753
1,0,61.495,61.535,60.66,62.03,1.3700000000000045,0.1065431034482757,0.3264094107838738,61.49583739300301,-0.6400088280651317,0.2949993344036952,1.3700000000000045,1.0086861587652398,1.0000136172534841,0.19233333333333338,0.195,0.13,0.24,0.10999999999999999,0.0006943678160919539,0.026350859873862823,0.19407043394946416,-0.25914054383214685,-0.3768507210878491,0.10999999999999999,1.2366644167060288,1.0090317189746834,7.852666666666667,7.855,7.77,7.94,0.17000000000000082,0.0014616091954023052,0.038230997834248395,7.852756628513752,-0.11614397833654246,0.3751256656432487,0.17000000000000082,1.011109903899156,1.0000114562162006,5.087666666666666,5.085,5.03,5.17,0.13999999999999968,0.0011150574712643659,0.03339247626733252,5.08777259711949,0.6704980926887608,0.6127333958606918,0.13999999999999968,1.0161617684970952,1.000020821028531,42.227666666666664,42.14,41.2,44.38,3.1799999999999997,0.47819781609195416,0.6915184857196185,42.23313971278953,1.3034744603262762,2.652656508007844,3.1799999999999997,1.0508335468736258,1.0001296080639754
2,0,61.582,61.57,61.07,62.17,1.1000000000000014,0.0702510344827585,0.26504911711371254,61.582551370768435,0.04542650617210959,-0.24801139693156715,1.1000000000000014,1.009539205767795,1.000008953440428,0.18533333333333338,0.185,0.15,0.23,0.08000000000000002,0.0005222988505747127,0.022853858548934635,0.18669047467220531,0.21388416579014297,-0.6632765342052327,0.08000000000000002,1.2319857261268332,1.0073227050658558,7.835,7.84,7.76,7.94,0.1800000000000006,0.0015500000000000084,0.03937003937005916,7.835095617370175,0.32511871062658065,0.752405671204353,0.1800000000000006,1.0133890366822398,1.000012203876219,5.1000000000000005,5.095,5.02,5.21,0.1900000000000004,0.001800000000000003,0.04242640687119289,5.100170585382414,0.3134956172747767,0.6807456060329478,0.1900000000000004,1.0215344590497362,1.0000334481141988,42.03399999999999,41.885,41.2,43.08,1.8799999999999955,0.2717972413793103,0.5213417702230565,42.03712517921906,0.47501161622958826,-0.9586249646302876,1.8799999999999955,1.0248084238951831,1.0000743488418677
3,0,61.588,61.585,60.84,62.17,1.3299999999999983,0.09996137931034503,0.3161666954477417,61.58878447682933,-0.25867126930642925,-0.26076440463468575,1.3299999999999983,1.0094370351372877,1.0000127374947934,0.179,0.18,0.13,0.21,0.07999999999999999,0.0003679310344827585,0.019181528470973278,0.17999074050257882,-0.6018140856402289,0.06759878768303951,0.07999999999999999,1.1667266850151727,1.0055348631428984,7.8423333333333325,7.84,7.76,7.93,0.16999999999999993,0.0016598850574712678,0.040741686973802003,7.842435633568608,0.045706461297403175,-0.12699809863405465,0.16999999999999993,1.011165455545033,1.000013044617071,5.083666666666668,5.09,4.96,5.21,0.25,0.0024309195402298887,0.04930435619932471,5.083897782869624,-0.07149722111441235,1.049789691642788,0.25,1.0248042392896415,1.000045462501401,42.20433333333333,42.2,41.3,43.17,1.8700000000000045,0.39243229885057584,0.6264441705775351,42.20882731530614,0.10249068287263295,-1.6059590050849737,1.8700000000000045,1.0227718405326394,1.0001064815296883
4,0,61.596333333333334,61.585,60.75,62.43,1.6799999999999997,0.1719826436781609,0.4147079016345853,61.59768282979483,-0.13040132260076612,-0.28008265639838115,1.6799999999999997,1.0135121506519167,1.0000219087141793,0.18,0.18,0.13,0.23,0.1,0.0004413793103448276,0.02100902925755561,0.18118130882258981,0.09562215116179719,0.7039620535714297,0.1,1.2694466194921505,1.0065628267921656,7.874333333333334,7.875,7.79,7.97,0.17999999999999972,0.0016460919540229827,0.040572058784623964,7.8744343712210005,-0.058649293393372375,0.3234597723289778,0.17999999999999972,1.0121361896326506,1.0000128312942047,5.081666666666666,5.08,4.96,5.17,0.20999999999999996,0.0019247126436781614,0.04387154708553326,5.081849728855298,-0.27224624234619615,1.2815330035596135,0.20999999999999996,1.0173460995204513,1.0000360240449915,42.40866666666667,42.525000000000006,41.23,43.39,2.1600000000000037,0.37293609195402433,0.6106849367341758,42.41291682180481,-0.3347207049108367,-0.9053757220398131,2.1600000000000037,1.0230373964210089,1.0001002190229544
5,0,61.726,61.78,60.75,62.51,1.759999999999998,0.20170758620689627,0.4491186771966807,61.72757941147538,-0.2852135451515678,-0.4913545500082992,1.759999999999998,1.0126753810206781,1.0000255874586945,0.18166666666666664,0.18,0.14,0.23,0.09,0.0005729885057471262,0.023937178316316362,0.18318478830587073,0.4034537376600856,-0.2165019201464511,0.09,1.255562768759817,1.0083566328763527,7.887666666666666,7.89,7.81,7.97,0.16000000000000014,0.001411609195402297,0.03757138798876476,7.887753165509174,0.06961826497025934,0.07270294114663756,0.16000000000000014,1.0104271562211742,1.0000109663410186,5.105666666666666,5.1,5.05,5.19,0.14000000000000057,0.0015495402298850611,0.03936419985068998,5.105813353423723,0.5073490221792526,-0.8979560108957338,0.14000000000000057,1.0164883909279265,1.000028730186797,42.382333333333335,42.435,41.23,43.6,2.3700000000000045,0.362652988505748,0.6022067655761998,42.38646887077683,0.014458459709341906,-0.5891190895029692,2.3700000000000045,1.0286301539513198,1.0000975769175087
6,0,61.731666666666676,61.78,61.12,62.51,1.3900000000000006,0.11935229885057465,0.3454740205146758,61.73260113856643,0.14749679599002366,-0.24494509294448719,1.3900000000000006,1.012593003487551,1.000015137642481,0.1816666666666667,0.185,0.14,0.23,0.09,0.0006488505747126437,0.02547254550908966,0.18338484124921559,0.08221170768029439,-0.6520386076213951,0.09,1.2541930861528274,1.0094578417388012,7.880999999999999,7.88,7.78,7.97,0.1899999999999995,0.001995517241379314,0.0446712126696748,7.881122381996107,-0.09559091708019914,-0.1095327410006739,0.1899999999999995,1.0112772792625233,1.0000155287395138,5.103000000000001,5.11,5.02,5.19,0.17000000000000082,0.001380344827586215,0.03715299217541186,5.103130738412776,0.06189821220115088,0.0822156283271025,0.17000000000000082,1.017022738793136,1.0000256199123605,42.41933333333332,42.445,41.47,43.6,2.1300000000000026,0.33650298850574734,0.5800887764004293,42.423167334213346,0.11678891350678289,-0.5732376947088103,2.1300000000000026,1.0277403301011323,1.0000903833365296
7,0,61.48533333333333,61.54,60.85,62.17,1.3200000000000003,0.13610850574712632,0.36892886271898856,61.48640326663015,-0.24932978507579,-0.9283597217463435,1.3200000000000003,1.0111178520299113,1.000017401439316,0.18566666666666667,0.185,0.14,0.23,0.09,0.0006736781609195402,0.02595531084228313,0.18741220166609576,0.05793203367631707,-0.6871825145489208,0.09,1.2272413319693085,1.009401445239295,7.857666666666668,7.845,7.78,7.97,0.1899999999999995,0.0017702298850574714,0.042074099931638125,7.857775554612556,0.8446338738542101,0.7794530843906777,0.1899999999999995,1.0142819611743132,1.0000138575420041,5.081999999999999,5.08,5.02,5.14,0.1200000000000001,0.0012855172413793144,0.0358541105227743,5.082122260106172,-0.0784909836325928,-1.118785354219802,0.1200000000000001,1.011388498137512,1.000024057478586,42.484666666666655,42.474999999999994,40.79,43.55,2.759999999999998,0.3833016091954024,0.6191135672842281,42.48902713250407,-0.4951764377457833,0.4875688886685272,2.759999999999998,1.0249705144857102,1.0001026362257148
8,0,61.49766666666667,61.515,60.85,62.4,1.5499999999999972,0.18539091954022993,0.4305704582762616,61.49912370649411,0.010303661924100932,-1.0903936422946523,1.5499999999999972,1.0146486037395481,1.0000236926034176,0.19266666666666668,0.19,0.14,0.25,0.10999999999999999,0.0007029885057471265,0.026513930409260835,0.1944222209522358,0.1790656536704967,-0.48541444251952415,0.10999999999999999,1.2858612496840993,1.009111873454511,7.868333333333333,7.86,7.8,8.0,0.20000000000000018,0.002076436781609198,0.04556793589366538,7.868460882959682,1.0715351757910263,1.0171963799442718,0.20000000000000018,1.0167172613547824,1.0000162105011245,5.084000000000001,5.07,5.02,5.18,0.16000000000000014,0.0017696551724137905,0.04206726960968338,5.084168237447171,0.6701055583554382,-0.3659997091519842,0.16000000000000014,1.01884905417704,1.0000330915513709,42.443999999999996,42.394999999999996,40.79,43.49,2.700000000000003,0.33116965517241437,0.5754734183021961,42.447771044739994,-0.34541663417648205,1.0924275655369353,2.700000000000003,1.0245532080862738,1.0000888475341627
9,0,61.73799999999999,61.77,60.98,62.48,1.5,0.14194068965517254,0.3767501687526796,61.73911121269348,-0.24816957557147026,-0.058785846804692454,1.5,1.0120003150799195,1.0000179988450142,0.20899999999999996,0.20500000000000002,0.15,0.3,0.15,0.0015127586206896554,0.03889419777665629,0.21246960566945414,0.46883715677841564,-0.37828499113522174,0.15,1.4119666625009872,1.016600984064374,7.8950000000000005,7.9,7.82,8.0,0.17999999999999972,0.0019844827586206863,0.04454753369851901,7.895121489460015,0.3836515097486547,0.10153314071259922,0.17999999999999972,1.0132839641137883,1.0000153881519969,5.0906666666666665,5.085,5.02,5.18,0.16000000000000014,0.001902988505747131,0.0436232564780202,5.090847342699117,0.3309487474775577,-0.7590202763698106,0.16000000000000014,1.0175123415218368,1.0000354916250231,42.333666666666666,42.235,40.32,44.11,3.789999999999999,0.5434860919540231,0.7372150920552448,42.3398713192817,-0.01304034043677869,1.2611213545530973,3.789999999999999,1.0418076065316755,1.000146565443147
10,0,61.87899999999999,61.864999999999995,61.18,62.81,1.6300000000000026,0.17716793103448286,0.420913210810118,61.88038383311252,0.25876455488915356,-0.5045584049860077,1.6300000000000026,1.0150227925119955,1.000022363533873,0.28,0.29000000000000004,0.15,0.4,0.25,0.0048551724137931036,0.06967906725691084,0.2882591426708498,-0.25554894803641853,-0.9694366555162008,0.25,1.3876402888519728,1.0294969381101777,7.917,7.91,7.82,8.03,0.20999999999999908,0.0032010344827586054,0.05657768537823552,7.9171954209387385,0.4502846318873368,-0.3613350515244709,0.20999999999999908,1.0142480478330653,1.0000246837108424,5.113666666666668,5.12,5.02,5.22,0.20000000000000018,0.0026447126436781737,0.05142676971848586,5.113916633396886,-0.06849250725094694,-0.5889462570387689,0.20000000000000018,1.020744054744719,1.0000488820931266,42.73466666666666,42.775,40.32,44.11,3.789999999999999,0.8205774712643671,0.9058573128613397,42.74394647198595,-0.46624820911826453,0.14987924031945177,3.789999999999999,1.031958993980805,1.0002171493553857
11,0,61.83833333333333,61.825,60.96,62.81,1.8500000000000014,0.22091781609195443,0.47001895290717205,61.84006002045384,0.18320776627018112,-0.6891068008451011,1.8500000000000014,1.0156846545625173,1.0000279226011994,0.25433333333333336,0.275,0.09,0.4,0.31000000000000005,0.008611609195402298,0.09279875643241292,0.27020362691866295,-0.15265750615648513,-1.4332360484173443,0.31000000000000005,1.4803650290023995,1.0623995815936944,7.997333333333334,7.99,7.83,8.17,0.33999999999999986,0.00844091954022988,0.09187447708819833,7.997843459333272,0.058925314564413384,-0.9799357143435468,0.33999999999999986,1.0215253701253462,1.0000637870123297,5.150999999999999,5.155,5.04,5.24,0.20000000000000018,0.002630000000000006,0.0512835256198324,5.151246774649156,-0.2640198309178346,-0.12065361468450364,0.20000000000000018,1.0172294648720046,1.0000479081050586,43.03933333333334,42.96,41.6,44.87,3.269999999999996,0.4671443678160909,0.6834796030724625,43.04457906248668,0.5257312888168206,0.5891671225277579,3.269999999999996,1.0424076847136408,1.0001218822120854
12,1,62.38366666666668,62.095,60.96,66.2,5.240000000000002,1.7260929885057463,1.3138085813792457,62.39703857823168,2.012487600279575,3.4775238008634,5.240000000000002,1.0609477870812776,1.000214349561023,0.34600000000000003,0.215,0.09,1.1,1.01,0.07838344827586206,0.2799704417895969,0.4421387414224936,1.7426319925218028,2.337656273236173,1.01,2.4879068422300397,1.2778576341690566,8.407333333333334,8.135000000000002,7.91,10.6,2.6899999999999995,0.5523719540229881,0.7432172993297371,8.439029170072429,2.585743911563581,5.511429874628231,2.6899999999999995,1.2560686527297575,1.003770022607933,5.307666666666667,5.215,5.04,6.15,1.1100000000000003,0.08494264367816096,0.29144921286248304,5.315396190940677,2.3855727573500762,4.832010324058829,1.1100000000000003,1.1570162936267638,1.0014562942172978,44.489333333333335,43.425,41.6,54.4,12.799999999999997,9.213378850574712,3.03535481460977,44.589315386835295,2.2572058113269793,4.6866773813512514,12.799999999999997,1.2200232169534777,1.002247326404126
13,1,63.728666666666655,62.91,61.56,68.1,6.539999999999992,3.8483360919540193,1.9617176381819121,63.757846680493635,1.000043848572467,-0.23684463049523297,6.539999999999992,1.0681038263614198,1.0004578789319352,0.6313333333333333,0.6,0.13,1.18,1.0499999999999998,0.08414988505747126,0.29008599596924917,0.6927673972313266,0.484698969442686,-0.6363949263286717,1.0499999999999998,1.7033134132984873,1.0973084433442344,9.020666666666665,8.61,8.09,11.08,2.99,1.0145512643678158,1.00724935560556,9.07486418631155,1.2031813070113953,-0.24481341602667595,2.99,1.2209549115581235,1.0060081501343083,5.576000000000001,5.405,5.14,6.52,1.38,0.18025241379310344,0.42456143700659327,5.5916026325195896,1.1720160474431471,-0.01861729122965894,1.38,1.1660342174676444,1.0027981765637712,47.15133333333335,46.435,42.81,55.64,12.829999999999998,13.14743264367816,3.625938863753519,47.285911432476375,1.043967059194564,-0.08626554968010902,12.829999999999998,1.1766718313012354,1.0028541737768397
14,1,64.55066666666667,64.03,62.14,68.99,6.849999999999994,4.04316505747126,2.010762307551855,64.58093340917272,0.9405095075303287,-0.11450921002032821,6.849999999999994,1.0682719551743276,1.0004688834998767,0.6933333333333334,0.6,0.41,1.24,0.8300000000000001,0.05654022988505747,0.23778189562087662,0.7316875471583937,1.416139563113018,0.5905501482509954,0.8300000000000001,1.6947124559051272,1.0553185776322986,9.331666666666669,8.95,8.34,11.89,3.5500000000000007,1.0013936781609198,1.000696596457148,9.383390467558444,1.568826886746442,1.1336756740193916,3.5500000000000007,1.2671326042657773,1.0055428256001189,5.733999999999999,5.59,5.14,6.7,1.5600000000000005,0.1720041379310345,0.4147338157554005,5.748480378905946,1.1466578288048246,0.32698013838129825,1.5600000000000005,1.1655254186107438,1.0025253538378003,48.40599999999999,47.125,44.19,57.27,13.080000000000005,11.450900689655176,3.3839179496044487,48.52020239034458,1.3131384769650896,0.9371585217981799,13.080000000000005,1.180333081450555,1.0023592610491383
15,1,64.81866666666664,64.565,62.47,68.99,6.519999999999996,2.756287816091954,1.6602071605953137,64.83921621981561,1.3864244246778494,1.7572588107483593,6.519999999999996,1.064016563156972,1.0003170314078604,0.8206666666666665,0.825,0.41,1.51,1.1,0.08533057471264369,0.29211397555174196,0.8694711036026443,0.5953880638587556,-0.6270126401760248,1.1,1.7366879632265304,1.05946925703003,9.575333333333333,9.295,8.65,11.89,3.24,0.7719705747126436,0.878618560418936,9.614221063958674,1.8566843199548837,2.513093627507377,3.24,1.2367096534291953,1.0040612404050693,5.863333333333333,5.77,5.33,6.73,1.4000000000000004,0.1211747126436782,0.3481015837994395,5.873313658688197,1.32527768706151,1.2906606181547842,1.4000000000000004,1.145860819138194,1.0017021589576232,49.39166666666667,48.835,44.41,57.27,12.860000000000007,9.729835057471268,3.1192683529108662,49.486788573651985,0.85931398815496,0.35698497627187553,12.860000000000007,1.1572785717295868,1.001925869552596
16,1,65.057,64.685,62.84,70.02,7.179999999999993,3.1764631034482766,1.7822634775611255,65.08059488050182,1.3952377770637177,1.4414181941692128,7.179999999999993,1.0758967420099292,1.0003626801190006,1.113,1.0550000000000002,0.59,1.78,1.19,0.07731827586206898,0.2780616404002339,1.146084639108299,0.8098120631630104,0.5690103563304296,1.19,1.5531139143308936,1.0297256416067377,10.004333333333335,9.685,9.19,12.22,3.030000000000001,0.8053288505747126,0.8974011647946043,10.043165337681144,1.7099972232328124,1.6456284214692953,3.030000000000001,1.2167478667459102,1.0038815184434553,6.072666666666666,5.965,5.64,7.2,1.5600000000000005,0.14524091954022994,0.3811048668545574,6.08421564377858,1.558144293454902,2.052129085508322,1.5600000000000005,1.1833900081043915,1.001901796648136,52.52033333333332,51.955,46.14,62.49,16.35,14.677265402298854,3.831091933417789,52.65523180716867,0.6928588884624594,0.5944423998906005,16.35,1.1867766574240473,1.0025684999556113
17,1,65.98766666666667,65.36000000000001,62.84,71.79,8.950000000000003,6.584280574712647,2.565985302902697,66.03587628453693,0.8377199907700806,-0.3555241994120819,8.950000000000003,1.0871363270878633,1.0007305852791217,1.3116666666666665,1.21,0.84,1.97,1.13,0.09996609195402299,0.31617414814311273,1.3479997527200565,0.7988000972204626,-0.5531675735769506,1.13,1.4614246004310034,1.0276999385413392,10.663,10.17,9.31,13.37,4.059999999999999,1.4870217241379304,1.219435002014429,10.730192138695996,1.1530775641763804,0.027183327860476503,4.059999999999999,1.2460168305639316,1.0063014291190093,6.355333333333332,6.22,5.78,7.46,1.6799999999999997,0.22864643678160917,0.4781698827630293,6.3726985388190664,0.9227706067152863,-0.34071498873570727,1.6799999999999997,1.170618687602697,1.0027323831142978,55.56200000000001,54.80500000000001,50.56,62.49,11.93,10.8477475862069,3.2935918973374494,55.65628446096632,0.7564579572135336,-0.2439463879429309,11.93,1.1227842570739053,1.0016969234542727
18,1,67.37833333333334,66.52000000000001,63.0,72.39,9.39,6.664448850574713,2.5815593835073236,67.42612330049336,0.36745679178166946,-1.0176375422963841,9.39,1.0736194883603862,1.0007092779651225,1.547,1.54,1.05,2.5,1.45,0.15600793103448277,0.3949783931235768,1.5949973876676622,0.7802179262527038,0.26641289862105966,1.45,1.5674006862517236,1.031026107089633,11.253000000000002,11.01,9.95,13.38,3.4300000000000015,1.2747872413793102,1.1290647640322986,11.307621471084593,0.7771897264349745,-0.7371903922706355,3.4300000000000015,1.1832727186893206,1.004853947488189,6.626333333333333,6.455,5.88,7.69,1.8100000000000005,0.22765160919540237,0.4771285038597069,6.642917782621328,0.6862855090298324,-0.5318927109669112,1.8100000000000005,1.1576238411557591,1.0025028093900088,57.91100000000001,56.265,52.83,67.05,14.219999999999999,16.53009206896551,4.065721592653081,58.0487985233114,0.834494896775072,-0.21991593112729202,14.219999999999999,1.1550626663370798,1.0023794878919616
19,1,68.12833333333334,67.89,63.78,72.73,8.950000000000003,5.1961867816091925,2.2795145934187815,68.16518747376355,0.2456374818350077,-0.39792346084843633,8.950000000000003,1.0669669180913413,1.0005409517395631,1.8233333333333333,1.815,1.13,2.5,1.37,0.14200919540229887,0.3768410744628283,1.860596678487845,0.16874373588406746,-0.7746792256101007,1.37,1.3436549838580893,1.0204369351852898,11.721000000000002,11.525,9.97,14.13,4.16,0.9716437931034485,0.9857199364441446,11.760998965507422,0.7746065392018853,0.49361933293061266,4.16,1.2014285556388848,1.003412589839384,6.843999999999999,6.77,6.22,8.02,1.7999999999999998,0.23128689655172419,0.48092296321939565,6.860314375692513,0.9453079483974656,0.2430054955332115,1.7999999999999998,1.1690426357743149,1.0023837486400518,60.43033333333332,59.745000000000005,52.83,74.02,21.189999999999998,21.125203333333324,4.596216197409922,60.59906118634733,0.778091741911123,1.2063914858170959,21.189999999999998,1.2214710682131218,1.002792105284002
20,1,69.37433333333334,69.12,63.78,75.37,11.590000000000003,6.594721954022985,2.568019071974152,69.42026378034971,0.42254840078156164,0.3865498064204185,11.590000000000003,1.0857060445416291,1.0006620668597375,2.0446666666666666,2.0549999999999997,1.37,2.87,1.5,0.12737057471264368,0.35689014375945394,2.0745569808194393,0.3191853285815896,0.025360766126452994,1.5,1.3834278964303814,1.0146186733710985,12.609000000000002,12.3,10.66,14.78,4.119999999999999,1.227133448275862,1.1077605554793246,12.655951564382665,0.42440813258758187,-0.7347979763368122,4.119999999999999,1.167830006681994,1.003723654880059,7.259333333333332,7.279999999999999,6.4,8.14,1.7400000000000002,0.2759512643678161,0.5253106360695698,7.2776832394199005,0.09647221310351714,-1.0802022766283945,1.7400000000000002,1.1184878116031929,1.0025277673918498,64.09633333333333,64.075,52.83,74.02,21.189999999999998,28.484072298850574,5.3370471516420555,64.31076542850349,0.01633165366081434,-0.6423339618105608,21.189999999999998,1.1509737056743727,1.0033454658639365
21,1,70.698,70.185,66.79,76.67,9.879999999999995,7.776154482758614,2.788575708629517,70.75114241716055,0.5288882034473232,-0.6548071503506248,9.879999999999995,1.0836574135855062,1.000751682044196,2.393666666666667,2.325,1.55,3.38,1.8299999999999998,0.22318264367816093,0.47242210329128437,2.4383156754885804,0.4519674510445977,-0.3078706169816683,1.8299999999999998,1.38620279317309,1.0186529768090433,13.391,13.205,11.93,16.45,4.52,1.2847403448275858,1.1334638701024333,13.437291269696683,0.865182089911942,0.314541499572639,4.52,1.2242050626004866,1.0034568941600093,7.653999999999999,7.6,6.84,8.74,1.9000000000000004,0.18739034482758624,0.43288606448762734,7.6658241566057335,0.6062711705519752,0.38595456999814326,1.9000000000000004,1.140125291351568,1.001544833630224,68.44766666666666,67.07,56.32,84.5,28.18,33.17204609195402,5.75951786974865,68.68150685106824,0.7722011421810342,1.4196559205270827,28.18,1.2303166292381038,1.003416335366702
22,1,71.52533333333332,71.64500000000001,67.01,78.12,11.11,10.322446436781602,3.212856429531454,71.59505341385908,0.19774550324253617,-1.030845463632224,11.11,1.09113683522831,1.000974760651598,2.7730000000000006,2.765,1.96,3.71,1.75,0.17176655172413793,0.41444728461426544,2.8027789780858567,0.36261854616104916,-0.2794499414994367,1.75,1.3236862517549368,1.0107389030241096,14.051333333333332,13.865,12.05,17.25,5.199999999999999,1.7201429885057464,1.3115422175842248,14.110378213688438,0.6792666054802852,-0.055198695637550976,5.199999999999999,1.2225044388438733,1.0042020838132875,7.855666666666666,7.859999999999999,7.06,9.12,2.0599999999999996,0.2965081609195402,0.5445256292586605,7.8738887046575226,0.671051916866006,-0.10952113386556928,2.0599999999999996,1.1582586879346393,1.0023196042760032,69.49966666666666,67.86,58.59,84.5,25.909999999999997,33.22551367816092,5.7641576729094535,69.73034965732879,0.668483863133748,0.33289941075100327,25.909999999999997,1.2118109319005672,1.003319195641161
23,0,61.852333333333334,61.870000000000005,61.27,62.38,1.1099999999999994,0.06974264367816088,0.2640883255241717,61.85287832160009,-0.18267106709838307,-0.17934037811580383,1.1099999999999994,1.0085221851060702,1.0000088111189567,0.18966666666666673,0.19,0.14,0.24,0.09999999999999998,0.0005964367816091952,0.024422055229017792,0.19118054294305162,-0.21737554381744031,-0.26986087285939275,0.09999999999999998,1.2553578743182594,1.007981772986212,7.932999999999999,7.93,7.81,8.01,0.20000000000000018,0.0016700000000000046,0.040865633483405155,7.933101747320107,-0.6505480087272311,1.5723837812511432,0.20000000000000018,1.0096933400237644,1.000012825831351,4.867333333333334,4.86,4.77,4.96,0.1900000000000004,0.0028754022988505767,0.053622777798717,4.867618856621103,0.21701190257706912,-0.8072051302306589,0.1900000000000004,1.0189787134325927,1.000058661132948,42.15533333333334,42.254999999999995,40.72,43.28,2.5600000000000023,0.44996367816092,0.6707933200032034,42.1604920907398,-0.4612191826042466,-0.5937757117731053,2.5600000000000023,1.0265534829823795,1.0001223749641752
24,0,61.909666666666666,61.965,61.43,62.43,1.0,0.05749988505747135,0.23979133649377607,61.910115570882276,-0.10233672203533035,-0.3487834921649613,1.0,1.0083974068586983,1.000007250955138,0.18866666666666668,0.19,0.14,0.23,0.09,0.0005498850574712642,0.023449628088122513,0.19007016248392766,-0.01759879258618428,-0.5656324054380981,0.09,1.2100794622062199,1.007439023766401,7.929333333333332,7.9350000000000005,7.77,8.0,0.23000000000000043,0.0026202298850574795,0.05118818110714112,7.9294930481084345,-0.9519893716223353,1.7843278123779438,0.23000000000000043,1.0088917351290678,1.0000201422702752,4.87,4.865,4.77,4.99,0.22000000000000064,0.0029517241379310418,0.05432977211374112,4.870292941223694,0.24881429658386942,-0.5111276787187315,0.22000000000000064,1.0245790263996377,1.0000601522019905,42.24733333333333,42.364999999999995,40.72,43.59,2.8700000000000045,0.421765057471265,0.6494344135255422,42.25215828806855,-0.6066106420243637,0.3252682279619359,2.8700000000000045,1.03166327511154,1.0001142073204279
25,0,62.03666666666666,62.02,61.56,62.76,1.1999999999999957,0.07741609195402298,0.2782374740289722,62.03726981957431,0.4071262881755768,0.010030972519319281,1.1999999999999957,1.0116499353135242,1.000009722522825,0.18966666666666668,0.19,0.16,0.23,0.07,0.00038264367816091957,0.019561280074701645,0.19063927542175915,0.1979218384305677,-0.8121086958598269,0.07,1.2064670277998146,1.0051279899214014,7.926333333333333,7.93,7.77,8.01,0.2400000000000002,0.0029481609195402348,0.05429696970863323,7.926513104764288,-0.6409488366044799,0.8809664748603909,0.2400000000000002,1.0105326130332808,1.0000226802764147,4.8726666666666665,4.88,4.79,4.99,0.20000000000000018,0.003378850574712652,0.05812788121644081,4.873001812709151,0.03001064190522092,-1.1548663391899896,0.20000000000000018,1.024009469273274,1.0000687808268884,42.34633333333334,42.31,40.92,43.59,2.6700000000000017,0.3198791954022991,0.5655786376820637,42.34998421880855,-0.14619705710295933,0.6011378281090733,2.6700000000000017,1.0292801946462293,1.0000862149137322
26,0,62.037,62.09,61.12,62.76,1.6400000000000006,0.12324931034482794,0.35106881140999685,62.03796023403735,-0.6553164751079411,0.8744065862138442,1.6400000000000006,1.0116386767591772,1.0000154784086488,0.19433333333333336,0.2,0.16,0.24,0.07999999999999999,0.0004047126436781608,0.020117471105438694,0.19533731509024757,0.22680917969284523,-0.2940732457840065,0.07999999999999999,1.228643896784994,1.0051662869137952,7.938333333333333,7.93,7.85,8.03,0.17999999999999972,0.0026626436781609043,0.051600810828521915,7.938495449390898,0.2106108053033876,-0.7667525421469019,0.17999999999999972,1.0115266867874972,1.0000204219262103,4.871333333333333,4.87,4.79,4.98,0.1900000000000004,0.0029016091954023075,0.053866587003469114,4.871621222276351,0.27877042318940387,-0.5898453548490354,0.1900000000000004,1.0222469631317124,1.000059098592381,42.266,42.195,40.92,43.26,2.3399999999999963,0.36436275862068945,0.6036246835747271,42.27016646919353,-0.32000242493095005,-0.048876035929894535,2.3399999999999963,1.023416835406311,1.0000985773244104
27,0,61.981999999999985,61.974999999999994,61.12,62.87,1.75,0.1387682758620693,0.3725161417469977,61.98308210041404,0.025059223710764255,0.5894403026661363,1.75,1.0143090319088865,1.0000174583010237,0.19133333333333333,0.19,0.14,0.24,0.09999999999999998,0.0005222988505747126,0.02285385854893463,0.19264821134215945,0.010344796287253167,-0.10597143601043113,0.09999999999999998,1.24579407370536,1.0068721847151192,7.957666666666666,7.955,7.85,8.05,0.20000000000000107,0.003459885057471249,0.05882078763049037,7.957876810640721,-0.12639955665583116,-1.2093476360936821,0.20000000000000107,1.011576352782453,1.0000264077377021,4.864000000000001,4.87,4.76,4.98,0.22000000000000064,0.0029558620689655274,0.05436784039269472,4.864293713719736,0.13689165836492495,0.0003410446493252728,0.22000000000000064,1.023786862613562,1.000060385221985,42.35633333333332,42.425,40.92,43.26,2.3399999999999963,0.3375067816091953,0.5809533385816759,42.360184489683235,-0.5874349117219019,-0.26511130802495364,2.3399999999999963,1.0212420111280656,1.0000909227982415
28,0,62.10633333333333,62.06,61.57,62.89,1.3200000000000003,0.11881712643678186,0.344698602313357,62.10725800312445,0.5659121835147315,-0.12747210629106442,1.3200000000000003,1.012603068015596,1.0000148884943207,0.18333333333333332,0.19,0.12,0.22,0.1,0.0006022988505747125,0.024541777657185154,0.18491439460824388,-0.6543045654219782,0.31362329035104564,0.1,1.189739719647504,1.0086239705904212,7.975666666666667,7.995,7.85,8.05,0.20000000000000107,0.0029012643678160764,0.053863386152525505,7.975842484235338,-0.6318992547032257,-0.6102609972343291,0.20000000000000107,1.0092977658361784,1.0000220442473362,4.867666666666667,4.875,4.76,5.04,0.28000000000000025,0.0043426436781609295,0.06589873806197603,4.8680978489207325,0.6590591353073958,1.3363312273608408,0.28000000000000025,1.0353119753164737,1.0000885808917481,42.303666666666665,42.37,41.29,43.38,2.0900000000000034,0.3509481609195411,0.592408778563874,42.3076761750552,-0.16824529856310597,-1.1159051335886032,2.0900000000000034,1.0253458455271303,1.0000947792166606
29,0,62.07899999999999,62.08,61.33,62.89,1.5600000000000023,0.11871275862068965,0.34454717909263116,62.07992426434384,-0.035466986459341016,0.4435218146145705,1.5600000000000023,1.0130489163003287,1.0000148885185625,0.17833333333333332,0.18,0.12,0.22,0.1,0.0007040229885057471,0.02653343152526162,0.18023133282904316,-0.17558573695393456,-0.602258582733386,0.1,1.2206534598991123,1.0106429878264103,7.960333333333335,7.95,7.85,8.05,0.20000000000000107,0.003582643678160916,0.0598551892333565,7.960550860336237,-0.4549999952228145,-0.8045660375994679,0.20000000000000107,1.0112365514941242,1.0000273263686073,4.891000000000001,4.88,4.76,5.04,0.28000000000000025,0.00322310344827587,0.056772382795474335,4.891318499818497,0.7483846875360334,1.8585049470595498,0.28000000000000025,1.0303970187561944,1.0000651195703325,42.25199999999999,42.165,41.34,43.69,2.3499999999999943,0.31018896551724195,0.5569461064746228,42.255548195868116,0.5322596431145833,0.37828600805884394,2.3499999999999943,1.0339470641223902,1.0000839769920506
30,0,61.83333333333332,61.89,60.71,62.59,1.8800000000000026,0.20145057471264363,0.44883245728516963,61.834907994325235,-0.6098020849339656,0.14812895111424895,1.8800000000000026,1.0122114195713539,1.0000254662155026,0.18433333333333335,0.185,0.14,0.23,0.09,0.0006667816091954022,0.025822114731280283,0.1860734621952667,-0.0661288736246072,-0.7063586238119424,0.09,1.2360709436289015,1.0094401204083183,7.935999999999999,7.9350000000000005,7.82,8.05,0.23000000000000043,0.003424827586206902,0.058522026504615354,7.936208582608364,0.057468193948744764,-0.5866605419006823,0.23000000000000043,1.0143382594102937,1.0000262830907718,4.869333333333333,4.86,4.75,5.0,0.25,0.0034822988505747166,0.05901100618168374,4.869678976414496,0.07910451918055993,0.31290011310237453,0.25,1.0267617278709116,1.0000709836557702,42.42833333333333,42.385,41.73,43.69,1.9600000000000009,0.20373850574712685,0.45137401979636227,42.43065420974165,0.7728150335405463,0.7366387213603383,1.9600000000000009,1.0296800936425161,1.0000547010977332
31,0,61.94133333333333,62.155,60.71,62.47,1.759999999999998,0.21156367816091928,0.459960518045755,61.94298416016674,-1.1018521833431543,0.5601603968172313,1.759999999999998,1.0085080795989834,1.0000266514578322,0.2256666666666667,0.2,0.14,0.36,0.21999999999999997,0.0038116091954022986,0.06173823122994616,0.2336878259559107,1.1179133753098505,0.29191368482655555,0.21999999999999997,1.540516706539605,1.0355442804545525,7.955333333333333,7.970000000000001,7.82,8.08,0.2599999999999998,0.00413609195402299,0.06431245566780194,7.955584621300101,-0.07912695852486383,-0.5027681063767018,0.2599999999999998,1.0156387474487785,1.000031587358598,4.865999999999999,4.86,4.75,5.0,0.25,0.003914482758620693,0.06256582740298966,4.866388804853143,-0.07751425148962968,-0.22507864590809046,0.25,1.0274559227601399,1.0000799023537081,42.68033333333334,42.595,41.67,44.46,2.789999999999999,0.4294171264367821,0.6552992647918827,42.68519598955435,0.6790669351716575,0.6104135778965305,2.789999999999999,1.041578912063095,1.0001139320113326
32,0,62.41566666666667,62.355000000000004,61.67,63.45,1.7800000000000011,0.2127426436781611,0.46124033179911866,62.41731407763928,0.43763558438328715,-0.197000249210038,1.7800000000000011,1.016544863194148,1.0000263941901224,0.3013333333333333,0.31,0.17,0.41,0.23999999999999996,0.00549471264367816,0.07412632895050288,0.31002150463045836,-0.3649616202678134,-1.0746235414637586,0.23999999999999996,1.3224889044026629,1.0288324268709903,8.063,8.065000000000001,7.85,8.26,0.41000000000000014,0.011828620689655185,0.1087594625292677,8.063709030795527,0.0528687428203345,-0.7373019901237949,0.41000000000000014,1.024342516384809,1.0000879363506792,4.911333333333332,4.925,4.76,5.02,0.2599999999999998,0.003701609195402303,0.06084085136980171,4.911697601983792,-0.5147036730329857,0.20587878227817136,0.2599999999999998,1.0220498912580582,1.000074168993578,43.17433333333334,43.195,41.67,44.56,2.8900000000000006,0.5923564367816102,0.7696469559360384,43.1809642087807,-0.07862338652590971,-0.5539749137837591,2.8900000000000006,1.0319361972685843,1.0001535837368043
33,1,62.532666666666664,62.61,61.32,63.88,2.5600000000000023,0.335737471264368,0.5794285730479366,62.53526162627503,0.077702243133326,-0.11289637326304014,2.5600000000000023,1.0215036819028829,1.000041497664288,0.3153333333333333,0.325,0.19,0.44,0.25,0.005467126436781609,0.0739400191829946,0.3236046971228941,-0.18089963301085304,-1.2674174918655718,0.25,1.3596836013566977,1.0262305405588608,8.306000000000001,8.25,8.04,8.78,0.7400000000000002,0.04181793103448274,0.20449433007905804,8.308433065265676,0.6890071329708014,-0.6085559089492119,0.7400000000000002,1.0567576257797346,1.000292928637813,5.007666666666666,4.985,4.83,5.25,0.41999999999999993,0.009170229885057463,0.09576131726880882,5.008551686865175,0.5210611816724205,0.0001596543845474585,0.41999999999999993,1.0482072120305792,1.0001767330490265,44.05633333333334,43.95,42.4,47.43,5.030000000000001,1.1528654022988507,1.0737156990092167,44.068979377032704,1.2253195775920682,2.4028000942418775,5.030000000000001,1.0762672671452642,1.000287042582588
34,1,63.288000000000004,62.935,61.32,66.81,5.490000000000002,1.8194786206896547,1.3488805064532792,63.30189391584847,1.0672890822991608,0.7128860406866786,5.490000000000002,1.0554186591765342,1.0002195347593297,0.5603333333333332,0.5,0.19,1.11,0.9200000000000002,0.09196195402298853,0.3032522943408483,0.6347204108897082,0.23302591244009044,-1.537922422430269,0.9200000000000002,1.7488014895315516,1.1327550462041196,8.924666666666667,8.66,8.2,10.97,2.7700000000000014,0.4774050574712646,0.6909450466363187,8.950484158226674,1.573683789829462,2.024551090161,2.7700000000000014,1.225632022365754,1.0028928241831636,5.252666666666667,5.155,4.94,5.93,0.9899999999999993,0.06783402298850569,0.260449655381814,5.2589048289544085,1.2847068132764834,1.0984009987500354,0.9899999999999993,1.1276112028783416,1.0011876181535235,47.06399999999999,46.945,43.04,53.53,10.490000000000002,8.985645517241378,2.997606631504771,47.1561896255412,0.6511710936974309,-0.43432522947932695,10.490000000000002,1.1351638125360017,1.0019588140732028
35,1,64.66566666666667,64.535,62.56,67.2,4.640000000000001,1.6196529885057493,1.2726558798456673,64.67777137471575,0.32007407734643223,-0.6062100042497915,4.640000000000001,1.0389968388160984,1.0001871891016214,0.8670000000000001,0.87,0.56,1.39,0.8299999999999998,0.02402862068965517,0.15501167920403666,0.8802935116577122,0.9529994768694855,3.8503344178757004,0.8299999999999998,1.5790187949726464,1.0153327700780992,9.629333333333333,9.515,8.63,11.35,2.719999999999999,0.43208919540229873,0.6573349187456108,9.65099718509267,0.6721734119382277,0.34010784861905563,2.719999999999999,1.176044276288017,1.0022497769066052,5.5566666666666675,5.529999999999999,5.13,6.24,1.1100000000000003,0.07197471264367815,0.26828103295551503,5.562923691729018,0.47922968383292097,-0.06746814471581564,1.1100000000000003,1.1217123127677742,1.0011260393033623,50.362,50.185,46.89,59.06,12.170000000000002,5.848837241379312,2.418436941782711,50.41810111457987,1.5392108898250139,4.655053831633266,12.170000000000002,1.1714046878874038,1.0011139572411714
36,1,65.237,65.06,63.47,68.05,4.579999999999998,1.4352217241379321,1.1980073973636107,65.24763252410007,0.8346961947756684,0.0727410402845785,4.579999999999998,1.0429497189015224,1.000162983032636,1.0406666666666664,0.97,0.7,1.81,1.11,0.06297195402298851,0.25094213281748545,1.0695139082779614,1.3704317211299561,1.902995277367996,1.11,1.6923576084338212,1.0277199631114302,10.219333333333335,10.129999999999999,9.33,12.15,2.8200000000000003,0.496496091954023,0.7046247880638482,10.2427886827758,1.3908339912291736,2.16399570514752,2.8200000000000003,1.1862003968149175,1.0022951936958509,5.792666666666667,5.755,5.39,6.65,1.2600000000000007,0.07482712643678162,0.27354547416614594,5.798906793525829,1.3942948173116188,2.6914774055204553,1.2600000000000007,1.1467678713898923,1.0010772459763773,53.338999999999984,52.25,48.88,62.64,13.759999999999998,12.64053344827586,3.5553527881598277,53.453419940480266,0.992786948946503,0.5289269392213694,13.759999999999998,1.1718614088630601,1.0021451459622468
37,1,65.89966666666666,66.015,63.47,69.26,5.790000000000006,2.056327471264372,1.4339900527076093,65.91474683255638,0.3254215865462135,-0.49473168906380316,5.790000000000006,1.0507512101342298,1.0002288352377562,1.473,1.495,0.9,2.26,1.3599999999999999,0.1519389655172414,0.3897934908605343,1.5220392022984601,0.2887228893410184,-0.830686603261777,1.3599999999999999,1.4848500594381084,1.0332920585868703,11.045,10.92,9.64,12.83,3.1899999999999995,0.7072948275862071,0.841008220879087,11.075908239658423,0.526486099699349,-0.5992353863936377,3.1899999999999995,1.1583700155677412,1.002798392001668,6.095666666666667,5.985,5.64,6.77,1.13,0.12834954022988507,0.3582590406812996,6.105835187206852,0.5784598235913869,-0.9233031193106358,1.13,1.108775424234301,1.0016681556089329,58.357,58.515,50.01,68.51,18.500000000000007,19.487352758620695,4.414448182799374,58.518178571562984,0.37716819780947547,0.09394897415246062,18.500000000000007,1.1707473074579353,1.0027619406680086
38,1,67.18833333333333,67.215,64.66,72.52,7.859999999999999,2.563372988505745,1.6010537119365311,67.20677096344782,1.073362373154393,3.1620185189972085,7.859999999999999,1.079057942531444,1.0002744171376154,1.823666666666667,1.795,1.42,2.26,0.8399999999999999,0.05634816091954022,0.23737767569748472,1.83854018177466,0.20312900217256427,-1.12759593758672,0.8399999999999999,1.2292361202671804,1.0081558298892304,11.950333333333337,12.14,10.66,13.74,3.08,0.5447343678160921,0.7380612222682426,11.972344938788448,0.16049703767028492,-0.2643190220572209,3.08,1.1476448490457904,1.0018419239732597,6.482333333333334,6.465,5.7,7.33,1.63,0.14026678160919537,0.3745220709239916,6.492783429829357,0.08497012961573118,-0.17523200469247469,1.63,1.1289457101440155,1.0016120887277251,62.20499999999999,61.56,58.06,70.45,12.39,9.705467241379312,3.115359889543953,62.28036590023109,0.9123218957467271,0.4473292336441905,12.39,1.1311751140456707,1.0012115730283915
39,1,68.82833333333335,68.09,65.41,72.93,7.52000000000001,4.093690229885061,2.0232869865357856,68.85707446104091,0.6392809560088573,-0.6286082257001673,7.52000000000001,1.0591504296521275,1.000417576981973,2.1439999999999997,2.085,1.53,2.85,1.32,0.13550068965517242,0.36810418315359095,2.1743320813528,0.4147412880867991,-0.684003391307185,1.32,1.3107473437207535,1.0141474260041048,13.059333333333333,12.940000000000001,11.58,15.7,4.119999999999999,1.092302988505747,1.0451330003907382,13.099697706435824,1.0894672144647213,0.7485329352657693,4.119999999999999,1.1985009388641585,1.003090844844236,6.905333333333334,6.865,6.23,7.87,1.6399999999999997,0.19145333333333325,0.4375538062151137,6.918720980065607,0.5793984234441856,-0.19472124972506322,1.6399999999999997,1.1374934793114568,1.001938740113768,67.02966666666666,66.32,60.21,78.87,18.660000000000004,27.686844712643683,5.26182902731015,67.22901280945105,0.6817553123474247,-0.30400945677515123,18.660000000000004,1.1731542187528963,1.0029739987187423
40,1,70.43366666666665,70.44999999999999,66.84,75.0,8.159999999999997,4.483603333333337,2.1174520852508887,70.46442755036047,0.012834612082832294,-0.7213136959864896,8.159999999999997,1.0643668388052678,1.0004367355151251,2.7159999999999997,2.8049999999999997,1.91,3.36,1.45,0.16863862068965516,0.4106563291727709,2.7458465604132605,-0.33229741723107,-0.7605220920867444,1.45,1.223666336073166,1.0109891606823493,14.21533333333333,14.42,12.53,15.9,3.370000000000001,0.9771567816091955,0.988512408424495,14.248518753423694,0.05550023895227219,-1.1908524150826123,3.370000000000001,1.115905468852998,1.0023344806141512,7.343666666666667,7.324999999999999,6.44,7.99,1.5499999999999998,0.16963781609195402,0.41187111587480135,7.3548231340619825,-0.2710443023344841,-0.5993099798341985,1.5499999999999998,1.0863619497519061,1.0015191957780376,73.256,73.08,64.09,83.41,19.319999999999993,24.249562758620684,4.924384505562161,73.41582104696508,0.24990074715232286,-0.6709185754008953,19.319999999999993,1.1361311337326256,1.0021816785924031
41,1,72.306,72.325,66.84,76.49,9.649999999999991,4.8787075862069,2.2087796599495615,72.33860463127554,-0.4346923394254928,0.1384404749008441,9.649999999999991,1.0573883805180504,1.0004509256669647,3.1216666666666666,3.115,2.67,3.78,1.1099999999999999,0.07689022988505748,0.2772908759498903,3.1335491060457317,0.46252929117616176,-0.38563409845723884,1.1099999999999999,1.206299908530884,1.003806440804826,15.368,15.47,13.28,18.1,4.820000000000002,1.1076717241379312,1.052459844430148,15.402797581391937,0.462928042412057,1.1215512304897546,4.820000000000002,1.1751112032963769,1.0022642882217554,7.8100000000000005,7.76,7.19,8.71,1.5200000000000005,0.1749862068965518,0.41831352703032665,7.82082178120262,0.7224115970528135,0.10495541588708024,1.5200000000000005,1.1136937068345585,1.0013856313959821,77.81533333333336,76.30000000000001,67.43,95.3,27.86999999999999,34.248060229885056,5.85218422726806,78.0277678778523,0.9346531264179863,1.5028582055911022,27.86999999999999,1.2213600695227669,1.0027299830948349
42,1,74.38333333333331,74.55000000000001,70.64,76.77,6.1299999999999955,2.2849126436781604,1.5115927506038656,74.39817892036515,-0.7554948073261165,0.3036493120852066,6.1299999999999955,1.0318800959116703,1.0001995821693728,3.5083333333333337,3.4800000000000004,2.83,4.36,1.5300000000000002,0.21219367816091955,0.46064485035753905,3.537445877088911,0.3068112814661113,-0.8590961688953285,1.5300000000000002,1.2325276913036471,1.0082981122343688,16.674666666666667,16.63,14.94,18.17,3.230000000000002,0.9425912643678163,0.9708713943503621,16.701966351301273,0.014646750388545147,-1.2480497596781,3.230000000000002,1.0878958571596185,1.0016371952243686,8.352,8.469999999999999,7.65,9.05,1.4000000000000004,0.17689931034482775,0.42059399703850714,8.36223096228911,-0.315160166717606,-1.2843755606812055,1.4000000000000004,1.0822470750703372,1.001224971538447,84.09366666666666,84.86000000000001,73.35,95.3,21.950000000000003,45.961741264367795,6.779508925015719,84.35742087490979,-0.124549578987892,-1.1670099400935392,21.950000000000003,1.1297168525495405,1.003136433678039
43,1,74.99533333333333,75.235,69.53,81.68,12.150000000000006,4.99942574712644,2.2359395669665227,75.0275469411069,0.15485666991401328,2.4892675586342783,12.150000000000006,1.0886668074609311,1.0004295414973408,4.213333333333333,4.3149999999999995,3.07,5.27,2.1999999999999997,0.31361609195402296,0.5600143676317805,4.249157563564807,-0.20204696244325085,-0.5292919141664258,2.1999999999999997,1.240245841949613,1.0085025862891157,17.874999999999996,17.880000000000003,16.14,20.32,4.18,0.806053448275862,0.8978047940815765,17.896782112994504,0.4939623748156969,0.7975249932879023,4.18,1.1353996417739278,1.0012185797479445,8.737333333333334,8.65,8.31,9.47,1.1600000000000001,0.10355126436781602,0.3217938227620537,8.743059723765665,0.7785443040862987,-0.2509966928126457,1.1600000000000001,1.083144837070979,1.0006553933807796,92.53966666666666,92.77,77.34,105.27,27.929999999999993,39.749148160919525,6.304692550863962,92.74704352880114,-0.023222313475818757,0.33714440783725097,27.929999999999993,1.135022702554503,1.002240951038666
44,1,76.23,75.63,69.53,81.76,12.230000000000004,11.806634482758636,3.4360783580644134,76.30482278336017,0.12455323885025024,-0.8848503482223373,12.230000000000004,1.071491905985128,1.0009815398578008,4.747333333333333,4.715,4.1,5.59,1.4900000000000002,0.1563305747126437,0.3953866142304816,4.763222998488873,0.2181083659425069,-0.8763831815749357,1.4900000000000002,1.1735751195720674,1.003347071722133,19.441,19.475,17.25,21.57,4.32,1.6123817241379308,1.2697959379907982,19.48104506094749,0.12614748846508442,-1.0737243607017748,4.32,1.1072301271578142,1.0020598251606136,9.309333333333335,9.295,8.31,10.73,2.42,0.4122891954022989,0.6420974968042618,9.330714513547896,0.30359679552153074,-0.6448552240807692,2.42,1.1499655234784418,1.0022967466572503,98.709,97.65,90.68,108.37,17.689999999999998,25.739312758620688,5.073392628076472,98.83495341561438,0.2317663416095246,-1.0472883651732208,17.689999999999998,1.096474437988446,1.0012760074118305
45,1,79.52366666666667,79.995,73.36,86.63,13.269999999999996,10.87136195402299,3.2971748443209665,79.58971380356468,-0.3206857059692704,-0.25683776001524494,13.269999999999996,1.0884572372481631,1.0008305343511743,5.2283333333333335,5.23,4.23,6.87,2.6399999999999997,0.37135229885057464,0.6093868220191299,5.262551029047921,0.48205286663391134,0.39346065240622163,2.6399999999999997,1.305450524295038,1.006544666059532,21.241333333333337,21.354999999999997,19.39,24.04,4.649999999999999,1.3534740229885054,1.1633890247842746,21.272108499159177,0.31636725507355173,0.10799222191445068,4.649999999999999,1.1301183425681676,1.0014488339946883,10.147999999999998,10.175,9.1,11.91,2.8100000000000005,0.39581655172413815,0.629139532793909,10.166834643421064,0.548061111443563,0.8115363465881495,2.8100000000000005,1.171456054683346,1.0018559956071211,106.29633333333332,105.83,92.66,126.34,33.68000000000001,73.68510678160919,8.58400295792174,106.6308558376358,0.4448134530334697,-0.3087235510508206,33.68000000000001,1.1848352806281028,1.0031470747279068
46,0,62.72733333333334,62.69,62.1,63.4,1.2999999999999972,0.09024091954022963,0.30040126421210284,62.728028663429235,-0.02847281235409482,-0.1113946279513871,1.2999999999999972,1.0107124574275443,1.000011084961833,0.17633333333333337,0.18,0.14,0.21,0.06999999999999998,0.0002998850574712643,0.01731718965280638,0.17715341750396277,-0.24087483821638242,0.2599997183522298,0.06999999999999998,1.1854132026287467,1.004650760892038,8.161999999999999,8.165,8.06,8.28,0.21999999999999886,0.00205103448275862,0.045288348200818944,8.162121456255516,0.3018414579078439,0.60762881534608,0.21999999999999886,1.014442145265327,1.000014880697809,4.951666666666666,4.955,4.86,5.04,0.17999999999999972,0.0016626436781609153,0.040775527932338476,4.951828955042772,-0.17450903399775744,-0.06083817465165353,0.17999999999999972,1.017805753340377,1.0000327744953428,42.53466666666667,42.625,40.46,43.48,3.019999999999996,0.40056367816091937,0.6329010018643669,42.53921814044071,-1.3038689686293754,2.7692523441789474,3.019999999999996,1.0221156358928214,1.000107006217063
47,0,62.69166666666668,62.67,62.24,63.15,0.9099999999999966,0.04664195402298827,0.21596748371685093,62.69202626065508,-0.045605660029327144,-0.015599775069420563,0.9099999999999966,1.0073051353842162,1.0000057359136791,0.17433333333333337,0.17,0.14,0.21,0.06999999999999998,0.00034264367816091946,0.018510636892363253,0.175280727215896,0.11290279904259305,-0.062429379135061414,0.06999999999999998,1.1980780964089666,1.005434381735541,8.151,8.15,8.05,8.21,0.16000000000000014,0.0014920689655172402,0.0386273085461211,8.151088475371454,-0.48900729391847997,0.04976379327471747,0.16000000000000014,1.0072274426668963,1.0000108545419524,4.943333333333333,4.94,4.87,5.04,0.16999999999999993,0.0015471264367816098,0.03933352815069619,4.943484600967216,0.2648404397939404,0.12111753245462342,0.16999999999999993,1.0195237584059431,1.0000306003305226,42.31933333333333,42.42,40.46,43.36,2.8999999999999986,0.37505471264367796,0.6124171067529695,42.32361665390455,-0.9797135365324517,1.5579607767690415,2.8999999999999986,1.024487116839998,1.0001012142733319
48,0,62.687000000000005,62.66,62.24,63.03,0.7899999999999991,0.03641482758620689,0.19082669516136072,62.68728076731355,-0.17227354231537229,-0.3836814277356435,0.7899999999999991,1.0054671255235743,1.000004478876219,0.18066666666666664,0.17,0.14,0.25,0.10999999999999999,0.0006891954022988506,0.026252531350306973,0.1825011415489412,0.9883550406786811,0.9543639658879939,0.10999999999999999,1.3698544451731973,1.0101539200125897,8.142333333333335,8.15,8.05,8.24,0.1899999999999995,0.0016460919540229886,0.04057205878462404,8.142431045660338,0.031235039124054672,0.1766778505244737,0.1899999999999995,1.011982779318919,1.0000120005314206,4.937333333333333,4.93,4.86,5.04,0.17999999999999972,0.001723678160919538,0.041517203192406135,4.937502067510115,0.42564909795363265,0.3485659151297362,0.17999999999999972,1.0207590662420871,1.0000341751640796,42.228,42.260000000000005,41.23,43.36,2.1300000000000026,0.25835448275862105,0.5082858278160243,42.23095697076573,0.10448411926518235,-0.10374854563648173,2.1300000000000026,1.0267349619857264,1.0000700239359128
49,0,62.66833333333334,62.685,61.85,63.18,1.3299999999999983,0.07622126436781604,0.2760819884885938,62.66892119171459,-0.7878097931756262,1.6138071172418318,1.3299999999999983,1.0081552195022145,1.0000093804693693,0.1913333333333334,0.185,0.15,0.25,0.1,0.0006602298850574713,0.0256949388996641,0.1929939550003229,0.5212448493692289,-0.35180501503602724,0.1,1.295377360392359,1.0086792073187605,8.143333333333334,8.14,8.05,8.25,0.1999999999999993,0.0021885057471264418,0.04678146798815148,8.143463227235285,0.2981539449600473,0.2146340679128178,0.1999999999999993,1.0130824895737736,1.0000159509498916,4.925333333333335,4.93,4.86,5.01,0.14999999999999947,0.001480919540229882,0.03848271742262859,4.9254786569428965,0.18430973916655707,-0.16520170560416236,0.14999999999999947,1.0171600262520604,1.0000295053349135,42.38300000000001,42.379999999999995,41.23,43.4,2.1700000000000017,0.2725251724137936,0.5220394356883334,42.386107747704315,0.08172838164906254,-0.20619119571594302,2.1700000000000017,1.0239203905753909,1.0000733253357315
50,0,62.696333333333335,62.69,61.85,63.43,1.5799999999999983,0.13412057471264321,0.3662247598301393,62.69736727593379,-0.23733783861658797,-0.15628433753678328,1.5799999999999983,1.0116852230946454,1.000016491277009,0.18733333333333338,0.19,0.15,0.23,0.08000000000000002,0.0004409195402298852,0.02099808420380024,0.18846750383023594,-0.052426168410378254,-0.5852576677596435,0.08000000000000002,1.2203695349367756,1.0060542909087324,8.152,8.14,8.05,8.25,0.1999999999999993,0.0024855172413793163,0.049854962053734596,8.152147365367401,0.21087807716376372,-0.22303297588590532,0.1999999999999993,1.0120032956038434,1.0000180772040483,4.937333333333332,4.9350000000000005,4.86,5.02,0.15999999999999925,0.0020478160919540204,0.04525280203428314,4.937533797352683,0.1768810259329985,-0.756701338401863,0.15999999999999925,1.016701901400965,1.0000406016782373,42.467,42.42,41.64,43.4,1.759999999999998,0.23784931034482804,0.4876979704128653,42.4697069686147,0.19015740794126498,-0.8614374580127908,1.759999999999998,1.0219048610830488,1.000063742873636
51,0,62.73866666666666,62.74,62.09,63.46,1.3699999999999974,0.12303264367816083,0.35076009419282694,62.739614492493224,0.2437013124576795,-0.5086373142050133,1.3699999999999974,1.0114821474969848,1.000015107522632,0.1806666666666667,0.18,0.15,0.21,0.06,0.0002754022988505748,0.016595249285580944,0.18140194780284655,-0.2585368900702005,-0.907806237201918,0.06,1.1576501936364803,1.0040698217869732,8.168666666666665,8.175,8.08,8.26,0.17999999999999972,0.0018464367816092,0.04297018479840644,8.168775918092011,0.10070135102671657,-0.2608374971584704,0.17999999999999972,1.0111674114729905,1.0000133744501771,4.959,4.955,4.87,5.02,0.14999999999999947,0.0018575862068965436,0.04309972397703428,4.959181047982285,-0.1953671681822968,-1.0137218134694006,0.14999999999999947,1.0122639103975564,1.0000365089700112,42.32799999999999,42.36,41.36,43.13,1.7700000000000031,0.2508855172413796,0.5008847344862684,42.33086470492502,-0.4342647570887297,-0.7932235297757613,1.7700000000000031,1.0188783125656775,1.0000676787215326
52,0,62.783666666666676,62.769999999999996,62.09,63.52,1.4299999999999997,0.1317688505747126,0.36299979417998657,62.78468106685473,0.24248727301608605,-0.581846900198995,1.4299999999999997,1.0117117570823093,1.0000161570714472,0.182,0.18,0.15,0.21,0.06,0.00025103448275862075,0.015844067746592753,0.18266545011760343,-0.1850352569104163,-0.9920227600761362,0.06,1.1496426930478536,1.0036563193274914,8.169666666666664,8.17,8.08,8.26,0.17999999999999972,0.0017826436781609193,0.04222136518589752,8.169772130645178,0.13091451690325034,-0.3262542176463312,0.17999999999999972,1.0110441108897483,1.0000129092143923,4.948333333333333,4.945,4.87,5.02,0.14999999999999947,0.0014419540229885005,0.0379730697072083,4.948474175608747,0.1701850684566674,-0.6905379431518579,0.14999999999999947,1.01445411693645,1.0000284625682885,42.30266666666667,42.305,41.36,43.46,2.1000000000000014,0.25630988505747115,0.5062705650711595,42.30559505944023,-0.03941669730999166,-0.4095474580248535,2.1000000000000014,1.0272872876256156,1.0000692247795306
53,0,62.696999999999996,62.69,62.03,63.52,1.490000000000002,0.16019413793103435,0.4002425988460428,62.69823492996699,0.2262958732248801,-0.8828800086307966,1.490000000000002,1.013106669923817,1.0000196967951736,0.18366666666666662,0.18,0.14,0.21,0.06999999999999998,0.0003619540229885057,0.019025089303036286,0.18461672008063987,-0.37525331729478606,-0.5968960722530214,0.06999999999999998,1.137491771645996,1.0051727046132846,8.152666666666667,8.15,8.08,8.24,0.16000000000000014,0.0017098850574712703,0.04135075643166967,8.152768037094313,0.3640694258601253,-0.21921769778478728,0.16000000000000014,1.0106996743325445,1.0000124340208905,4.9479999999999995,4.95,4.88,5.01,0.1299999999999999,0.0012096551724137957,0.0347800973606141,4.948118160809555,-0.09947778020069427,-1.0143375024071326,0.1299999999999999,1.012506136106564,1.000023880519312,42.53,42.58,41.76,43.46,1.7000000000000028,0.2783862068965519,0.5276231675130953,42.5331636099017,0.24471571439153522,-1.0573667941360063,1.7000000000000028,1.0217909111722536,1.000074385372718
54,0,62.61866666666667,62.629999999999995,62.03,63.28,1.25,0.09188091954022987,0.3031186558762589,62.61937586189544,0.09708603549981983,-0.5896072701987953,1.25,1.010549835877661,1.000011325620083,0.19700000000000004,0.19,0.14,0.29,0.14999999999999997,0.0010217241379310343,0.031964419874776925,0.19949101901255273,1.195159932381354,2.046996934355004,0.14999999999999997,1.4536995271037845,1.012644766561181,8.136999999999999,8.13,8.06,8.26,0.1999999999999993,0.002263103448275857,0.04757208686063558,8.137134425992155,0.6034566106492404,0.2776632259506564,0.1999999999999993,1.015099366383254,1.0000165203382274,4.958333333333332,4.97,4.88,5.03,0.15000000000000036,0.0014695402298850614,0.03833458268828632,4.958476580563833,-0.11134580274683094,-0.7368568294923521,0.15000000000000036,1.0144244745889341,1.000028890197748,42.66266666666668,42.66,41.88,43.46,1.5799999999999983,0.22185471264367812,0.4710145567216348,42.66518002618373,0.015262849165210679,-1.1917460599234095,1.5799999999999983,1.0186292422375458,1.000058912386717
55,0,62.940999999999995,62.870000000000005,62.25,63.75,1.5,0.13685068965517252,0.369933358397391,62.94205088809865,0.2781099641319009,-0.5245425801569823,1.5,1.0128363963439602,1.0000166963997816,0.27566666666666667,0.295,0.17,0.4,0.23,0.005570229885057471,0.07463397272728735,0.2852659577774163,0.05558092485403476,-1.4204990176842383,0.23,1.4022002594228469,1.0348220959277497,8.185333333333334,8.19,8.06,8.35,0.28999999999999915,0.006225747126436768,0.07890340376965223,8.185700947383797,0.14054587780723923,-1.1074658577445426,0.28999999999999915,1.0200714701981282,1.0000449113109378,4.973666666666666,4.975,4.91,5.06,0.14999999999999947,0.001872298850574709,0.043270068760919586,4.973848610482631,0.4598053819675595,-0.7383372882947987,0.14999999999999947,1.0173208708716628,1.0000365814253667,42.920333333333346,42.975,41.95,44.0,2.049999999999997,0.4268998850574705,0.6533757609962819,42.925140457933665,0.08017127483826852,-1.2779085012678917,2.049999999999997,1.0250403267315966,1.0001120011012725
56,0,63.09100000000001,63.17,62.09,63.83,1.7399999999999949,0.19654724137931018,0.44333648775992957,63.09250570920977,-0.53462395828046,-0.2086861549772574,1.7399999999999949,1.0116890949646113,1.0000238656735472,0.27066666666666667,0.3,0.12,0.4,0.28,0.007406436781609195,0.08606065757132696,0.28358420266298334,-0.30509329026343524,-1.216447944289093,0.28,1.410515805336898,1.047724886685899,8.326,8.335,8.11,8.6,0.4900000000000002,0.014817931034482782,0.12172892439548944,8.326860152542494,0.3201126496259154,-0.04723174733771929,0.4900000000000002,1.0328022618914894,1.0001033092172105,5.040999999999999,5.035,4.92,5.2,0.28000000000000025,0.005167931034482749,0.07188832335284186,5.041495479187367,0.14294063798821743,-0.7723703708348295,0.28000000000000025,1.031439980749161,1.0000982898606168,43.43533333333333,43.620000000000005,41.95,45.15,3.1999999999999957,0.5516464367816087,0.7427290466796144,43.44147142995965,-0.06480826648875472,0.27266242120969686,3.1999999999999957,1.0393294359928622,1.000141315748154
57,1,63.367333333333335,63.230000000000004,62.09,67.24,5.1499999999999915,1.2167374712643668,1.1030582356631797,63.376613299649684,2.5734192202897423,7.477177117807461,5.1499999999999915,1.0609591850874693,1.000146447164938,0.33833333333333343,0.26,0.12,0.98,0.86,0.04652471264367816,0.2156958799877229,0.39930356038148884,1.6380114800140002,2.6399408367913013,0.86,2.4542731326104934,1.1802075676300159,8.703666666666667,8.515,8.33,10.74,2.41,0.341134367816092,0.5840670918790855,8.72259002055391,3.030122632388386,9.131007974352016,2.41,1.2312856588114613,1.0021741818261167,5.219666666666668,5.135,5.0,6.08,1.08,0.06287919540229886,0.25075724396774435,5.225485942315158,2.747880211212413,7.74184961876049,1.08,1.1635281516624363,1.0011148749566046,44.90866666666667,44.72,42.44,51.55,9.11,4.660005057471264,2.1587044859061333,44.95879239184848,1.8905467044919488,3.988800775187963,9.11,1.1466055304756488,1.0011161704165896
58,1,64.82866666666665,64.53,62.69,68.36,5.670000000000002,3.140184367816091,1.7720565362922513,64.85207424079306,0.6388616893572916,-0.8969833953546864,5.670000000000002,1.0540911882969566,1.0003610682639328,0.6446666666666668,0.61,0.2,1.17,0.97,0.08352919540229883,0.2890141785489059,0.7045140168939154,0.541991769827031,-0.518571319585829,0.97,1.660719264548255,1.092834566019517,9.418333333333335,9.15,8.48,11.35,2.869999999999999,0.7229660919540231,0.8502741275341871,9.455361970860768,0.9209628000255585,-0.41725436877997213,2.869999999999999,1.2003771019002833,1.0039315488438258,5.567666666666667,5.51,5.09,6.4,1.3100000000000005,0.14754954022988512,0.38412177786463125,5.580460853131517,0.7186706644763077,-0.5708316925303514,1.3100000000000005,1.1468586857676089,1.0022979440456534,48.198333333333316,47.894999999999996,43.43,57.42,13.990000000000002,10.711641954022985,3.2728644875739943,48.30563034816266,0.89083217928083,0.6523907598614098,13.990000000000002,1.1886813107736212,1.0022261561221897
59,1,66.17733333333334,65.815,63.98,69.37,5.390000000000008,2.2329305747126433,1.494299359135459,66.19363977503176,0.5074223371808328,-0.7636972267084681,5.390000000000008,1.0479858825676236,1.0002464052399374,0.7823333333333333,0.6799999999999999,0.48,1.19,0.71,0.05308057471264367,0.2303922192971014,0.8144671059451489,0.8293257148021809,-0.7650456621390074,0.71,1.4610780365636298,1.0410742726184263,10.044666666666666,9.745000000000001,9.02,11.9,2.880000000000001,0.5895774712643678,0.7678394827464707,10.072996244084147,0.8680310810693171,-0.26543516448980276,2.880000000000001,1.181376396024058,1.0028203601331533,5.893666666666669,5.785,5.36,6.66,1.2999999999999998,0.10883091954022991,0.32989531603257105,5.902585026918291,0.67361912527926,-0.4073295676766788,1.2999999999999998,1.1283191973732822,1.0015132108339384,50.73300000000001,50.510000000000005,46.44,57.79,11.350000000000001,8.509511379310343,2.9171066794531773,50.8140054512533,0.9136057380869694,0.35029233537104654,11.350000000000001,1.1372848781904996,1.001596701382794
60,1,66.43666666666667,66.08500000000001,63.55,69.37,5.820000000000007,2.9239057471264385,1.7099431999708172,66.45793496641316,0.3676946495345865,-0.7399428554068486,5.820000000000007,1.0438181691179325,1.000320128941044,0.9600000000000001,0.94,0.48,1.72,1.24,0.09842068965517242,0.3137207191996927,1.008335261706145,0.46658065068582144,-0.2972197199192994,1.24,1.7057818617685638,1.0503492309439009,10.459000000000001,10.105,9.65,11.99,2.34,0.643733448275862,0.802330012074746,10.48870614836104,0.8885888264151325,-0.6595891436298604,2.34,1.1431343228043005,1.0028402474769136,6.113,6.045,5.52,6.99,1.4700000000000006,0.14235965517241383,0.3773057847057395,6.124245531764164,0.7401047622213811,-0.24957246512879339,1.4700000000000006,1.141365081420314,1.0018396093185284,53.258666666666656,53.375,46.44,60.98,14.54,12.583942988505742,3.547385373554125,53.372746353671296,0.1155308291076828,-0.7547049977896565,14.54,1.1425306765351682,1.002141992921427
61,1,67.26966666666667,67.455,63.55,70.39,6.840000000000003,3.3277067816091987,1.8242003129067812,67.29357203081634,-0.3745365064506632,-0.8412106952288365,6.840000000000003,1.0460137257651547,1.0003553661751905,1.259,1.32,0.82,1.72,0.9,0.04635413793103448,0.21530011131217391,1.2766714534287982,-0.1007162878133347,-0.2774702171567722,0.9,1.3472534342179736,1.014036102802858,10.898333333333333,10.93,9.81,12.91,3.0999999999999996,0.517117816091954,0.7191090432555788,10.921243061117172,0.7217308962077058,0.7445873452554594,3.0999999999999996,1.1820998697449914,1.0021021313152323,6.401333333333333,6.445,5.52,7.13,1.6100000000000003,0.13210160919540231,0.36345785064488884,6.4112999201929926,-0.32085573630555675,-0.017787664346406995,1.6100000000000003,1.1120989641341523,1.001556954831232,56.97233333333334,56.72,50.6,63.77,13.170000000000002,10.66059091954023,3.2650560362021706,57.062702383722886,-0.0783533367971276,0.14356753901285746,13.170000000000002,1.1175425862443973,1.0015861918426407
62,1,68.52733333333335,68.7,65.33,71.82,6.489999999999995,1.8532616091954006,1.3613455142598445,68.54040341287758,-0.012068991986202371,0.5762885303139189,6.489999999999995,1.047849099564918,1.000190727975371,1.3336666666666668,1.355,0.95,1.66,0.71,0.030796436781609184,0.1754891357936701,1.344781270938388,-0.21479699189354357,0.02903432357865654,0.71,1.2344014866013509,1.0083338697363569,11.477333333333338,11.395,10.43,12.98,2.5500000000000007,0.40964781609195433,0.6400373552316726,11.494571472366133,1.0316170972506427,0.8877112444061046,2.5500000000000007,1.1292286999306549,1.0015019289352458,6.769000000000002,6.715,6.27,7.52,1.25,0.09524379310344826,0.30861593138308374,6.775797370051734,0.6522287392156596,-0.11582153212109558,1.25,1.1098324801207247,1.0010041911732503,59.10166666666667,58.83,54.03,64.87,10.840000000000003,7.698297126436785,2.77458053161857,59.16458983209467,0.23360153274800402,-0.5357256583975074,10.840000000000003,1.0964328525575335,1.00106465974611
63,1,69.886,69.58000000000001,66.95,74.47,7.519999999999996,3.6546799999999955,1.9117217370736765,69.9112712896378,0.9422911177107707,0.6737277799404255,7.519999999999996,1.0652073496343055,1.0003616073267578,1.6883333333333332,1.57,0.95,2.93,1.9800000000000002,0.2388902298850575,0.48876398177960856,1.7553907447251358,0.5714828961662871,-0.24358329535899337,1.9800000000000002,1.6691440403252145,1.03971811138705,12.439666666666666,12.059999999999999,11.2,14.56,3.360000000000001,0.886389540229885,0.9414826287456849,12.474059082752493,0.9025687654934723,-0.0031183555872251745,3.360000000000001,1.167222305378662,1.0027647377544275,7.280666666666666,7.285,6.61,8.34,1.7299999999999995,0.20756505747126436,0.45559308321271114,7.29443303714095,0.5892506325391264,-0.1248460684902386,1.7299999999999995,1.1433376600395608,1.0018908118039946,63.041666666666664,62.845,54.03,78.83,24.799999999999997,28.18351091954024,5.308814455181142,63.25737740901584,0.8415515805792995,1.2416891407324986,24.799999999999997,1.2461787577801897,1.0034217169969466
64,1,71.06933333333335,70.43,68.72,74.47,5.75,2.6186754022988508,1.6182321842983012,71.08714037480104,0.7497945865705061,-0.4432197367872992,5.75,1.0475875046789491,1.0002505587238897,2.186,2.2199999999999998,1.46,2.93,1.4700000000000002,0.10883172413793106,0.32989653550458975,2.2099321256545412,-0.3620166844431911,1.0611617839909222,1.4700000000000002,1.325832574668866,1.0109479074357461,13.362,13.19,11.96,15.48,3.5199999999999996,0.8558510344827585,0.9251221727332875,13.392922260159157,0.48977205142069435,-0.4445977541585111,3.5199999999999996,1.155834380227041,1.002314193994848,7.7299999999999995,7.62,7.07,8.64,1.5700000000000003,0.14783448275862074,0.38449250026316606,7.739238119263851,0.5304480478840553,-0.3340062341449359,1.5700000000000003,1.11638896062573,1.001195099516669,67.858,67.94999999999999,59.64,78.83,19.189999999999998,17.563637241379315,4.190899335629444,67.98298571456439,0.3239404416752767,0.7169664481287406,19.189999999999998,1.1595548381911063,1.001841871475204
65,1,72.20333333333333,72.13,67.58,77.23,9.650000000000006,4.586085057471267,2.141514664313851,72.23402633108581,0.13847889170414782,0.07362711944215938,9.650000000000006,1.0691637158091543,1.000425091146565,2.3176666666666668,2.29,1.92,2.84,0.9199999999999999,0.044025402298850574,0.20982231125133136,2.3268297459562155,0.6255704631331379,0.9455765457929877,0.9199999999999999,1.2205448228155154,1.003953579443211,14.082333333333333,14.079999999999998,12.39,15.48,3.09,0.66399091954023,0.8148563797014968,14.105104395218065,-0.20016800456293202,-0.8528907034540998,3.09,1.097475039266498,1.0016169949500366,8.109666666666667,8.120000000000001,7.44,8.95,1.509999999999999,0.19494126436781614,0.441521533300264,8.121276787960541,0.08861262857972912,-1.2646683041199893,1.509999999999999,1.1020434635681924,1.0014316397666003,71.04533333333333,70.28999999999999,64.81,78.43,13.620000000000005,17.01929471264368,4.125444789673434,71.16102425719666,0.23782621064453036,-0.9389973123360784,13.620000000000005,1.1021482731408019,1.0016284098959818
66,1,74.69133333333333,75.035,67.58,79.42,11.840000000000003,7.219046436781608,2.6868283229081844,74.73803373561995,-0.6912658023486498,1.112844779901076,11.840000000000003,1.0626450286468887,1.0006252452621003,2.782666666666667,2.735,1.92,3.88,1.96,0.29013057471264364,0.5386377026468195,2.8326124573145077,0.1873298194376011,-1.1420603854333937,1.96,1.3697602684690868,1.017948894578764,15.205666666666664,15.04,13.53,17.45,3.92,1.034749540229885,1.017226395759511,15.238522128693013,0.6506919411075125,-0.23986411799529206,3.92,1.1451241696951002,1.0021607380160695,8.748,8.7,7.55,9.79,2.2399999999999993,0.3267613793103447,0.5716304569477948,8.766035211732458,0.03606996157969272,-0.36692633986814016,2.2399999999999993,1.1168104808542256,1.0020616382867464,77.566,77.435,64.81,90.74,25.929999999999993,47.67510068965515,6.904715829753977,77.86250886445072,0.2634966919387123,-0.6683596720870364,25.929999999999993,1.1653875700045504,1.0038226654004423
67,1,76.91900000000001,76.35,72.86,81.02,8.159999999999997,5.193388620689653,2.2789007483191654,76.95162660182478,0.19703217091171574,-1.0427168713053578,8.159999999999997,1.0528692319816244,1.0004241683046422,3.1899999999999995,3.25,2.36,3.88,1.52,0.0904689655172414,0.30078059365132154,3.2036780945240633,-0.520532089252826,1.5121222079839995,1.52,1.211107947028745,1.0042878039260388,16.313666666666666,16.34,14.79,18.93,4.140000000000001,0.8372171264367813,0.9149956974963223,16.338452497100207,0.5697026586992825,0.8738044649807724,4.140000000000001,1.1586164603630453,1.001519329218868,9.396666666666668,9.54,8.38,10.42,2.039999999999999,0.2642919540229885,0.5140933320156842,9.410251147906026,-0.13299339393625925,-0.4279261375923231,2.039999999999999,1.1073030715358394,1.001445670227672,83.11966666666666,83.295,71.44,94.53,23.090000000000003,31.86548609195402,5.644952266578879,83.30475550651356,0.027619558989955193,-0.3188619418161789,23.090000000000003,1.1347491439742445,1.0022267755306233
68,1,77.92333333333336,78.295,73.67,85.14,11.469999999999999,7.156119540229883,2.6750924358290655,77.96770780265379,0.4583077172039091,0.24953499029725013,11.469999999999999,1.0919905483883172,1.0005694631815942,3.3523333333333336,3.41,2.36,4.12,1.7600000000000002,0.16247367816091954,0.40308023786948366,3.3756772160066886,-0.37445095159182396,0.13375842537726346,1.7600000000000002,1.2204958402017536,1.006963473005873,17.30733333333333,17.15,15.62,20.0,4.380000000000001,1.0916547126436782,1.04482281399464,17.33779263151262,0.7329513888813374,0.14163776195806443,4.380000000000001,1.1535493834231605,1.0017599070632464,9.864666666666666,9.765,8.7,11.12,2.42,0.2371222988505747,0.4869520498473897,9.876277976376862,0.13638424179105288,1.2773355619493163,2.42,1.12593023673473,1.0011770605234367,86.9676666666667,86.815,75.27,101.17,25.900000000000006,37.10405298850574,6.0913096283562655,87.17363303583639,0.25252306370101957,-0.49408794662406486,25.900000000000006,1.1605573437372951,1.0023683097070906
69,0,62.301,62.26,61.77,63.27,1.5,0.11791965517241386,0.3433943144148049,62.30191481808565,0.6200734032176335,0.7428414099024239,1.5,1.0155386104061337,1.0000146838427255,0.21833333333333335,0.22,0.17,0.26,0.09,0.0005385057471264366,0.023205726601992806,0.2195222084437017,0.07456981391349879,-0.7338778476233205,0.09,1.184390417002748,1.0054452295131375,7.862,7.86,7.78,8.0,0.21999999999999975,0.0032441379310344854,0.056957334304148094,7.862199437816367,0.8660291678080879,0.3365923894764413,0.21999999999999975,1.0175269736253225,1.0000253673131985,4.907,4.91,4.77,4.99,0.22000000000000064,0.002263103448275864,0.04757208686063566,4.907222907782636,-0.6978419355848646,1.318060731955124,0.22000000000000064,1.0168684190168096,1.0000454264892267,41.816,41.825,40.49,42.83,2.3399999999999963,0.39564551724137903,0.6290035908016576,41.82057284798157,-0.1803535662218912,-0.6715815160745713,2.3399999999999963,1.0241370952924942,1.0001093564181551
70,0,62.23933333333333,62.205,61.57,62.91,1.3399999999999963,0.12080643678160895,0.3475722036953026,62.2402714754148,0.1644756620495381,-0.3432676307535596,1.3399999999999963,1.0107603728054069,1.0000150731383393,0.22100000000000006,0.22,0.17,0.26,0.09,0.0006299999999999998,0.025099800796022264,0.22237355957937086,-0.12112098504163449,-0.8996943057463787,0.09,1.1692037510745485,1.00621520171661,7.835000000000002,7.83,7.72,7.94,0.22000000000000064,0.0022741379310344902,0.047687922276342574,7.835140288044198,-0.1655679577079642,0.0918575907658119,0.22000000000000064,1.0133832590229188,1.0000179053023863,4.906000000000001,4.915,4.77,4.99,0.22000000000000064,0.003348965517241384,0.057870247254019784,4.906329925039014,-0.4946252932887604,-0.13911362843089137,0.22000000000000064,1.0170534954312762,1.00006724929454,41.75366666666667,41.79,40.49,42.83,2.3399999999999963,0.4203895402298848,0.6483745369999386,41.758532740826354,-0.14880787866112383,-1.0071478748410299,2.3399999999999963,1.0256586424102516,1.0001165424392193
71,0,62.42399999999999,62.379999999999995,61.57,63.33,1.759999999999998,0.21336965517241385,0.4619195332224151,62.42565204572021,-0.061783478760142195,-0.9573997870534843,1.759999999999998,1.0144868002919287,1.0000264649128576,0.2156666666666667,0.215,0.17,0.26,0.09,0.0005564367816091953,0.023588912259983403,0.21691011963483864,-0.1147921968230757,-0.792535774221292,0.09,1.1986531584496927,1.005765624272822,7.848333333333332,7.83,7.72,7.98,0.2600000000000007,0.00376609195402299,0.061368493170543055,7.848565261668317,0.07788537840033417,-0.5681057291807337,0.2600000000000007,1.016746339483676,1.0000295512849844,4.915333333333335,4.92,4.79,5.03,0.2400000000000002,0.0038602298850574815,0.06213074830595139,4.915712901841739,-0.1743315275673796,-0.7992891279668872,0.2400000000000002,1.0232493435724128,1.0000772213159645,41.584666666666664,41.695,40.26,42.37,2.1099999999999994,0.30252919540229856,0.5500265406344484,41.588182776681485,-0.5679601516989677,-0.3826567285381559,2.1099999999999994,1.0187990234513655,1.0000845530407398
72,0,62.46166666666667,62.415,61.82,63.33,1.509999999999998,0.16533160919540274,0.40660989805389974,62.46294600267692,0.24768156084758794,-1.0231491285835888,1.509999999999998,1.0138810935572253,1.0000204819384195,0.212,0.21,0.17,0.29,0.11999999999999997,0.0006510344827586206,0.025515377378330515,0.21347911685533397,0.8017526642244032,1.7070780780472674,0.11999999999999997,1.358446691516534,1.0069769662987451,7.8709999999999996,7.87,7.7,8.02,0.3199999999999994,0.005209310344827578,0.07217555226548376,7.871319880850141,0.015305616135158484,-0.11578984076161714,0.3199999999999994,1.018888842201875,1.0000406404332538,4.911666666666666,4.9,4.81,5.03,0.22000000000000064,0.0040350574712643816,0.06352210222642495,4.912063721085059,0.3816560676308726,-0.8955088755052643,0.22000000000000064,1.0240095173050583,1.0000808390400528,41.72966666666667,41.805,40.26,42.92,2.6600000000000037,0.3509895402298853,0.5924437021607077,41.73373180054715,-0.49006341828082656,0.3840162210897473,2.6600000000000037,1.0284246854588093,1.00009741592026
73,0,62.25666666666666,62.215,61.29,63.02,1.730000000000004,0.17119540229885072,0.41375766131740777,62.257995738164695,-0.3237368884611144,0.40654594107745456,1.730000000000004,1.0122394602139142,1.0000213482598603,0.2156666666666667,0.215,0.16,0.29,0.12999999999999998,0.0007771264367816089,0.027876987584414654,0.2174013186099232,0.4202422734216153,0.9747928268296633,0.12999999999999998,1.3339385513127382,1.0080432083922248,7.856,7.84,7.69,8.02,0.3299999999999992,0.005976551724137924,0.07730816078615455,7.8563676933639846,0.09161843271255996,0.23268057374103623,0.3299999999999992,1.0208279847663226,1.00004680414511,4.916333333333332,4.905,4.8,5.06,0.2599999999999998,0.004327471264367818,0.0657835181817438,4.916758756199725,0.5158753264974836,-0.3010185280262543,0.2599999999999998,1.029133266630106,1.0000865325513035,41.907666666666664,42.045,40.62,42.92,2.3000000000000043,0.2993702298850578,0.5471473566463223,41.91111924855583,-0.3644291922555429,-0.426310998211044,2.3000000000000043,1.024071911452924,1.0000823854479093
74,0,62.27533333333333,62.28,61.29,63.21,1.9200000000000017,0.19576367816091966,0.44245189361208487,62.27685268219646,-0.24063184266061585,0.43585409190979485,1.9200000000000017,1.0149838547969896,1.000024397281906,0.2166666666666667,0.21,0.16,0.27,0.11000000000000001,0.0006712643678160921,0.025908770094624178,0.21815896344943828,0.2417031336066559,0.2810363777712226,0.11000000000000001,1.237629642765408,1.0068875236127919,7.838333333333333,7.84,7.69,7.98,0.29000000000000004,0.004324712643678164,0.06576254742388074,7.838600002551476,-0.09610160101059928,-0.06778407680774023,0.29000000000000004,1.0180389351928276,1.0000340211632757,4.923333333333334,4.915,4.8,5.08,0.28000000000000025,0.004533333333333327,0.06733003292241381,4.923778359485054,0.5827266472864557,0.3978322566348913,0.28000000000000025,1.0317280001472862,1.0000903912291916,41.80499999999999,41.79,40.39,42.72,2.3299999999999983,0.3789155172413789,0.6155611401326264,41.809380645974656,-0.37607069160429807,-0.7225143142163462,2.3299999999999983,1.0217802641406268,1.0001047876085316
75,0,62.29233333333334,62.355000000000004,61.0,63.21,2.210000000000001,0.1976874712643679,0.4446205924879862,62.293867194130755,-0.5768311626848299,1.382560904899643,2.210000000000001,1.0147066291937574,1.0000246235887362,0.2106666666666667,0.21,0.14,0.27,0.13,0.0006754022988505747,0.025988503205274724,0.2122105872319601,0.010140705906948488,1.3136050982518093,0.13,1.2723210633448383,1.00732873686057,7.8469999999999995,7.85,7.73,7.95,0.21999999999999975,0.003801034482758624,0.06165253022187024,7.847234119951649,-0.23082836977525767,-0.8188812544294715,0.21999999999999975,1.01309580910643,1.0000298355998023,4.905333333333333,4.91,4.77,5.08,0.3100000000000005,0.004529195402298857,0.06729929719022969,4.905779584666776,0.6208188890183269,0.8579553041200092,0.3100000000000005,1.03551329861573,1.0000909726828167,41.65133333333333,41.515,40.39,42.83,2.4399999999999977,0.46626022988505633,0.6828325050003524,41.656743591724336,0.13646027938169847,-1.1758341839274957,2.4399999999999977,1.028164861367338,1.0001298940023768
76,0,62.26233333333334,62.34,61.0,62.99,1.990000000000002,0.19235643678160919,0.43858458338342127,62.26382655014601,-0.7916668983594289,1.193311843474243,1.990000000000002,1.011662846472649,1.0000239826670914,0.21266666666666673,0.21,0.14,0.28,0.14,0.0008133333333333336,0.028518999514943254,0.2145071871367795,-0.040237771419907004,0.5538926317545334,0.14,1.305317568783648,1.0086544849691823,7.866,7.86,7.74,7.95,0.20999999999999996,0.0025627586206896603,0.05062369623693691,7.866157469395927,-0.3042093140661864,-0.0918771070174853,0.20999999999999996,1.0106586387229433,1.0000200189926172,4.9060000000000015,4.91,4.77,5.03,0.2600000000000007,0.0034248275862069125,0.058522026504615444,4.906337398372301,-0.2024437686753896,0.11855250843725518,0.2600000000000007,1.0252046672674253,1.0000687725993274,41.690666666666665,41.625,40.65,43.07,2.4200000000000017,0.46628919540229885,0.6828537144969623,41.69607215713889,0.2894446782863075,-1.0045799090355036,2.4200000000000017,1.032951013651435,1.0001296570888503
77,0,62.48233333333334,62.489999999999995,61.4,63.26,1.8599999999999994,0.16825298850574721,0.410186528917939,62.48363484412005,-0.38196001909418537,0.24729809298246241,1.8599999999999994,1.012425095912182,1.000020830060551,0.22000000000000006,0.22,0.18,0.28,0.10000000000000003,0.0005448275862068967,0.02334154207002821,0.2211937310745191,0.3660556689799657,0.30103921074918993,0.10000000000000003,1.2658586599168553,1.005426050338723,7.874,7.88,7.76,8.02,0.2599999999999998,0.0031627586206896545,0.05623840876740428,7.87419413866164,0.14486818028824827,0.3390257103358132,0.2599999999999998,1.0185169248777428,1.0000246556593395,4.921000000000001,4.93,4.8,5.02,0.21999999999999975,0.0025679310344827646,0.050674757369747365,4.921252211920593,-0.6860664905753084,0.6619942836127239,0.21999999999999975,1.020065581650177,1.0000512521683789,41.72733333333334,41.54,40.5,43.3,2.799999999999997,0.519089195402299,0.7204784489506255,41.73334558040289,0.3733465523450709,-0.563358953158009,2.799999999999997,1.037539631625718,1.0001440841431568
78,0,62.51266666666667,62.515,61.61,63.26,1.6499999999999986,0.15823402298850595,0.3977864037250468,62.51389008319138,-0.139263679042634,-0.32669072372310737,1.6499999999999986,1.0119351061950508,1.0000195706980672,0.2196666666666667,0.22,0.18,0.26,0.08000000000000002,0.0003619540229885058,0.01902508930303629,0.22046163687438533,-0.10999831941799468,-0.17209053000380736,0.08000000000000002,1.1793435070435536,1.0036189842536507,7.851666666666666,7.845,7.74,8.02,0.27999999999999936,0.0039867816091954025,0.06314096617248902,7.8519120813553,0.44863734682273715,0.2135665669517044,0.27999999999999936,1.021407259391484,1.000031256381486,4.931666666666667,4.93,4.79,5.06,0.2699999999999996,0.004221264367816094,0.06497125801318683,4.932080358901979,-0.14403544345770164,0.12825580655601065,0.2699999999999996,1.0259362443004678,1.0000838848736693,41.70666666666668,41.625,40.41,43.3,2.8900000000000006,0.5233885057471265,0.7234559459615537,41.71273170947531,0.19859349602102988,-0.3253479303461613,2.8900000000000006,1.0380523697555903,1.0001454214228411
79,0,62.28833333333332,62.23,61.61,63.16,1.5499999999999972,0.16149712643678155,0.40186705069809037,62.289586475857526,0.2308924788921058,-0.6127966182098272,1.5499999999999972,1.013973660340157,1.000020118414752,0.24000000000000002,0.23,0.19,0.4,0.21000000000000002,0.002324137931034483,0.04820931373743546,0.24463578370031372,1.6243020223343456,2.9607018850298257,0.21000000000000002,1.6350837720863118,1.0193157654179736,7.843000000000001,7.835,7.74,7.97,0.22999999999999954,0.0036975862068965516,0.06080778080884511,7.843227864427588,0.191779982483012,-0.7576971041768665,0.22999999999999954,1.0161632605559476,1.0000290532229488,4.926333333333332,4.925,4.78,5.06,0.27999999999999936,0.004913678160919536,0.07009763306217646,4.92681540145356,0.1014658213037647,-0.08022828268062643,0.27999999999999936,1.0270325936115134,1.0000978553596782,41.74299999999999,41.705,40.3,42.91,2.6099999999999994,0.5081251724137937,0.7128289924054673,41.74888305891149,-0.34923467273252373,-0.4588385673336872,2.6099999999999994,1.0278119282724298,1.000140935220552
80,0,62.58933333333333,62.61,61.72,63.88,2.1600000000000037,0.3064064367816095,0.5535399143527135,62.591699449687425,0.14165542437906947,-0.4978103579718569,2.1600000000000037,1.0205826101805742,1.000037803827395,0.3203333333333333,0.325,0.19,0.44,0.25,0.006761954022988506,0.08223110131202492,0.33037857073363586,-0.10864272083974358,-1.2899454586608088,0.25,1.331805507309205,1.0313587015618186,7.931333333333332,7.925,7.75,8.26,0.5099999999999998,0.014542988505747114,0.12059431373720368,7.932219529656669,0.8184810832400354,0.8006147260863581,0.5099999999999998,1.041322667522985,1.000111733587039,4.958999999999999,4.95,4.78,5.14,0.35999999999999943,0.007381724137931033,0.08591696071167225,4.959719414106676,0.216545473765789,-0.599546935224998,0.35999999999999943,1.036348948567647,1.0001450724151395,42.18966666666667,42.275000000000006,40.3,44.63,4.330000000000005,0.8368447126436787,0.9147921690983579,42.199252639511684,0.5553046627650001,1.4102465254152143,4.330000000000005,1.057601668476289,1.0002272113909019
81,1,62.92166666666667,62.965,62.04,63.88,1.8400000000000034,0.16543505747126455,0.40673708642225453,62.92293744467646,-0.014713421728388716,-0.07639621835111088,1.8400000000000034,1.0152100743256784,1.0000201961911868,0.30999999999999994,0.29,0.17,0.44,0.27,0.007089655172413793,0.08420009009742087,0.32086341850284733,0.12848573286529547,-1.2752458972859733,0.27,1.3712999819457308,1.035043285493056,8.080999999999998,8.045,7.8,8.48,0.6800000000000006,0.026381724137931065,0.16242451827827922,8.082577765374939,0.7248707951990413,0.7654947785453441,0.6800000000000006,1.0491702333292212,1.000195243828108,5.018333333333333,5.04,4.87,5.28,0.41000000000000014,0.008531609195402294,0.09236671042860785,5.0191549753585685,0.45665441453430294,0.7421038132135589,0.41000000000000014,1.0519699084650793,1.000163728068795,43.28833333333333,42.93000000000001,41.25,45.38,4.130000000000003,1.315269540229886,1.1468520132213598,43.303016407636086,0.20958965964345508,-1.0955658690623198,4.130000000000003,1.0479639471950888,1.0003391924144942
82,1,63.08933333333334,63.019999999999996,62.04,65.5,3.460000000000001,0.5877650574712642,0.7666583707697088,63.09383609619352,1.3847456367420685,2.5386583603936996,3.460000000000001,1.0381362753112366,1.0000713712227134,0.4166666666666667,0.32499999999999996,0.17,1.1,0.93,0.04982988505747126,0.22322608507401473,0.4709352397092407,1.1652973233752415,1.3395237251116807,0.93,2.335777634052506,1.1302445753021777,8.359333333333334,8.325,7.94,9.86,1.919999999999999,0.12717885057471262,0.35662143874802676,8.36668353251952,2.6491190934874993,10.346895894272762,1.919999999999999,1.178483680143545,1.0008792805470357,5.134,5.109999999999999,4.89,5.74,0.8500000000000005,0.03274206896551725,0.18094769676764955,5.13708153202445,1.2831680746198126,2.9862370439391137,0.8500000000000005,1.1173659526750686,1.0006002204956075,45.217,45.0,42.44,50.3,7.859999999999999,3.5728837931034474,1.8902073412997442,45.25517513684669,0.7498614598356876,0.799433469262163,7.859999999999999,1.1114750931335105,1.00084426514025
83,1,64.48133333333334,64.235,62.06,68.51,6.450000000000003,2.7629498850574725,1.662212346560292,64.50204027780826,0.6578455952385174,-0.027024138135098408,6.450000000000003,1.0621369448924343,1.0003211308359254,0.7803333333333333,0.75,0.36,1.51,1.15,0.0853619540229885,0.29216768134581295,0.8315267083303257,0.8097494240810118,0.08312749188468604,1.15,1.815936860322891,1.0656044959380508,9.062333333333331,8.795,8.15,10.97,2.8200000000000003,0.6767840229885058,0.8226688416297933,9.098357544084536,1.227818539692811,0.29526236557962005,2.8200000000000003,1.2057121240670903,1.0039751584306327,5.469666666666667,5.359999999999999,4.96,6.42,1.46,0.1372585057471264,0.37048415046682687,5.481782252759286,1.132967923915886,0.6330317457703805,1.46,1.1711519545980609,1.0022150501723357,48.66933333333334,47.47,43.01,56.43,13.420000000000002,11.316620229885055,3.3640184645576867,48.781588808347216,0.8706622575490678,0.21656739915800838,13.420000000000002,1.156788890614076,1.0023064929664238
84,1,66.19200000000001,65.815,63.72,70.39,6.670000000000002,2.8137200000000053,1.677414677412835,66.21254256810663,0.8014089099563261,0.022602478840882956,6.670000000000002,1.0630916329424507,1.000310348200789,0.9813333333333335,0.9,0.61,1.63,1.02,0.0642464367816092,0.25346880830115803,1.0124820986071803,0.9216389234468669,0.26883744423383593,1.02,1.6099050069549943,1.031741268961121,9.79,9.625,8.78,11.63,2.8500000000000014,0.6510344827586209,0.8068670787426023,9.82208905138481,0.7674377128501,-0.3148345374099577,2.8500000000000014,1.1840658274585991,1.0032777376286834,5.821666666666666,5.755,5.3,6.77,1.4699999999999998,0.13518678160919537,0.3676775511357681,5.832879506155886,0.7553862000565182,0.07063895030552736,1.4699999999999998,1.1606617268289354,1.001926053161618,52.092666666666666,51.045,46.99,61.17,14.18,14.615606436781603,3.8230362850464292,52.22809914212846,0.7440826707181855,-0.12662752045327474,14.18,1.1712086215034923,1.0025998376379617
85,1,66.95433333333332,66.4,64.3,72.61,8.310000000000002,3.6732116091954,1.916562445942057,66.98084445073331,1.1352361472661054,1.2199306481407213,8.310000000000002,1.0840412747170889,1.000395958201361,1.22,1.15,0.67,2.02,1.35,0.1396344827586207,0.3736769764898832,1.2741193036760725,0.7895433851183654,-0.06326180039654039,1.35,1.5854088342998354,1.0443600849803873,10.288,10.075,9.41,12.4,2.99,0.6643406896551722,0.8150709721583589,10.319163725806467,1.1423977698780998,0.28540402849783675,2.99,1.2016477623074937,1.0030291335348431,6.066666666666666,5.955,5.53,7.1,1.5699999999999994,0.16860229885057468,0.4106121026596448,6.080084429238353,1.100106525460652,0.2647556281448491,1.5699999999999994,1.1677469421077449,1.002211719105223,55.545999999999985,54.96,47.1,67.59,20.490000000000002,25.195162758620693,5.019478335307435,55.764804671046775,0.8550156375593112,0.5438326030254608,20.490000000000002,1.2120548148372319,1.00393916161464
86,1,68.15533333333333,67.305,64.53,75.34,10.810000000000002,6.400687816091956,2.5299580660738146,68.20070962485165,1.1170341894853664,0.9410366079104464,10.810000000000002,1.1046805878475325,1.000665777559863,1.614,1.63,1.02,2.24,1.2200000000000002,0.11988689655172415,0.34624687226273126,1.6495110386616596,0.14042228569706788,-0.8352785122296793,1.2200000000000002,1.3579781811084073,1.0220018826899997,11.006333333333332,10.915,9.73,13.48,3.75,0.9431895402298849,0.9711794583030908,11.047675019357392,0.9478737121705556,0.42738416162256376,3.75,1.2201662319339377,1.0037561724483535,6.359999999999999,6.2,5.66,7.41,1.75,0.20715172413793098,0.45513923599040657,6.375723226949761,0.5689426666883514,-0.3749041678082943,1.75,1.162221090256619,1.0024722054952455,59.426,58.59,52.77,70.0,17.229999999999997,23.13046620689655,4.809414330965523,59.613831672411955,0.667488047382275,-0.19090471784565421,17.229999999999997,1.1742241361813779,1.0031607658669934
87,1,69.812,69.605,65.79,75.42,9.629999999999995,5.328726896551728,2.3084035384983554,69.84888293070023,0.6489703324786997,0.6666481797308421,9.629999999999995,1.0797595728886187,1.0005283179209912,1.8236666666666668,1.78,1.47,2.24,0.7700000000000002,0.06328609195402299,0.25156727122983025,1.8403631887936323,0.3913372505445089,-1.2393957118353314,0.7700000000000002,1.2171510567261086,1.0091554681741723,11.712,11.445,10.26,13.71,3.450000000000001,0.749754482758621,0.8658836427364943,11.742900266402108,0.7093232827202935,0.0523653424548467,3.450000000000001,1.1675139606887412,1.0026383424182128,6.732666666666665,6.645,6.0,7.75,1.75,0.22351678160919547,0.4727756144400803,6.748693700759182,0.757863678142199,0.20772609234123962,1.75,1.1483703874615288,1.0023804882799063,62.58,62.375,54.07,70.0,15.93,17.52120689655172,4.1858340741782545,62.715178120345534,0.3386363991026982,-0.3900409368471691,15.93,1.116157238135806,1.0021600850167072
88,1,70.74433333333333,70.555,68.47,75.42,6.950000000000003,2.4864322988505765,1.5768425092096472,70.76131888256465,1.2175730909552538,2.237272880923257,6.950000000000003,1.0658365501237603,1.0002400976648023,2.0943333333333336,2.12,1.47,2.93,1.4600000000000002,0.13366678160919546,0.3656046794137015,2.1249572544720365,0.33917686425097393,-0.3610893359036349,1.4600000000000002,1.3788512657531002,1.0146222765265174,12.316999999999998,12.184999999999999,10.86,14.27,3.41,0.6538768965517243,0.8086265494971856,12.342632215212443,0.8654386999576685,0.7221164206728332,3.41,1.1561553282299097,1.0020810436967156,7.043333333333333,6.99,6.32,8.24,1.92,0.16880229885057474,0.41085556933133416,7.054907511796309,1.0272612352804409,1.4590870642264209,1.92,1.167981293336891,1.0016432813719323,66.31033333333333,65.09,56.81,74.7,17.89,22.753458505747115,4.770058543220106,66.47597548488226,0.042161298371232385,-0.7259478394266567,17.89,1.123714235934575,1.0024979839977015
89,1,71.474,70.995,68.14,77.01,8.870000000000005,4.774197241379313,2.184993647903653,71.50627757989737,0.8093818704246437,0.4735234606184191,8.870000000000005,1.0769683810481263,1.0004515989016618,2.5270000000000006,2.5949999999999998,1.8,3.13,1.3299999999999998,0.1177389655172414,0.3431311200069755,2.549420195521588,-0.3918591313021089,-0.6235607659526297,1.3299999999999998,1.2277301346785758,1.0088722578241343,13.057333333333332,12.77,11.76,15.3,3.540000000000001,0.8479926436781611,0.9208651604215251,13.08868518988825,0.6911100232391675,-0.32977114478185765,3.540000000000001,1.1689485825375427,1.0024010918427642,7.346333333333333,7.27,6.78,8.27,1.4899999999999993,0.1639274712643678,0.4048795762499855,7.357110619439309,0.8214081588958367,0.08601359762160765,1.4899999999999993,1.1240825954347635,1.0014670292807264,71.31533333333336,71.52000000000001,58.28,84.0,25.72,31.878480919540223,5.646103162318257,71.53106061937943,0.05029254778436158,0.28398102343005505,25.72,1.1743150356314225,1.003024977602471
90,1,73.53999999999999,73.4,68.14,81.44,13.299999999999997,12.507006896551722,3.5365246919188507,73.62215499879548,0.2284055217259844,-0.735641020899096,13.299999999999997,1.1061887552915617,1.0011171471144342,2.912333333333334,2.84,2.2,3.86,1.6599999999999997,0.11852885057471259,0.3442801919581093,2.931938494125232,0.692851211876756,1.1609991244722977,1.6599999999999997,1.3165351209564382,1.0067317709025632,14.143666666666665,13.940000000000001,12.08,16.77,4.6899999999999995,1.4650378160919542,1.2103874652738082,14.193643295503803,0.3495801574561814,-0.45125045749259973,4.6899999999999995,1.1815148268036526,1.00353349877475,7.9173333333333344,7.8100000000000005,6.86,9.26,2.3999999999999995,0.3623374712643679,0.601944741038883,7.939422313157719,0.600504957833904,-0.19379096339502455,2.3999999999999995,1.1663317096325427,1.0027899519818606,77.15633333333332,76.99,64.87,85.79,20.92,30.501072298850584,5.5227775891167825,77.34716635619777,-0.2878891401587406,-0.635564574218785,20.92,1.1091550478387462,1.0024733293382413
91,1,76.445,76.36,68.94,83.83,14.89,12.485674137931031,3.533507342277787,76.5239015602315,-0.09879642418767266,0.24862310731754977,14.89,1.0954747247697234,1.0010321350020472,3.3320000000000003,3.25,2.72,4.57,1.85,0.2344510344827586,0.4842014399841853,3.3658371915468517,0.6894926898187392,-0.03662809589966631,1.85,1.357760265849266,1.0101552195518761,15.140666666666666,15.129999999999999,13.03,16.77,3.74,0.9747098850574717,0.9872739665652446,15.171750283558806,-0.11576411013405186,-0.5706869941927306,3.74,1.1053437926785001,1.002052988654758,8.593,8.684999999999999,7.45,9.67,2.2199999999999998,0.3507458620689655,0.5922380113340966,8.612705924001661,-0.1541207937972522,-0.8224913115002588,2.2199999999999998,1.1227598022419296,1.0022932531131923,82.38100000000001,82.055,73.05,95.36,22.310000000000002,26.25886448275862,5.124340394895583,82.5349182467639,0.526127401309792,0.34147501849583417,22.310000000000002,1.1553897674544429,1.0018683707015439
92,0,62.164666666666676,62.195,61.03,62.85,1.8200000000000003,0.13552229885057485,0.3681335339935427,62.165720350259484,-0.821242969446781,2.094244074003302,1.8200000000000003,1.011007346908957,1.000016949879237,0.19666666666666674,0.2,0.14,0.25,0.10999999999999999,0.0006643678160919541,0.02577533348168272,0.19829271292712702,-0.08246473731583792,0.28799258355896784,0.10999999999999999,1.2607624168815297,1.008268031832849,8.093,8.09,7.95,8.19,0.23999999999999932,0.0038906896551724078,0.062375393026195894,8.093232357964277,-0.5899679606765434,0.18649157352671075,0.23999999999999932,1.0119566123590282,1.0000287109803876,5.064333333333334,5.0649999999999995,5.0,5.12,0.1200000000000001,0.0010943678160919576,0.03308123057100442,5.064437777285846,-0.04900295998954717,-0.85102579791024,0.1200000000000001,1.010971054469926,1.0000206234356308,42.572,42.54,41.07,43.84,2.770000000000003,0.42263724137930975,0.6501055617200254,42.57679806342104,-0.04763619587157223,0.09769656521722903,2.770000000000003,1.0296687866170053,1.000112704674928
93,0,62.11766666666666,62.165,61.52,63.41,1.8899999999999935,0.14996333333333317,0.3872509952644837,62.118833510189695,1.077105867924247,3.0566820222459636,1.8899999999999935,1.0207854271699823,1.0000187844068467,0.199,0.2,0.14,0.25,0.10999999999999999,0.0006782758620689655,0.026043729803332038,0.20064064061567058,-0.3220057188483684,0.10708648543808108,0.10999999999999999,1.2460087808375664,1.0082444252043747,8.099666666666668,8.105,7.95,8.25,0.2999999999999998,0.003968850574712638,0.06299881407385886,8.099903497367526,-0.06381952121286523,0.4027604612678286,0.2999999999999998,1.0185306531962084,1.0000292395614048,5.055999999999999,5.05,4.98,5.12,0.13999999999999968,0.0012593103448275893,0.035486762952227545,5.056120383587928,0.081152259963549,-0.5780192028361073,0.13999999999999968,1.0126341169841258,1.0000238100450807,42.59733333333334,42.53,41.36,43.84,2.480000000000004,0.36628229885057517,0.6052126063215927,42.60148917584924,0.20803212226928267,-0.1882845167195235,2.480000000000004,1.029072007765702,1.000097561095747
94,0,62.15366666666667,62.13,61.52,63.41,1.8899999999999935,0.20090678160919512,0.4482262616237419,62.15522898356984,0.8920591390361586,1.0179116168110847,1.8899999999999935,1.0201876983956062,1.0000251363593968,0.20233333333333337,0.2,0.17,0.24,0.06999999999999998,0.0003840229885057471,0.01959650449712262,0.20324861623145188,0.20944638286879014,-0.7119767264158927,0.06999999999999998,1.1808198473867937,1.0045236387056928,8.100666666666667,8.105,7.9,8.25,0.34999999999999964,0.0045236781609195205,0.06725829436522696,8.100936571368358,-0.18389214525388098,2.311055174433596,0.34999999999999964,1.0184007648150815,1.0000333188258197,5.044333333333333,5.045,4.93,5.11,0.1800000000000006,0.0015564367816091956,0.039451701884826156,5.044482464369693,-0.7546419603639074,1.0412819622260532,0.1800000000000006,1.0129879598339517,1.0000295640724959,42.427666666666674,42.405,41.36,43.81,2.450000000000003,0.32670126436781693,0.5715778725316586,42.43138826387843,0.4457451743481565,-0.25226394977327393,2.450000000000003,1.0324903754632788,1.0000877162828914
95,0,62.18866666666668,62.165,61.47,63.07,1.6000000000000014,0.14361195402298876,0.3789616788317636,62.18978281572197,0.21935894698907607,0.26365395008532033,1.6000000000000014,1.014153726615934,1.0000179477888034,0.19633333333333336,0.2,0.14,0.24,0.09999999999999998,0.0006171264367816091,0.0248420296429581,0.19784674203365932,-0.1413609985775266,-0.2497269754373468,0.09999999999999998,1.2130601572360955,1.0077083634991135,8.098,8.105,7.9,8.24,0.33999999999999986,0.004347586206896533,0.06593622833387222,8.098259483782096,-0.5296130240020221,2.4458002174723212,0.33999999999999986,1.0175025900938046,1.0000320429466651,5.054666666666667,5.07,4.93,5.21,0.28000000000000025,0.002805057471264373,0.052962793272866314,5.054934882534757,0.29546412958964474,1.859414867180238,0.28000000000000025,1.0306759871429811,1.000053063017955,42.29866666666667,42.235,41.54,43.51,1.9699999999999989,0.25290160919540255,0.5028932383671534,42.301556393746715,0.8687238376356834,0.08321206679326743,1.9699999999999989,1.0285673556548365,1.000068317214413
96,0,62.104,62.14,61.47,62.88,1.4100000000000037,0.09644551724137941,0.31055678585627366,62.104750596606266,-0.044740538400474546,0.3305837465538817,1.4100000000000037,1.0124829323996367,1.0000120861233779,0.1926666666666667,0.195,0.14,0.24,0.09999999999999998,0.000730574712643678,0.02702914561438593,0.19449078812804135,-0.28076285183632743,-0.384370724583349,0.09999999999999998,1.233991606029166,1.0094677584500413,8.09,8.1,7.97,8.21,0.2400000000000011,0.002986206896551728,0.05464619745738699,8.090178407591928,-0.13448437509298428,0.16139308744210368,0.2400000000000011,1.0148107478440316,1.0000220528543793,5.052666666666666,5.045,4.97,5.21,0.2400000000000002,0.002516781609195408,0.05016753541081531,5.052907413888892,0.9268697982000045,1.874589159105705,0.2400000000000002,1.031089543750457,1.0000476475568465,42.49066666666666,42.31,41.54,43.68,2.1400000000000006,0.41986850574712603,0.6479726118804143,42.495442422295916,0.25968678624330366,-1.1216866738379867,2.1400000000000006,1.027874932232323,1.0001123954036004
97,0,62.19066666666666,62.165,61.53,62.88,1.3500000000000014,0.10586850574712633,0.32537440856208455,62.191489449923935,0.2398933242639751,-0.09716020996342234,1.3500000000000014,1.0110708162188404,1.0000132300118552,0.19000000000000003,0.19,0.14,0.24,0.09999999999999998,0.0005241379310344827,0.022894058858893562,0.1913286875161868,-0.11084072075654389,0.15851305896319667,0.09999999999999998,1.2543858587839605,1.0069930921904569,8.094666666666667,8.1,7.99,8.17,0.17999999999999972,0.0020878160919540296,0.04569262623174586,8.094791329408478,-0.500639785751922,-0.2870215066404094,0.17999999999999972,1.009290995595932,1.0000154006022663,5.053666666666667,5.06,4.98,5.12,0.13999999999999968,0.0013205747126436825,0.03633971261091208,5.0537929650247175,-0.06293137203849317,-0.7877880587583941,0.13999999999999968,1.0131004644300776,1.0000249914302586,42.60566666666666,42.76,41.36,44.09,2.730000000000004,0.4967426436781607,0.7047997188408638,42.61130151340917,-0.06358959728614198,-0.6280991469278745,2.730000000000004,1.0347020258493045,1.0001322558049988
98,0,62.22033333333333,62.19,61.56,62.88,1.3200000000000003,0.08519643678160904,0.29188428663017996,62.22099514365442,0.34043825092144464,0.6318468536250257,1.3200000000000003,1.0105913583481603,1.0000106365601988,0.1936666666666667,0.19,0.15,0.24,0.09,0.00044471264367816084,0.021088211011799005,0.19477337258123006,0.40048533869199326,-0.01846262459198833,0.09,1.232201285111024,1.0057144883712394,8.104666666666665,8.105,7.98,8.21,0.23000000000000043,0.002549885057471281,0.050496386578361044,8.104818731265164,-0.27324933728320483,0.05393418532427363,0.23000000000000043,1.012977621366051,1.0000187625974952,5.056,5.055,4.99,5.12,0.1299999999999999,0.0010868965517241388,0.032968114166936194,5.056103901885983,0.1568857176578628,-0.882621575260528,0.1299999999999999,1.0126374179316575,1.000020550214791,42.468666666666664,42.459999999999994,41.36,44.09,2.730000000000004,0.39586022988505754,0.6291742444546324,42.47317168911845,0.2213505345502161,0.020331745323213024,2.730000000000004,1.038067049070785,1.000106078735345
99,0,62.029,62.085,61.25,62.6,1.3500000000000014,0.09224379310344824,0.3037166329054901,62.02971876447611,-0.7005597192723896,0.4666800395880033,1.3500000000000014,1.0091936775933037,1.0000115875554354,0.198,0.2,0.15,0.23,0.08000000000000002,0.0004993103448275863,0.02234525329522103,0.19921512660103566,-0.20821974609861268,-0.7019152781835549,0.08000000000000002,1.154530802576135,1.0061370030355337,8.097333333333333,8.09,7.98,8.26,0.27999999999999936,0.0031926436781609304,0.05650348377012634,8.097523901374625,0.7350971468012863,1.638385877104274,0.27999999999999936,1.020064911274642,1.0000235346667166,5.043000000000001,5.04,4.99,5.1,0.10999999999999943,0.0007182758620689638,0.0268006690600993,5.043068840828304,0.4159367647267264,-0.27358876197147364,0.10999999999999943,1.0112889910823317,1.0000136507690467,42.35733333333334,42.525,40.5,43.37,2.8699999999999974,0.4636891954022988,0.6809472779902265,42.362624092470945,-0.7537550137708495,0.3034304643852228,2.8699999999999974,1.0237798278343218,1.000124907748464
100,0,62.151,62.17,61.25,63.04,1.7899999999999991,0.195133448275862,0.4417391178918412,62.15251748722653,-0.15478482355021114,-0.24288341544070446,1.7899999999999991,1.014279108049901,1.0000244161353242,0.1966666666666667,0.2,0.13,0.24,0.10999999999999999,0.0006850574712643678,0.02617360256564556,0.19834313701260248,-0.7339994312127837,0.2332118244351995,0.10999999999999999,1.2100242217342296,1.008524425487809,8.11,8.1,7.97,8.26,0.29000000000000004,0.003937931034482747,0.06275293646103541,8.110234686287855,-0.045749304164661324,0.6030974632024839,0.29000000000000004,1.0184662120771124,1.0000289378899945,5.054666666666667,5.05,4.99,5.16,0.16999999999999993,0.0013154022988505806,0.03626847527606558,5.054792445458731,0.821581914229237,1.2627892488446788,0.16999999999999993,1.020813427193393,1.0000248836966628,42.324,42.53,40.5,43.66,3.1599999999999966,0.5064593103448277,0.7116595466547384,42.329783289468104,-0.6313798634383756,0.292781573732682,3.1599999999999966,1.031425077266173,1.0001366432631156
101,0,62.28499999999999,62.239999999999995,61.31,63.04,1.7299999999999969,0.14244655172413762,0.3774209211532101,62.28610537939688,-0.45490258624421104,0.7963093083521322,1.7299999999999969,1.0121037367164154,1.0000177471204446,0.1963333333333334,0.2,0.13,0.24,0.10999999999999999,0.0005274712643678161,0.022966742571984736,0.19762759591379608,-0.833373238279814,1.5907517633161694,0.10999999999999999,1.2144053004859021,1.0065921693402176,8.101999999999999,8.105,7.97,8.2,0.22999999999999954,0.004375172413793101,0.06614508608954335,8.102261001309037,-0.42429778437437154,-0.9003878924728808,0.22999999999999954,1.0120631757820653,1.0000322144296516,5.049666666666667,5.05,4.97,5.16,0.1900000000000004,0.002292988505747131,0.04788515955645476,5.049886137330227,0.22190942362516872,-0.60192741219779,0.1900000000000004,1.02180521692475,1.0000434624061443,42.53766666666666,42.605000000000004,41.08,43.66,2.5799999999999983,0.24987367816091896,0.49987366219967916,42.54050575627892,-0.7281722076617646,1.9051120123338627,2.5799999999999983,1.0263159599026592,1.000066742955943
102,0,62.275666666666666,62.245,61.49,62.86,1.3699999999999974,0.08410126436781609,0.29000217993631716,62.276319389208176,-0.2550207653355729,0.7079762187775538,1.3699999999999974,1.0093724326761189,1.000010481181117,0.21633333333333335,0.2,0.16,0.36,0.19999999999999998,0.002306781609195402,0.04802896635568375,0.22142718893577637,1.4527052109132492,1.7331792234780057,0.19999999999999998,1.6258166024246274,1.023546327900353,8.087666666666669,8.09,7.98,8.17,0.1899999999999995,0.0031840229885057494,0.05642714761979157,8.087856947300688,-0.0485842181311086,-1.060989778634056,0.1899999999999995,1.010156343421322,1.0000235272596982,5.050666666666667,5.055,4.97,5.15,0.1800000000000006,0.002502988505747131,0.050029876131638895,5.050906189322203,0.06042888659948003,-0.9352607003398887,0.1800000000000006,1.0196190162643064,1.000047423968229,42.465999999999994,42.595,40.95,43.58,2.6299999999999955,0.31266620689655106,0.5591656345811598,42.46955850959602,-0.6289500699300001,0.7730467080878984,2.6299999999999955,1.0261467632198973,1.0000837966748934
103,0,62.529333333333334,62.49,61.79,63.65,1.8599999999999994,0.18192367816091962,0.42652512019917377,62.53073953398174,0.7265125260114655,0.6497121999379356,1.8599999999999994,1.0178993639665816,1.0000224886556988,0.29900000000000004,0.32,0.16,0.42,0.26,0.00632655172413793,0.07953962361073838,0.3090577076642268,-0.4038513483428185,-1.1884608734642559,0.26,1.3589695049971235,1.033637818275006,8.17,8.165,7.98,8.4,0.41999999999999993,0.012048275862068957,0.10976463848648597,8.170712739208659,0.41536550221184065,-0.666442395968093,0.41999999999999993,1.0280620881078177,1.0000872385812312,5.104666666666668,5.095,4.97,5.24,0.27000000000000046,0.0036878160919540303,0.0607273916116445,5.105015834124971,0.4318479349801197,0.6675415825823454,0.27000000000000046,1.0264414783932136,1.0000684016177948,42.78266666666668,42.745,40.95,44.69,3.739999999999995,0.6572133333333326,0.8106869515005978,42.79009083109468,-0.09450408218104585,0.13800483914081152,3.739999999999995,1.0444006809054187,1.0001735320634837
104,1,62.800333333333334,62.66,61.79,63.66,1.8699999999999974,0.26443781609195427,0.5142351758601839,62.802368506291224,0.23074155786144496,-0.8365390893616107,1.8699999999999974,1.0136560374092078,1.0000324070406934,0.3,0.32,0.16,0.42,0.26,0.0056827586206896555,0.07538407405208115,0.30901995620563627,-0.33427983541247563,-1.0455345126629538,0.26,1.3591355236634375,1.0300665206854542,8.355333333333334,8.335,8.09,8.71,0.620000000000001,0.026418850574712636,0.16253876637501785,8.356861452323674,0.45288331435640145,-0.5312556848369994,0.620000000000001,1.0422573174978431,1.000182891445425,5.189333333333334,5.1850000000000005,5.08,5.37,0.29000000000000004,0.006123678160919554,0.07825393383670597,5.189903659992159,0.403317008698562,-0.4894934790143468,0.29000000000000004,1.0347012876936743,1.0001099036469987,43.738333333333344,43.644999999999996,41.79,46.41,4.619999999999997,0.933952298850574,0.9664120750748999,43.74865281735351,0.6826028470105154,0.9473713739286418,4.619999999999997,1.060832665951049,1.0002359368369507
105,1,63.20399999999999,62.855000000000004,61.63,66.57,4.939999999999991,1.387907586206894,1.1780948969445941,63.214612709404456,1.8348115274624324,3.36954119298826,4.939999999999991,1.053079298389759,1.0001679119898181,0.4393333333333333,0.325,0.16,1.18,1.02,0.08152367816091953,0.28552351595082237,0.521363596734563,1.4225799508725498,1.4418957454847119,1.02,2.263295725652212,1.1867153188191875,8.732,8.585,8.2,10.39,2.1900000000000013,0.34297517241379316,0.5856408220178928,8.750963756448009,2.3707732747752623,4.80027964793451,2.1900000000000013,1.1872977981818624,1.002171754059552,5.409999999999999,5.32,5.15,6.2,1.0499999999999998,0.07495172413793105,0.2737731253025597,5.416692102504382,1.9817979886688204,3.632993334333486,1.0499999999999998,1.144610009701947,1.0012369875239155,45.862666666666655,44.955,42.8,54.03,11.230000000000004,8.104323678160922,2.8468093856387577,45.947996401729355,1.8297474428966833,3.26392274325708,11.230000000000004,1.1758945815092485,1.0018605489227848
106,1,64.25033333333334,63.864999999999995,61.63,68.02,6.3899999999999935,2.781824022988504,1.6678800985048368,64.27125663934073,0.45257067738893386,-0.8293988422463152,6.3899999999999935,1.0583269031395388,1.0003256528786992,0.8079999999999999,0.815,0.26,1.44,1.18,0.09207862068965517,0.30344459245413347,0.8613206913416936,0.31537685854242237,-0.2563275844437336,1.18,1.6718511635392015,1.065990954630809,9.347666666666665,8.985,8.33,11.25,2.92,0.7011840229885057,0.8373673166469454,9.38385226510591,0.9008087157639859,-0.42026103192124253,2.92,1.198867978967807,1.0038710835259328,5.727333333333334,5.654999999999999,5.31,6.49,1.1800000000000006,0.10830298850574718,0.3290941939714938,5.736465810932721,0.6722381548599209,-0.5822208791778052,1.1800000000000006,1.1313586124110027,1.0015945427073776,49.580666666666666,49.17,43.91,57.19,13.280000000000001,14.49386850574713,3.8070813631635363,49.72175828213104,0.4792994497036622,-0.7781051910924641,13.280000000000001,1.1502006762410268,1.0028456982317915
107,1,65.73633333333333,65.48500000000001,62.43,69.45,7.020000000000003,2.8842654022988508,1.698312516087322,65.75753677969799,0.3739748545359093,-0.03037616706253443,7.020000000000003,1.056152699768432,1.0003225529214892,0.9899999999999999,0.89,0.72,1.47,0.75,0.057979310344827596,0.24078893318594938,1.0179128973869358,0.8552268368401228,-0.7550283073291832,0.75,1.4441314220240338,1.0281948458453898,10.041333333333334,9.77,8.74,11.76,3.0199999999999996,0.8006395402298849,0.8947846334341493,10.079797947710393,0.6561813839692593,-0.7319854863118467,3.0199999999999996,1.1666900528171065,1.0038306281745843,6.079666666666667,6.01,5.47,6.95,1.4800000000000004,0.15167229885057476,0.3894512791743978,6.091712676524832,0.6189363330205565,-0.17646189015452007,1.4800000000000004,1.14089425569638,1.0019813602486154,52.98233333333334,52.260000000000005,46.95,59.81,12.86,12.557928850574713,3.5437168129768373,53.09676992686717,0.4490430396262368,-0.7297423140912089,12.86,1.1264338693743385,1.0021599009770648
108,1,66.24233333333333,65.66,63.49,69.45,5.960000000000001,2.9265564367816106,1.710718105586543,66.2636833416314,0.45992379949316986,-0.7334594458064263,5.960000000000001,1.0480854141768894,1.0003223015739895,1.242,1.295,0.72,1.87,1.1500000000000001,0.11352689655172413,0.33693752618508394,1.2854208130673266,-0.0800045717579253,-1.0504736768590304,1.1500000000000001,1.4547765066427745,1.0349603969946268,10.559999999999999,10.25,9.66,12.1,2.4399999999999995,0.6946000000000002,0.8334266614405854,10.591744269319697,0.6603876027588071,-1.1732733611510515,2.4399999999999995,1.1423991830173952,1.00300608610982,6.390000000000001,6.32,5.81,7.12,1.3100000000000005,0.12871034482758628,0.3587622399690166,6.399728119225066,0.4586885466207201,-0.8883469177017354,1.3100000000000005,1.1125472625331077,1.0015223973748146,55.56700000000001,55.515,49.81,62.41,12.599999999999994,10.803056206896548,3.286800299211461,55.660887913626865,0.14741399794904245,-0.7643922198379816,12.599999999999994,1.121254121868236,1.001689634380601
109,1,66.64133333333334,66.58500000000001,63.49,70.77,7.279999999999994,4.094784367816093,2.0235573547137458,66.67102519085783,0.48791976808397336,-0.5000108077056362,7.279999999999994,1.0614806026667223,1.0004455471707923,1.6346666666666665,1.68,1.16,2.15,0.99,0.06679816091954023,0.25845340183394805,1.6542994489108271,0.054735152786564725,-0.391771170657631,0.99,1.2996437866285555,1.0120102664625779,11.082666666666666,10.81,9.93,13.36,3.4299999999999997,0.8577029885057476,0.9261225558778641,11.120009592322,0.9240671901880705,0.2939077239186294,3.4299999999999997,1.201437812537917,1.0033694892013356,6.715333333333334,6.57,6.12,7.95,1.83,0.1998257471264368,0.4470187324111114,6.729700340034961,0.9910359896330716,0.8209842388710333,1.83,1.181330460244341,1.002139433143298,58.73799999999999,57.815,52.73,67.47,14.740000000000002,13.029678620689651,3.609664613324852,58.84511874403857,0.769828018840856,0.16132710976514142,14.740000000000002,1.1465691877261304,1.0018236702652215
110,1,68.03399999999999,67.86,64.69,74.82,10.129999999999995,4.6554179310344805,2.1576417522458358,68.06706540856108,0.9388683771539937,1.9413026293241469,10.129999999999995,1.0992100151652722,1.0004860130017503,1.8236666666666668,1.745,1.47,2.57,1.0999999999999999,0.051651609195402286,0.22726990384871087,1.8373050917036071,1.2662842454268273,2.5359497512112625,1.0999999999999999,1.3987878287633846,1.0074785734072054,11.578000000000001,11.54,10.37,14.01,3.6400000000000006,0.7445131034482757,0.86285172738326,11.60903871989408,1.1153689076954276,1.2365225288654553,3.6400000000000006,1.206818267906322,1.0026808360592572,7.080333333333333,7.02,6.45,8.18,1.7299999999999995,0.17162402298850568,0.4142752985497756,7.092039433994522,0.6904437142646634,0.6746821940648835,1.7299999999999995,1.1534058822051267,1.0016533262079736,63.11133333333334,63.42,56.89,76.94,20.049999999999997,20.501032643678162,4.52780660404993,63.268144116925065,0.8053206416444754,1.3793036363749733,20.049999999999997,1.2160938348026797,1.0024846691601887
111,1,69.28133333333334,68.905,65.95,74.82,8.86999999999999,3.7231154022988506,1.929537613600432,69.30730235696667,0.7846037697235034,0.9998524765118928,8.86999999999999,1.079539925167484,1.0003748343512442,2.1216666666666666,2.09,1.55,2.76,1.2099999999999997,0.1301729885057471,0.3607949396897732,2.1511167642258133,0.15025394010304655,-1.2094315007633196,1.2099999999999997,1.2830544793756575,1.0138806429972411,12.139666666666665,12.065000000000001,10.64,14.01,3.369999999999999,0.5820585057471261,0.7629275887966867,12.162818889276174,0.17871782886093085,0.17224598701622496,3.369999999999999,1.1518711350994846,1.00190715472222,7.424333333333333,7.375,6.9,8.18,1.2799999999999994,0.12017022988505742,0.34665578011199727,7.432152447306231,0.4056249226992478,-0.5409368537167798,1.2799999999999994,1.1006232794598858,1.0010531738840163,67.39433333333334,67.64500000000001,59.89,76.94,17.049999999999997,13.828956436781606,3.7187304872471745,67.49343787855724,0.22141554324057147,0.684308986602213,17.049999999999997,1.1399626751631797,1.0014705174800638
112,1,70.501,70.81,66.92,76.13,9.209999999999994,4.733492068965518,2.1756589964802657,70.5334439113815,0.43902146933013375,0.31190761661532607,9.209999999999994,1.0793461339510095,1.0004601907970312,2.6103333333333336,2.5949999999999998,1.89,3.44,1.55,0.132686091954023,0.364261021733074,2.6347871514286183,0.3912571428333356,-0.07146330597988637,1.55,1.3056083100051494,1.0093680825291602,13.112999999999998,12.96,11.65,15.53,3.879999999999999,0.9485113793103447,0.9739154887927107,13.147914790313077,1.2556663944335313,1.2273291022572792,3.879999999999999,1.18117589349164,1.0026626088853108,7.928333333333334,7.869999999999999,7.26,8.97,1.7100000000000009,0.20868333333333336,0.45681870948258385,7.941045061367343,0.6305283816727923,-0.2154904090579457,1.7100000000000009,1.1295742475557096,1.0016033291613213,71.42466666666665,70.265,65.3,83.74,18.439999999999998,24.50246022988505,4.949995982815041,71.5902836982785,1.5863505875165895,1.867307605374239,18.439999999999998,1.1697118054864428,1.0023187652017302
113,1,72.35333333333332,72.31,67.4,77.17,9.769999999999996,5.463505747126434,2.337414329366198,72.38982133790174,-0.17253972880624444,0.2577939087917378,9.769999999999996,1.0660338508059761,1.0005043030208478,2.9606666666666666,2.99,2.18,3.7,1.52,0.12565471264367814,0.3544780848567061,2.981109413177137,-0.013404108425059907,-0.38773324771175544,1.52,1.241148675605536,1.0069047781503502,14.27933333333333,14.205,12.46,16.88,4.419999999999998,1.3347512643678152,1.1553143573797633,14.32444135036337,0.32811525340540604,-0.6433647337274966,4.419999999999998,1.1784054670705746,1.0031589721996854,8.552666666666665,8.68,7.53,9.38,1.8500000000000005,0.22824781609195402,0.47775288182485515,8.56555582940574,-0.36238770152759664,-0.6620125242625541,1.8500000000000005,1.0950836334284642,1.0015070343837098,76.45166666666665,76.83500000000001,67.13,85.35,18.22,35.35698678160917,5.946174129775311,76.6748704378864,-0.040175253439664216,-1.5262542884803763,18.22,1.1131417570394362,1.0029195409459537
114,1,74.92199999999998,74.675,71.64,80.86,9.219999999999999,5.823788965517236,2.413252776962504,74.95956074222065,0.8655401048244286,0.352396674927014,9.219999999999999,1.078714965767615,1.0005013312808075,3.455666666666666,3.33,2.5,4.69,2.1900000000000004,0.36174954022988504,0.6014561831338049,3.505898363234926,0.41418064225117174,-0.6320395544520796,2.1900000000000004,1.3377455687769833,1.014536036433373,15.391333333333336,15.3,13.67,17.98,4.3100000000000005,1.2685843678160924,1.1263145066170872,15.431119207627164,0.7647777855294254,0.1775938936767365,4.3100000000000005,1.1651779600738874,1.0025849530662598,9.280000000000001,9.254999999999999,8.32,10.75,2.4299999999999997,0.3290620689655171,0.5736393195776568,9.297122852438456,0.9062586807168145,1.1265078507424624,2.4299999999999997,1.1562716950847307,1.0018451349610404,83.70599999999997,83.705,70.0,97.84,27.840000000000003,43.29893517241379,6.580192639460777,83.95564348710177,0.029811471052139445,0.021294190698458948,27.840000000000003,1.1653772865790888,1.0029823846211956
115,0,62.37766666666666,62.44,61.69,63.12,1.4299999999999997,0.13048747126436763,0.36123049603316665,62.378677740608346,-0.0805427063406077,-0.8097298339718453,1.4299999999999997,1.011884225287274,1.0000162089093054,0.18766666666666673,0.19,0.13,0.24,0.10999999999999999,0.0009357471264367814,0.030589984086899773,0.19006139358989596,0.027540806895825616,-0.6049341151507504,0.10999999999999999,1.2627498697492392,1.0127605342267987,7.926999999999999,7.915,7.84,8.02,0.17999999999999972,0.002056206896551728,0.04534541759154642,7.927125372205657,0.5042152460908921,-0.10550814107646955,0.17999999999999972,1.0117160538573016,1.0000158158452956,4.901,4.9,4.85,4.98,0.13000000000000078,0.0008782758620689707,0.029635719361422133,4.901086614211179,0.6792899676069345,0.19995810216694077,0.13000000000000078,1.016101202039565,1.0000176727629422,41.54433333333334,41.445,40.73,42.6,1.8700000000000045,0.22968747126436806,0.4792572078376788,41.54700546770289,0.6843721599757328,0.2854027367126557,1.8700000000000045,1.0253446552993013,1.0000643200685906
116,0,62.379000000000005,62.435,61.69,63.12,1.4299999999999997,0.1370575862068963,0.3702128930857167,62.38006195893043,0.07136359869231897,-0.22735326937537126,1.4299999999999997,1.011861771499309,1.0000170243019355,0.185,0.18,0.14,0.24,0.09999999999999998,0.0005982758620689656,0.024459678290381613,0.18655651511896693,0.5680617164761304,-0.1411967965797003,0.09999999999999998,1.2864734305684913,1.0084135952376592,7.933000000000001,7.9350000000000005,7.84,8.03,0.1899999999999995,0.0025320689655172444,0.05031966778027498,7.933154269687856,0.19350227311460466,-0.37616778183972466,0.1899999999999995,1.0122077205383722,1.0000194465760563,4.903666666666666,4.89,4.84,4.99,0.15000000000000036,0.0017274712643678212,0.041562859193850235,4.903836933123559,0.5734725005548938,-0.7544955368035442,0.15000000000000036,1.017570540793158,1.0000347222738548,41.469,41.475,40.73,42.6,1.8700000000000045,0.20574034482758632,0.45358609417351664,41.47139789461327,0.34607182964749944,-0.07382495523772858,1.8700000000000045,1.0272139875355715,1.0000578237867628
117,0,62.519,62.519999999999996,61.65,63.28,1.6300000000000026,0.16385068965517255,0.40478474483998594,62.5202667140824,-0.3021618886735544,0.0026036982843855583,1.6300000000000026,1.01215179214433,1.0000202612658937,0.18699999999999997,0.18,0.14,0.25,0.10999999999999999,0.0007665517241379311,0.02768667051376765,0.18897089723023489,0.7936034878986912,0.11324039285305743,0.10999999999999999,1.3229550352158703,1.0105395573809353,7.939333333333333,7.94,7.83,8.04,0.20999999999999908,0.002840919540229877,0.05330027711213026,7.939506281879245,0.03971767315155707,-0.4685677075547101,0.20999999999999908,1.0126574266148156,1.0000217837617658,4.917000000000001,4.915,4.84,5.02,0.17999999999999972,0.002007931034482757,0.04480994347779025,4.917197372487706,0.5567539307074493,-0.05959089538547424,0.17999999999999972,1.020906752307216,1.000040140835409,41.40566666666667,41.445,40.75,42.07,1.3200000000000003,0.16381850574712675,0.4047449885386189,41.407578895656286,-0.041047042733050286,-1.1677082085044108,1.3200000000000003,1.0159975811677606,1.0000461827847142
118,0,62.49166666666667,62.480000000000004,61.65,63.28,1.6300000000000026,0.16041436781609197,0.4005176248507573,62.49290735755538,0.06487909991028962,-0.20724249933077665,1.6300000000000026,1.012594911578385,1.0000198537013796,0.19133333333333338,0.19,0.14,0.25,0.10999999999999999,0.0007016091954022988,0.026487906587767535,0.19309755738140932,0.4304918226790359,0.10170003408435413,0.10999999999999999,1.2946823532635168,1.0092206831780972,7.9256666666666655,7.945,7.79,8.04,0.2499999999999991,0.003025402298850567,0.0550036571406899,7.925851163544939,-0.36321945851153536,0.10394047304631471,0.2499999999999991,1.0144020918510417,1.0000232784049636,4.917333333333333,4.92,4.85,5.02,0.16999999999999993,0.0018340229885057447,0.042825494609003,4.917513599371129,0.6087139040854458,0.24416166769976755,0.16999999999999993,1.020841101617284,1.0000366593081202,41.507,41.525,40.75,42.24,1.490000000000002,0.13065620689655186,0.3614639773152393,41.508521414283116,-0.015319606364159175,-0.24721252679768124,1.490000000000002,1.0176223715226143,1.000036654402465
119,0,62.42833333333335,62.405,61.66,63.19,1.5300000000000011,0.13639367816091938,0.36931514748371663,62.42938931304711,-0.1827652518780937,-0.132908975278486,1.5300000000000011,1.0121835355963338,1.0000169150713687,0.18566666666666665,0.185,0.13,0.23,0.1,0.0007909195402298851,0.028123291774432898,0.1877143219540445,-0.24978322341580608,-0.6744684641198946,0.1,1.2252661257051431,1.0110286640253745,7.917,7.95,7.78,8.0,0.21999999999999975,0.003932068965517239,0.06270621153854887,7.917240049411158,-0.655696566499422,-0.6200424613509412,0.21999999999999975,1.0104531314034109,1.0000303207542198,4.9079999999999995,4.91,4.84,4.98,0.14000000000000057,0.001526896551724141,0.039075523690977464,4.908150364444839,0.13865760340792274,-0.8852408382560086,0.14000000000000057,1.0146388415635446,1.000030636602453,41.53966666666667,41.54,40.41,42.63,2.220000000000006,0.27068609195402354,0.520275015692685,41.5428161057962,-0.10618809065300842,0.1834352610525758,2.220000000000006,1.0261702021219528,1.0000758176312488
120,0,62.48566666666665,62.59,61.66,63.03,1.3700000000000045,0.12110816091954002,0.34800597828132207,62.48660344425835,-0.8926043746781473,0.2700554026000286,1.3700000000000045,1.0086962088798184,1.0000149918796049,0.18433333333333335,0.18,0.13,0.23,0.1,0.0008322988505747126,0.028849590128365993,0.18650290435629505,-0.3003762893110549,-0.5153286918801823,0.1,1.233224762873441,1.0117698247176945,7.927666666666667,7.9350000000000005,7.78,8.07,0.29000000000000004,0.004287471264367816,0.06547878484186932,7.927928060554872,-0.2945603971259083,-0.1675416852149687,0.29000000000000004,1.0179204375165818,1.000032972361124,4.910999999999999,4.92,4.84,4.98,0.14000000000000057,0.0010851724137931104,0.032941955221163034,4.911106799897555,-0.11930906054884205,-0.18816916232497105,0.14000000000000057,1.0140280394846806,1.0000217470774906,41.472,41.625,40.25,42.63,2.3800000000000026,0.3745268965517248,0.6119860264350199,41.47636467515767,-0.16786877617474666,-0.5205428049039504,2.3800000000000026,1.027814282516744,1.0001052439033002
121,0,62.53566666666667,62.555,61.76,63.46,1.7000000000000028,0.10598402298850595,0.32555187449699313,62.536485803622405,0.04671797845150537,1.759693267524609,1.7000000000000028,1.0147676062143565,1.000013098716291,0.187,0.185,0.13,0.26,0.13,0.0007803448275862068,0.02793465280948032,0.18900617273870535,0.27029724450390313,0.7322491382927598,0.13,1.3756164480376059,1.010728196463665,7.921333333333334,7.925,7.77,8.09,0.3200000000000003,0.004625747126436789,0.06801284530466865,7.921615575962603,0.25663261576952107,1.1450157694332663,0.3200000000000003,1.0212563235898928,1.000035630697181,4.9079999999999995,4.915,4.84,5.01,0.16999999999999993,0.0016303448275862124,0.040377528745407544,4.90816055157123,0.24689922527174496,0.16798778197552,0.16999999999999993,1.0207490051229413,1.000032712219077,41.38900000000001,41.34,40.25,42.33,2.0799999999999983,0.25050586206896547,0.5005056064311023,41.39192525924189,-0.07145698438087424,-0.04586572171556913,2.0799999999999983,1.022663230446104,1.0000706772147643
122,0,62.44866666666667,62.455,61.76,63.46,1.7000000000000028,0.1345085057471268,0.3667540125849025,62.44970771215293,0.35312227746660985,0.6644974814155367,1.7000000000000028,1.016177694417783,1.0000166704197515,0.19366666666666668,0.18,0.14,0.27,0.13,0.0011826436781609197,0.03438958676926665,0.196596032513375,0.826891927299053,0.16226459564453144,0.13,1.373374612641947,1.015125813322074,7.9076666666666675,7.91,7.77,8.09,0.3200000000000003,0.003901264367816097,0.062460102207858234,7.907905116611689,0.31011458621385335,1.6081355788626945,0.3200000000000003,1.02302694338173,1.0000301542737033,4.905666666666667,4.905,4.84,5.01,0.16999999999999993,0.0017219540229885027,0.04149643385868842,4.905836320139513,0.3953459459979637,-0.1913045152949393,0.16999999999999993,1.0212326039971762,1.0000345831635888,41.38166666666666,41.315,40.54,42.61,2.0700000000000003,0.21136609195402295,0.45974568182205144,41.38413532583068,0.8396707389015826,1.0876685463302245,2.0700000000000003,1.0296216089696617,1.0000596558660602
123,0,62.67233333333333,62.76,61.88,63.37,1.4899999999999949,0.1841219540229885,0.4290943416347837,62.673753278385995,-0.2911822521493875,-0.8786520199357484,1.4899999999999949,1.0111090637658382,1.0000226566489094,0.2723333333333333,0.265,0.14,0.41,0.26999999999999996,0.0073978160919540206,0.08601055802605875,0.2851607733659499,-6.606438199502603e-05,-1.5483531146920457,0.26999999999999996,1.4377854119291595,1.0471019829839043,7.984,7.96,7.83,8.22,0.39000000000000057,0.011059310344827607,0.10516325567814838,7.984669477609368,0.6684822706217378,-0.4096673359935621,0.39000000000000057,1.0294727944657631,1.000083852405983,4.947333333333333,4.9350000000000005,4.86,5.04,0.17999999999999972,0.0030271264367816068,0.05501932784741746,4.947629061816714,0.2765908766913385,-0.999239719809081,0.17999999999999972,1.0186697379753382,1.0000597753301537,41.93399999999998,41.67,40.68,43.52,2.8400000000000034,0.6449696551724138,0.8031000281237785,41.941433292946336,0.4804290709174211,-0.8784227493393946,2.8400000000000034,1.037637404902878,1.00017726171952
124,0,63.21000000000001,63.135000000000005,62.32,64.39,2.0700000000000003,0.2417379310344836,0.4916685174327146,63.21184841467618,0.640721062567554,-0.18716916706150233,2.0700000000000003,1.0186381448236574,1.0000292424406925,0.33000000000000007,0.33499999999999996,0.24,0.42,0.18,0.0027034482758620682,0.05199469468957452,0.3339361216360598,-0.05361894884238667,-1.0547064549823817,0.18,1.2577255732092885,1.0119276413213931,8.215666666666666,8.17,7.93,8.64,0.7100000000000009,0.04316333333333339,0.2077578718925793,8.218205603009293,0.5426809066628686,-0.6579589788584279,0.7100000000000009,1.0513243909152452,1.0003090359487112,5.065,5.045,4.92,5.34,0.41999999999999993,0.011936206896551723,0.10925294914349783,5.066138897951114,0.6718755659076773,0.025146021438937183,0.41999999999999993,1.0540571641570353,1.000224856456291,42.82533333333333,42.864999999999995,41.2,43.98,2.779999999999994,0.55439816091954,0.7445791837807044,42.831589899667904,-0.5620196292144075,-0.27257772671321145,2.779999999999994,1.0268122220777287,1.0001460949827494
125,1,63.94166666666667,63.83,62.73,68.93,6.20000000000001,1.5573798850574745,1.2479502734714532,63.953437775723465,2.8987546108571935,9.769407031349767,6.20000000000001,1.0778153981609044,1.0001840913706264,0.49566666666666664,0.38,0.24,1.31,1.07,0.0813012643678161,0.28513376574480986,0.5694529538659596,1.7041932863161682,2.6243611042760637,1.07,2.3004534283412528,1.148862717954189,8.796333333333333,8.625,8.1,11.51,3.41,0.5407343678160919,0.7353464270778038,8.825995128029472,2.54680753705983,7.268249210293611,3.41,1.3041022381087322,1.0033720635146621,5.352333333333333,5.300000000000001,5.05,6.51,1.46,0.09954264367816092,0.3155037934449615,5.3613148262965,2.237757407871764,6.327245609501784,1.46,1.2142543780621424,1.001678051870804,45.15333333333334,43.84,42.35,55.38,13.030000000000001,9.772491954022989,3.126098519564441,45.257819803138254,2.1047282332549884,4.600622054211261,13.030000000000001,1.223655939258476,1.002314036685477
126,1,65.11966666666666,64.345,63.2,70.33,7.1299999999999955,3.3235688505747136,1.8230657833920074,65.1443302981925,1.3878883582898855,1.370992647495079,7.1299999999999955,1.0796027786005404,1.0003787432090536,0.8656666666666667,0.895,0.35,1.66,1.31,0.1051771264367816,0.3243102317793591,0.9225237124323689,0.3568623695085511,0.11451395429434275,1.31,1.7994117415401354,1.0656800682699679,9.647666666666668,9.434999999999999,8.58,12.55,3.9700000000000006,0.9015909195402301,0.9495214160513864,9.692729749662888,1.4312166366417967,2.1339953845877915,3.9700000000000006,1.2947848876562857,1.0046708789340657,5.750333333333333,5.635,5.28,6.89,1.6099999999999994,0.1613136781609195,0.40163874086163487,5.763876299852384,1.3190032877837894,1.4082063992280034,1.6099999999999994,1.1953761048231477,1.0023551619939222,48.77533333333333,48.480000000000004,43.49,58.81,15.32,12.666232643678166,3.558965108522162,48.90068677091015,0.9298281966566225,1.0892613667344424,15.32,1.2026415963340757,1.0025700170354581
127,1,66.75966666666666,66.56,63.41,72.03,8.620000000000005,4.339548160919542,2.0831582179276595,66.79107717352672,0.7967102140356831,0.46890813624250427,8.620000000000005,1.078437465724086,1.000470501253652,1.169,1.07,0.84,1.79,0.9500000000000001,0.07509206896551722,0.2740293213609033,1.1996457810537242,1.1191384484118054,0.18624554159191353,0.9500000000000001,1.492107110507012,1.0262153815686264,10.646666666666667,10.54,9.25,13.23,3.9800000000000004,1.1563678160919542,1.0753454403548444,10.699034224327601,1.102113150576136,0.6704346912734689,3.9800000000000004,1.2365602093240768,1.0049186810576958,6.186333333333335,6.1,5.48,7.34,1.8599999999999994,0.21685160919540217,0.4656732858940935,6.203252641423961,0.9925004818934633,0.761504030242599,1.8599999999999994,1.1832502115076031,1.0027349493114865,53.13966666666666,51.63,48.21,64.31,16.1,21.615672298850576,4.649265780620697,53.33591026066147,1.2761785154354606,1.0538265673061167,16.1,1.2057542411052202,1.0036929775119932
128,1,68.06333333333333,67.475,65.09,74.26,9.170000000000002,4.032133333333336,2.008017264202013,68.091960416288,1.475076319497349,2.2271421757769208,9.170000000000002,1.0905839624238014,1.0004205947836036,1.591666666666667,1.665,0.98,2.81,1.83,0.18244885057471266,0.42714031719648365,1.6461379043081417,0.5788474617363849,0.6224849798075502,1.83,1.7070258771430333,1.0342227671045914,11.618666666666666,11.515,10.36,14.94,4.58,1.0266533333333334,1.0132390306997325,11.66129695474164,1.3903036791281205,2.604592147074511,4.58,1.2811610970875065,1.0036691205022068,6.668666666666666,6.66,6.06,7.82,1.7600000000000007,0.20647402298850584,0.4543941273701783,6.683614790415937,0.7142063428852102,0.17803797547024702,1.7600000000000007,1.1700255393553798,1.002241546098561,57.95366666666667,57.86,51.17,70.13,18.959999999999994,21.75926540229885,4.664682776170192,58.13485560889153,0.6299726990426369,0.10804045539498963,18.959999999999994,1.2063330899418945,1.0031264448419976
129,1,69.801,69.425,66.73,74.26,7.530000000000001,5.529567931034483,2.351503334259699,69.8392787047518,0.4119323937099853,-1.042539928346562,7.530000000000001,1.0632984958784721,1.0005483976555036,2.127,2.08,1.5,2.84,1.3399999999999999,0.1436493103448276,0.3790109633570348,2.159395748814932,0.3833758466660391,-0.5726177946079414,1.3399999999999999,1.315182731816797,1.0152307234672928,12.761333333333335,12.44,11.16,15.45,4.289999999999999,1.4761636781609189,1.2149747644132034,12.817120841541078,0.8149703555499844,-0.23609524065635812,4.289999999999999,1.2054189229398227,1.0043716049687397,7.2603333333333335,7.275,6.54,8.37,1.8299999999999992,0.24790678160919527,0.49790238160626954,7.276818214943488,0.41524056865988507,-0.7266337673991119,1.8299999999999992,1.1502279915157947,1.0022705406010037,62.74733333333334,61.555,55.41,73.61,18.200000000000003,22.624551264367817,4.756527227333805,62.92136552872959,0.7229623458381244,-0.22094109694023523,18.200000000000003,1.1698728942300216,1.00277353930679
130,1,71.94599999999998,71.35,68.8,77.99,9.189999999999998,4.758845517241378,2.1814778287301886,71.97796283122587,1.033130544402662,1.371334168612636,9.189999999999998,1.083526081210039,1.0004442614075262,2.5533333333333332,2.4850000000000003,1.89,3.25,1.36,0.14611264367816093,0.3822468360603668,2.5808435313543,0.33492837216347093,-0.893697156310663,1.36,1.259278201299774,1.0107742289899346,14.026666666666666,13.91,12.2,16.96,4.760000000000002,1.3075609195402298,1.1434863005476847,14.071650696820658,0.6088478290384277,0.21352738931606696,4.760000000000002,1.205260162109619,1.003207036370294,7.953666666666666,7.99,7.12,9.26,2.1399999999999997,0.27427919540229867,0.5237167129300904,7.970316806752414,0.6682164372734819,0.4445767712337627,2.1399999999999997,1.1618107817439545,1.002093391737867,67.783,67.29,60.32,78.97,18.65,23.307594137931037,4.8277939204082685,67.94899383606305,0.5168619446258955,-0.25627727233488384,18.65,1.1621952812211869,1.0024489006987454
131,1,73.19800000000001,72.83,69.64,77.99,8.349999999999994,4.386395862068962,2.094372426783012,73.22695805962901,0.8857444074669907,0.386644631088811,8.349999999999994,1.0650449242544313,1.0003956127165907,3.087,3.1500000000000004,2.18,3.83,1.65,0.22468379310344824,0.4740082205019743,3.121980674721311,-0.36598288190634914,-0.8910465983842535,1.65,1.2267853004381237,1.0113316082673505,15.090000000000002,15.100000000000001,13.16,16.96,3.8000000000000007,1.0206206896551722,1.0102577342713948,15.122655190144355,-0.05371029756030902,-0.6916327214751758,3.8000000000000007,1.121496178201105,1.0021640285052587,8.492999999999999,8.455,7.66,9.51,1.8499999999999996,0.2004355172413793,0.44770025378748596,8.504399057742607,0.38204946766318876,-0.24198352635453801,1.8499999999999996,1.1182447972431244,1.0013421709340171,73.79066666666668,74.78999999999999,65.41,81.03,15.620000000000005,29.006634022988504,5.385780725483401,73.98041790455994,-0.15153170715471348,-1.552738826720761,15.620000000000005,1.095289838785914,1.0025714801947843
132,1,75.41133333333332,75.14500000000001,71.94,82.57,10.629999999999995,7.298136091954019,2.7015062635415115,75.45809472813372,0.6958693784306751,-0.07053367291922852,10.629999999999995,1.094249732881404,1.0006200844453141,3.7086666666666663,3.665,2.76,4.75,1.9900000000000002,0.19907402298850574,0.4461771206466169,3.734520942057584,0.46446488281490633,0.7832314842089869,1.9900000000000002,1.2719168197736561,1.0069713127964006,16.772666666666666,16.515,14.74,21.18,6.4399999999999995,2.41279264367816,1.553316659177439,16.84205193357785,0.9661949191980234,0.8433117149317133,6.4399999999999995,1.2575664820136092,1.0041368059289628,9.199,9.05,8.06,10.71,2.6500000000000004,0.4820506896551727,0.6942987034808381,9.224293107514164,0.47533117529350616,-0.6032493548084181,2.6500000000000004,1.1610645797102404,1.0027495496808527,80.79466666666666,80.51,68.2,90.68,22.480000000000004,26.40367402298851,5.1384505469050215,80.95246576438134,-0.11780606564849462,0.26022998057872027,22.480000000000004,1.1201635323120538,1.001953088046835
133,1,77.88933333333334,77.74,72.87,85.57,12.699999999999989,7.574075402298844,2.752103813866556,77.93631921853465,0.6599551950029068,1.2014393805016343,12.699999999999989,1.0979476687891865,1.000603239021192,4.310333333333333,4.265,3.42,5.71,2.29,0.3113550574712644,0.5579919869238844,4.345106442884915,0.5641908908997317,-0.10857927160002445,2.29,1.3141220071490054,1.0080673829289881,18.706000000000003,18.78,16.19,21.59,5.399999999999999,2.32091448275862,1.5234547852688705,18.765872925783835,0.34906340805879477,-0.7170154586255206,5.399999999999999,1.1504927101118694,1.0032007337637032,10.062000000000001,10.11,8.9,11.14,2.24,0.38073379310344824,0.6170362980436793,10.0802721524107,-0.14586078264580238,-0.6070754220427466,2.24,1.1051288925106915,1.001815956311936,88.21566666666668,88.285,76.09,100.01,23.92,38.7633288505747,6.2260203059879835,88.42779576204155,0.0930085705064176,-0.8935351349426606,23.92,1.130979225911342,1.0024046646518745
134,1,79.61933333333333,78.475,72.87,85.57,12.699999999999989,8.698323678160914,2.9492920638961673,79.67211946471613,0.1390140837281062,-0.4526943173169533,12.699999999999989,1.0740269064625025,1.0006629813284396,4.970333333333332,4.970000000000001,3.73,6.07,2.3400000000000003,0.31435505747126435,0.5606737531499618,5.000808934562488,-0.27996740898775174,-0.2149472838689066,2.3400000000000003,1.2138036224595439,1.0061315004820246,20.108000000000004,20.134999999999998,17.35,23.22,5.869999999999997,1.571478620689654,1.2535863036463242,20.145738010805164,-0.01751021531163714,0.49533366101708465,5.869999999999997,1.1526011103463152,1.0018767660038372,10.786333333333335,10.809999999999999,9.7,11.95,2.25,0.3266102298850576,0.571498232617615,10.800958753740336,-0.01430921942723215,-0.505569545748358,2.25,1.1063832639729094,1.0013559214197287,95.63433333333336,95.83500000000001,81.75,107.26,25.510000000000005,38.63650126436784,6.21582667586282,95.82940222082155,-0.2582744348401292,-0.0050225488400021945,25.510000000000005,1.1192806958436274,1.002039736992867
135,1,82.54733333333334,82.87,76.58,88.2,11.620000000000005,10.557930574712646,3.2492969354481356,82.60912927758046,-0.11445652956868467,-0.5333452092028459,11.620000000000005,1.0676786061215253,1.0007486122416285,5.6419999999999995,5.545,4.89,6.91,2.0200000000000005,0.28865793103448273,0.5372689559564024,5.6666745097984945,0.6749930415360286,-0.014787087579493097,2.0200000000000005,1.2194100769422378,1.0043733622471633,21.900999999999996,21.665,19.94,25.31,5.369999999999997,2.395602413793103,1.547773372878957,21.9538049094001,0.37547545086417405,-1.040369925641824,5.369999999999997,1.152875326370549,1.0024110729829736,11.70566666666667,11.635000000000002,10.5,13.24,2.74,0.5156805747126437,0.7181090270374295,11.726940066928515,0.24612176253688603,-0.719313636765865,2.74,1.1290242744003194,1.0018173591361887,104.11133333333332,103.67500000000001,90.72,119.19,28.47,55.03008781609196,7.418226729892526,104.36649596494077,0.11512186276908959,-0.49409068223294117,28.47,1.1420331678093207,1.002450863161943
136,1,86.22333333333334,86.38,80.94,93.25,12.310000000000002,9.939174712643684,3.15264566874295,86.27903036080089,0.24891300149794454,0.014893945170777023,12.310000000000002,1.0807956418848006,1.0006459623551345,6.488,6.425,5.37,7.65,2.2800000000000002,0.49214758620689664,0.7015323130169391,6.524560266153318,-0.07598785657427799,-1.1985582911195238,2.2800000000000002,1.1724928099269756,1.0056350595180823,24.220999999999997,24.16,21.25,27.76,6.510000000000002,2.5425955172413794,1.5945518233163134,24.271684806237356,0.06851552888434671,-0.4612370342508547,6.510000000000002,1.1437195325174219,1.0020925975904116,12.77833333333333,12.745000000000001,11.52,13.92,2.4000000000000004,0.48357988505747135,0.6953990833021506,12.796611400418993,-0.17714642057536406,-0.9772843631657899,2.4000000000000004,1.0877879748340429,1.0014303952329981,112.93566666666666,112.65,101.46,124.9,23.440000000000012,42.973770229885076,6.55543821799009,113.1194329753587,0.009525729308409265,-0.8458868076640842,23.440000000000012,1.1041427340535512,1.0016271769062508
137,1,88.97566666666667,88.33500000000001,82.94,93.8,10.86,8.55621850574713,2.925101452214458,89.02213359608946,0.02984070780479002,-0.7310665413476491,10.86,1.0536705447387795,1.0005222431161642,7.44,7.4,6.05,8.51,2.46,0.386496551724138,0.621688468386006,7.465066197518501,-0.20935542167292998,-0.4723576242119276,2.46,1.1399764951620723,1.003369112569691,26.217666666666666,25.89,23.03,29.27,6.239999999999998,2.32939091954023,1.526234228269118,26.260574822345376,0.214527039268484,-0.5882874736437609,6.239999999999998,1.1145986025825252,1.0016366122975109,13.765333333333334,13.670000000000002,12.63,15.11,2.4799999999999986,0.45204643678160894,0.6723439869453798,13.781196609873907,0.13716827904345086,-0.8469418778577005,2.4799999999999986,1.0964214812213067,1.0011524077300882,121.8633333333333,121.67500000000001,108.0,138.2,30.19999999999999,61.5332712643678,7.844314582190582,122.10714218805275,0.3080057518078285,-0.28953668046556924,30.19999999999999,1.131792928108687,1.0020006744280707
138,0,62.45066666666666,62.445,61.94,63.12,1.1799999999999997,0.08378574712643688,0.28945767760838004,62.451315118258314,0.425403174632506,-0.3536085619385294,1.1799999999999997,1.0107072986449597,1.000010383421447,0.19066666666666668,0.19,0.14,0.25,0.10999999999999999,0.0003926436781609195,0.019815238534040398,0.19165942015286735,0.3856722698352393,2.488414780816152,0.10999999999999999,1.3043971426011842,1.0052067490535002,7.965333333333334,7.97,7.87,8.02,0.14999999999999947,0.0012395402298850495,0.035207104821116,7.965408547797993,-0.8683477838027905,0.9917679155560877,0.14999999999999947,1.0068535658747972,1.0000094427265642,5.058000000000001,5.055,5.01,5.13,0.1200000000000001,0.0008096551724137941,0.028454440293454977,5.0580773685924045,0.6015687992323729,0.04806314969874537,0.1200000000000001,1.0142193616598654,1.000015296281614,42.12133333333333,42.075,41.47,42.84,1.3700000000000045,0.15947402298850627,0.39934198751008676,42.123163224050494,0.0607350521532569,-0.8598563312589063,1.3700000000000045,1.0170176387783771,1.000043443323664
139,0,62.42966666666666,62.43,62.01,62.89,0.8800000000000026,0.05729988505747135,0.239373943981945,62.43011028342013,0.2506960950549008,-0.7492773646370079,0.8800000000000026,1.0073664729165472,1.0000071058645217,0.18666666666666665,0.19,0.14,0.22,0.07999999999999999,0.0004091954022988505,0.020228578850202267,0.18772320048411706,-0.3669934538771284,-0.4064534600609613,0.07999999999999999,1.171938255008676,1.0056600025934843,7.973333333333333,7.97,7.9,8.07,0.16999999999999993,0.0014919540229884952,0.03862582067721662,7.973423773177157,0.43609678154545717,0.2500117860255249,0.16999999999999993,1.012112265642738,1.0000113427897774,5.049,5.045,4.99,5.11,0.1200000000000001,0.0007886206896551789,0.028082391095759256,5.049075492932674,0.11951393687154548,-0.4781252087264609,0.1200000000000001,1.0120664678420046,1.0000149520563824,42.218666666666664,42.11,41.47,43.09,1.6200000000000045,0.20062574712643697,0.4479126556890718,42.22096343445201,0.17057061906684534,-0.7881124807304154,1.6200000000000045,1.0205830586243532,1.0000544017129551
140,0,62.596333333333334,62.55500000000001,62.07,63.2,1.1300000000000026,0.09454816091954023,0.3074868467423285,62.59706337627456,0.14979379575961865,-1.1223136386438706,1.1300000000000026,1.0096320273061559,1.0000116627109346,0.1766666666666667,0.18,0.12,0.22,0.1,0.0006643678160919539,0.025775333481682712,0.17847502159499334,-0.27664042692577867,-0.4154960172548554,0.1,1.2326654902961027,1.010235971292415,7.982666666666668,7.98,7.91,8.07,0.16000000000000014,0.0016202298850574687,0.04025207926377802,7.982764767505888,0.12096924960483924,-0.5709750285148782,0.16000000000000014,1.0109279472757617,1.0000122892315708,5.052000000000001,5.055,4.99,5.11,0.1200000000000001,0.001085517241379311,0.032947188671862596,5.052103852192008,-0.2945356165800439,-0.5983237369050629,0.1200000000000001,1.0114598095173504,1.0000205566492493,42.20499999999999,42.165,40.78,43.09,2.3100000000000023,0.25040517241379306,0.5004050083820035,42.2078675525468,-0.6072167347763336,0.9750452087390711,2.3100000000000023,1.0208997160625324,1.0000679434319821
141,0,62.583333333333336,62.59,62.09,63.2,1.1099999999999994,0.08549195402298854,0.2923900716901799,62.58399358728503,0.2632427700806434,-0.6672840251488381,1.1099999999999994,1.009842874789635,1.000010549996565,0.17733333333333334,0.18,0.12,0.22,0.1,0.0006891954022988504,0.02625253135030697,0.17920193451336774,-0.28901743393680024,-0.5066747061654926,0.1,1.2276653184432498,1.0105372246994422,7.984,7.98,7.89,8.05,0.16000000000000103,0.0011420689655172436,0.03379451087850279,7.984069137977201,-0.6809514847835103,1.0660129591289422,0.16000000000000103,1.008257801990866,1.0000086595662827,5.053333333333334,5.06,4.99,5.11,0.1200000000000001,0.001043678160919542,0.032306008124179345,5.05343315644589,-0.1706950141000404,-0.4447849061416189,0.1200000000000001,1.0111937452822457,1.0000197539140943,42.137333333333345,42.13,40.78,42.84,2.0600000000000023,0.20094436781609215,0.4482681873790423,42.13963818860654,-0.8321464552799294,1.5072936986290415,2.0600000000000023,1.0166200243167447,1.0000546986505996
142,0,62.41033333333333,62.425,61.91,62.82,0.9100000000000037,0.04960333333333351,0.22271805794172486,62.41071748238973,-0.26684283735485964,-0.3556473770588129,0.9100000000000037,1.0065578883582897,1.000006155215585,0.18133333333333335,0.18,0.14,0.23,0.09,0.00046712643678160914,0.02161310798523917,0.18257418583505539,0.3869563595163544,-0.36465760431520833,0.09,1.259761882261882,1.0068429365903788,7.968666666666667,7.97,7.89,8.03,0.13999999999999968,0.0010533333333333289,0.03245509718570149,7.968730555531833,-0.4817261892023667,0.35582470284302836,0.13999999999999968,1.007688733361129,1.0000080175100603,5.052666666666667,5.055,5.01,5.11,0.10000000000000053,0.0006891954022988527,0.026252531350307015,5.0527325940194645,0.26451366355335015,-0.49524359675090324,0.10000000000000053,1.011333947505617,1.0000130480312965,42.071999999999996,42.025,41.39,42.84,1.4500000000000028,0.1481613793103452,0.38491736685988226,42.07370207940664,0.3362883286067299,-0.5898516450136091,1.4500000000000028,1.0182132278055094,1.0000404563464214
143,0,62.51033333333333,62.53,61.91,62.99,1.0800000000000054,0.0684998850574716,0.26172482697954275,62.51086297596602,-0.3516495172902188,-0.36638346398655086,1.0800000000000054,1.0076648601734741,1.0000084728812735,0.18700000000000003,0.19,0.16,0.23,0.07,0.00037344827586206883,0.01932480985319309,0.1879627622695517,0.3649112296681718,-0.6916836079442263,0.07,1.2236466267194137,1.005148461334501,7.977666666666667,7.97,7.91,8.09,0.17999999999999972,0.0017840229885057375,0.042237696297333,7.977774752398065,0.6008848566407023,0.5994637153587838,0.17999999999999972,1.0140672369282175,1.0000135485394306,5.0583333333333345,5.06,5.01,5.11,0.10000000000000053,0.0008005747126436767,0.028294429003669196,5.058409829185453,0.2596965045803303,-1.0576060341851907,0.10000000000000053,1.0101988910659014,1.0000151227384748,41.89733333333333,41.93,41.23,42.75,1.5200000000000031,0.1342340229885059,0.36637961595660024,41.89888184665552,0.1307502430416515,-0.31791780292665495,1.5200000000000031,1.0203136245129276,1.0000369597107737
144,0,62.56100000000001,62.535,62.14,62.99,0.8500000000000014,0.04471965517241381,0.21147022289772574,62.561345493843085,0.09805345491957446,-0.5518479710671347,0.8500000000000014,1.006851746917737,1.000005522511518,0.1913333333333333,0.19,0.14,0.23,0.09,0.00041885057471264354,0.02046583921349534,0.19238849584456275,-0.3217744900936902,-0.1048791735254686,0.09,1.195497677708468,1.0055147866440564,7.983999999999999,7.975,7.91,8.09,0.17999999999999972,0.00166620689655171,0.04081919764708403,7.984100867766305,0.6487292012983197,0.14770394364501183,0.17999999999999972,1.0132637517971792,1.0000126337382647,5.059333333333333,5.06,5.01,5.11,0.10000000000000053,0.0010891954022988534,0.03300296050809463,5.059437386376737,-0.03578554003076911,-1.2483191794187032,0.10000000000000053,1.0099937225746505,1.0000205665522606,42.039,42.045,41.23,42.87,1.6400000000000006,0.16084379310344815,0.4010533544348534,42.04084922231392,-0.21956942322523065,-0.3142953628693341,1.6400000000000006,1.0197225030660415,1.0000439882564742
145,0,62.440666666666665,62.44,61.77,63.09,1.3200000000000003,0.05942712643678166,0.2437767963461282,62.44112667144948,0.14101837383120053,2.2291169925675707,1.3200000000000003,1.010391762018721,1.0000073670703304,0.19666666666666668,0.2,0.14,0.24,0.09999999999999998,0.0005126436781609195,0.02264163594268134,0.19792254377238927,-0.22351999815291776,0.140916625251724,0.09999999999999998,1.212595571103814,1.0063858157918097,7.964666666666668,7.96,7.88,8.04,0.15999999999999925,0.0017222988505746924,0.04150058855696739,7.964771183153976,0.15594611832561922,-0.537186173272763,0.15999999999999925,1.0094451949862837,1.0000131225187046,5.04,5.04,4.96,5.11,0.15000000000000036,0.0012620689655172413,0.03552560999500559,5.040121030292824,0.06427398053574251,-0.0983684763582735,0.15000000000000036,1.0138645419995234,1.000024013946989,42.16600000000001,42.245000000000005,41.14,42.87,1.7299999999999969,0.1859213793103445,0.43118601474345675,42.16813109446517,-0.4290312476336955,-0.519340960752884,1.7299999999999969,1.0166445343276538,1.000050540588748
146,0,62.59,62.56,61.77,63.32,1.5499999999999972,0.10866206896551721,0.3296393013060142,62.59083910605449,-0.02209366360018391,0.348086727878854,1.5499999999999972,1.011649642413485,1.0000134063916677,0.19333333333333333,0.19,0.14,0.24,0.09999999999999998,0.0006781609195402299,0.02604152298810939,0.19502136635080097,0.08414574270401831,-0.46796076661058006,0.09999999999999998,1.2306343888919957,1.0087312052627637,7.974333333333334,7.975,7.88,8.05,0.17000000000000082,0.0021909195402298686,0.04680725948215585,7.974466126330967,-0.2354054583868553,-0.9777323458495291,0.17000000000000082,1.0094719662071958,1.0000166525516405,5.041,5.04,4.96,5.12,0.16000000000000014,0.0012231034482758614,0.034972895909201766,5.041117270341301,-0.09970725446493527,0.24112719113891368,0.16000000000000014,1.0156478664209607,1.0000232633091253,42.019666666666666,41.974999999999994,40.95,43.27,2.3200000000000003,0.26665160919540287,0.5163831999546489,42.02273372830473,0.2367391387260998,-0.0003537911151250128,2.3200000000000003,1.0296807504185566,1.0000729910987252
147,0,62.82233333333333,62.82,62.15,63.32,1.1700000000000017,0.06959091954022986,0.2638009089071337,62.822868739549506,-0.31742057607828383,-0.13845905928595492,1.1700000000000017,1.00791322125883,1.000008522545849,0.25433333333333336,0.23,0.14,0.44,0.3,0.0075357471264367835,0.08680868116978153,0.26827224977623015,0.5964921532057259,-0.9192513318242312,0.3,1.6401249117902075,1.0548057002997253,7.997333333333334,7.99,7.9,8.08,0.17999999999999972,0.002116781609195402,0.04600849496772745,7.997461263842837,-0.22622649536168773,-0.5625476958426101,0.17999999999999972,1.0103206171851469,1.0000159966459032,5.076333333333333,5.08,4.99,5.15,0.16000000000000014,0.0015067816091953999,0.038817284928178576,5.0764767966244735,-0.17614589287348822,-0.2561788739394584,0.16000000000000014,1.0144831162085515,1.0000282612038494,42.274,42.325,40.95,43.31,2.3599999999999994,0.379231724137932,0.615817930997411,42.27833566575991,-0.0015602632989613193,-0.7361293704057594,2.3599999999999994,1.0244017253279818,1.0001025610483965
148,0,62.95033333333334,63.0,62.43,63.55,1.1199999999999974,0.0859274712643679,0.2931338794209361,62.95099308192047,-0.20997780416588147,-0.6547300092075816,1.1199999999999974,1.0095154482678297,1.0000104804621708,0.2833333333333333,0.28,0.14,0.44,0.3,0.006560919540229886,0.08099950333322968,0.2943127588127976,-0.02237042349577413,-1.0359825818912372,0.3,1.4950082414873123,1.0387509134569328,8.08,8.08,7.9,8.26,0.35999999999999943,0.008758620689655165,0.09358750284976709,8.080523910407459,0.025420889999781003,-0.6857821168023275,0.35999999999999943,1.0222109471591787,1.0000648403969628,5.128333333333332,5.125,5.01,5.26,0.25,0.0027798850574712653,0.05272461528993137,5.1285953242579,0.32270844322303865,0.47144376474299676,0.25,1.025621962239946,1.000051086953117,42.68066666666666,42.760000000000005,41.46,43.39,1.9299999999999997,0.2959857471264371,0.5440457215404209,42.684018398771535,-0.6559989356895818,-0.287194051958398,1.9299999999999997,1.016539717386327,1.000078530453403
149,1,63.211666666666666,63.085,62.37,66.41,4.039999999999999,0.7321385057471245,0.855650925171664,63.217264545902864,2.8440047862113853,8.757422600017193,4.039999999999999,1.0505041696604707,1.0000885576908725,0.3076666666666667,0.245,0.14,1.06,0.92,0.040328850574712645,0.20082044361745804,0.3655726102066911,2.621178537972794,7.590708906752045,0.92,2.899560772347487,1.188210000671802,8.375666666666666,8.225000000000001,8.08,10.36,2.2799999999999994,0.27900471264367804,0.5282089668338451,8.391751704302663,3.3574030652527136,10.787959235104251,2.2799999999999994,1.234545582978601,1.0019204486372426,5.261000000000001,5.21,5.1,6.04,0.9400000000000004,0.04745068965517243,0.21783179211302567,5.265357537717643,2.99698227583358,8.992213297767119,0.9400000000000004,1.147120581410344,1.0008282717577726,43.57766666666667,43.195,41.46,51.84,10.380000000000003,4.791825402298853,2.1890238469004517,43.63078190910633,3.0270811852167956,9.51669919339826,10.380000000000003,1.18815198196529,1.0012188638470698
150,1,63.84000000000001,63.29,62.37,67.6,5.229999999999997,1.5677999999999988,1.252118205282552,63.85186872754782,1.5107139091087796,1.9629301935313066,5.229999999999997,1.0587004162469424,1.0001859136520646,0.5469999999999999,0.5900000000000001,0.15,1.2,1.05,0.07886310344827588,0.28082575282241456,0.6127343089246213,0.3682856601087184,-0.40115497410538214,1.05,1.9584344837912842,1.1201724111967484,8.807333333333334,8.61,8.17,10.98,2.8100000000000005,0.4958616091954022,0.7041744167430412,8.834503570282449,1.895862630608047,2.998277289093372,2.8100000000000005,1.2428542150273825,1.0030849561292614,5.478000000000002,5.390000000000001,5.13,6.33,1.2000000000000002,0.08251999999999998,0.28726294574831607,5.485276048963565,1.4249707774596492,1.8053890279524207,1.2000000000000002,1.1539984393667926,1.001328230917043,45.81466666666666,45.155,42.01,55.46,13.450000000000003,9.276680919540235,3.045764422856803,45.91242903615534,1.3998127040131392,2.325305526156331,13.450000000000003,1.207951771759366,1.0021338662179944
151,1,64.68966666666667,64.465,62.76,68.39,5.630000000000003,1.564306781609195,1.250722503838959,64.7013534376729,1.1946171676750992,1.9216707647024425,5.630000000000003,1.0570103462500269,1.0001806590079751,0.6943333333333334,0.645,0.52,1.23,0.71,0.027735747126436783,0.16654052697898125,0.7133792820092268,2.3403617017405747,5.4330388642639065,0.71,1.7241880035199721,1.0274305549820837,9.167666666666667,8.99,8.43,11.0,2.5700000000000003,0.3687219540229886,0.607224796943429,9.18708568226798,2.0256067735858974,4.1918633114819235,2.5700000000000003,1.19733290625896,1.0021182069884718,5.705666666666665,5.65,5.36,6.54,1.1799999999999997,0.07017022988505746,0.2648966400033369,5.7116077713139,1.4636553185902026,2.7667715703913345,1.1799999999999997,1.145036609979879,1.0010412638862947,47.472,46.86,44.54,55.46,10.920000000000002,6.176616551724142,2.4852799745147713,47.53484525412209,2.1518542315431124,5.245339962161092,10.920000000000002,1.16672305765402,1.0013238383493868
152,1,65.29566666666666,65.04499999999999,63.61,68.55,4.939999999999998,1.6146460919540215,1.2706872518263577,65.30761754956309,1.4708060685770943,2.0805376416748356,4.939999999999998,1.0496478446480797,1.0001830271977685,0.8306666666666668,0.775,0.52,1.47,0.95,0.05796505747126436,0.2407593351695098,0.8637360707994081,0.8457576314480425,0.08063405092739684,0.95,1.7019087771099803,1.0398106791325137,9.581,9.405000000000001,8.88,11.81,2.9299999999999997,0.4768024137931034,0.6905088079040725,9.605023164990286,2.0613269527401927,4.121813214583382,2.9299999999999997,1.2295649679478877,1.002507375533899,5.950666666666668,5.885,5.62,6.94,1.3200000000000003,0.09633057471264371,0.31037167189136916,5.958485825554454,1.86345967691433,3.7175073989944973,1.3200000000000003,1.1647254358206371,1.00131399712432,48.98499999999999,48.45,45.1,59.34,14.240000000000002,8.430184482758625,2.9034779976363905,49.06810984064226,1.8573332635252608,4.794606002949837,14.240000000000002,1.209339430288177,1.001696638575937
153,1,66.26566666666666,65.655,63.71,69.97,6.259999999999998,3.066080574712644,1.7510227225003803,66.2880264954891,0.8993797336133196,-0.07994824251415311,6.259999999999998,1.0555450765269268,1.000337427056079,1.2636666666666667,1.22,0.77,1.93,1.16,0.1317274712643678,0.3629427933770938,1.3130841557188937,0.5352105784120902,-0.8192297891757319,1.16,1.469822015286868,1.0391064276329942,10.347000000000001,10.105,9.19,12.5,3.3100000000000005,0.989221724137931,0.9945962618761097,10.39310620876486,1.005421757171932,-0.18108648819603923,3.3100000000000005,1.2027203175753487,1.0044559977544079,6.301666666666667,6.155,5.77,7.26,1.4900000000000002,0.17993160919540235,0.4241834617183965,6.315452213948473,0.9492961658990485,-0.254312484305367,1.4900000000000002,1.14956138595513,1.002187603377171,53.12466666666668,52.08,47.02,61.56,14.54,19.01093609195402,4.3601532188621555,53.29734933996875,0.5922029486098559,-0.9178529084458296,14.54,1.1550292981237422,1.0032505177752093
154,1,67.54433333333333,67.545,65.04,72.01,6.969999999999999,2.906728850574713,1.7049131504492283,67.56513008448465,0.5768302461113004,0.15626480894062844,6.969999999999999,1.065786447979267,1.0003078977928272,1.4796666666666667,1.39,1.05,1.93,0.8799999999999999,0.06320333333333332,0.2514027313561516,1.5001699903677583,0.5334920799250963,-0.7862725501103816,0.8799999999999999,1.2865208692295405,1.0138567179777596,10.921333333333337,10.715,9.98,13.11,3.129999999999999,0.7423912643678159,0.861621299857319,10.954139248095519,1.0231880256313861,0.08077831627787813,3.129999999999999,1.1968078644133813,1.0030038378795796,6.655333333333331,6.645,5.99,7.64,1.6499999999999995,0.14328781609195396,0.3785337714021748,6.665731267710493,0.43241474624436066,0.11910939439560497,1.6499999999999995,1.1461608176448648,1.0015623461450207,55.702333333333335,54.89,50.84,61.56,10.719999999999999,8.99269436781609,2.9987821474418728,55.78030904061636,0.4541084388967151,-1.057479334842846,10.719999999999999,1.1036152552538776,1.0013998642896411
155,1,68.70933333333333,68.47,65.04,72.01,6.969999999999999,2.810378850574711,1.6764184592680644,68.72909999895727,0.11779464769435609,-0.42057546256473133,6.969999999999999,1.0477366937889847,1.0002876853065659,1.65,1.6150000000000002,1.05,2.52,1.47,0.1142,0.337934904974316,1.6831201185100644,0.5707850766344895,-0.005109088440790277,1.47,1.4972193441729877,1.0200727990970089,11.454333333333333,11.235,10.11,13.62,3.51,0.8877288505747125,0.9421936375155122,11.491731375210612,1.0347193198919915,0.4494480871214619,3.51,1.1851999977462389,1.0032649688802444,7.0186666666666655,6.91,6.32,8.16,1.8399999999999999,0.166639540229885,0.40821506614759456,7.030132763089661,0.9386762387370703,0.8663869732421667,1.8399999999999999,1.1607177666462412,1.0016336573551001,57.58066666666666,57.145,52.54,65.97,13.43,12.104737471264365,3.4791863231601097,57.68218459801952,0.5200275715379067,-0.34951772416464433,13.43,1.1436806781805735,1.001763055852419
156,1,69.528,69.58500000000001,66.33,72.84,6.510000000000005,2.503802758620692,1.5823409109988567,69.5454033467825,0.20160904674371483,-0.20161358574457422,6.510000000000005,1.0473733200854305,1.0002503070242563,2.047333333333333,2.045,1.34,2.68,1.34,0.09379954022988506,0.30626710602003127,2.0693589989817296,-0.2430308901070248,-0.09456227741102596,1.34,1.295087030002406,1.0107582215801352,12.024999999999999,11.825,11.13,14.56,3.4299999999999997,0.6361155172413795,0.7975685031653266,12.050540928384363,1.640520061513803,2.752272783583236,3.4299999999999997,1.208244516700885,1.0021239857284294,7.348,7.324999999999999,6.75,8.16,1.4100000000000001,0.12068551724137933,0.3473982113387738,7.355934112447357,0.5593110482902937,0.3077984821152455,1.4100000000000001,1.109308467865698,1.00107976489485,60.74033333333333,60.725,54.93,67.23,12.300000000000004,10.318417126436778,3.212229307885223,60.822385380165194,0.37688607827981424,-0.39092387773425497,12.300000000000004,1.1053496106702254,1.0013508659292594
157,1,70.516,70.28,67.51,74.71,7.199999999999989,3.3529972413793128,1.831119122662235,70.53897849180031,0.5799165050038797,0.010637869047166681,7.199999999999989,1.0591307330695827,1.000325862099386,2.300333333333333,2.2649999999999997,1.87,2.89,1.02,0.06789298850574715,0.26056283024588744,2.3145546727898507,0.41175004442454544,-0.31387246523574097,1.02,1.2486203216433578,1.0061822950832564,12.571666666666667,12.32,11.6,14.75,3.1500000000000004,0.6893729885057475,0.8302848839439072,12.598142587963777,1.2869444419100156,1.1831798894038021,3.1500000000000004,1.17080751364825,1.0021059993077377,7.705333333333334,7.609999999999999,7.08,8.47,1.3900000000000006,0.16231540229885066,0.4028838570839624,7.715508192378948,0.2947128659290596,-1.0194608887781627,1.3900000000000006,1.0977889970185382,1.0013204956366517,63.784666666666666,63.19,56.91,72.95,16.040000000000006,17.612549885057472,4.1967308568762745,63.91798781772363,0.4261743528523039,-0.574211333762237,16.040000000000006,1.1413062658986257,1.0020901755551015
158,1,71.73133333333332,71.16,68.76,76.68,7.920000000000002,4.1100050574712625,2.0273147406042464,71.75902163955878,0.667051804773936,-0.447835154738081,7.920000000000002,1.0685764416516017,1.00038600016114,2.5740000000000007,2.585,1.87,3.4,1.5299999999999998,0.15179724137931033,0.38961165457325625,2.602347658045199,0.04285461266369845,-0.6196910196227803,1.5299999999999998,1.3065125981491543,1.0110130761636358,13.451333333333334,13.254999999999999,12.14,16.36,4.219999999999999,0.9555154022988506,0.9775046814715777,13.485623208933777,1.3312956640148257,1.8694810657303371,4.219999999999999,1.2131437862776742,1.0025491804232871,8.141666666666666,8.135000000000002,7.45,9.31,1.8600000000000003,0.1579316091954024,0.39740610110490554,8.151036948347942,0.536024798577057,1.6424392017242226,1.8600000000000003,1.14218596468109,1.001150904607731,67.23166666666665,67.615,59.37,75.93,16.56000000000001,20.016600574712655,4.473991570702012,67.37541378970026,-0.019201713896667964,-0.9065226108365207,16.56000000000001,1.1269689598790633,1.002138086561892
159,1,72.45766666666667,72.095,68.76,76.8,8.039999999999992,4.639963333333332,2.154057411800654,72.4886112204301,0.1628190515209294,-0.6548296827084883,8.039999999999992,1.059476774447498,1.0004270708012968,3.011999999999999,3.075,1.9,4.11,2.2100000000000004,0.17908551724137933,0.42318496811840955,3.0406019140952996,-0.1938529295073752,1.6850478751963678,2.2100000000000004,1.3517060490382837,1.0094959874154383,14.334,14.1,12.82,16.71,3.8900000000000006,1.034769655172414,1.0172362828627446,14.368849408819528,0.7127919649558303,-0.07435388468490434,3.8900000000000006,1.1629323632373436,1.0024312410227103,8.556000000000001,8.440000000000001,7.85,9.45,1.5999999999999996,0.20963862068965516,0.45786310256413454,8.567834421058024,0.5442655112624684,-0.8666505155970752,1.5999999999999996,1.1029624915222205,1.0013831721666693,71.55433333333333,71.755,60.57,82.16,21.589999999999996,30.557473678160918,5.527881481920621,71.76044530240875,0.07298850796926354,-0.21558386771049642,21.589999999999996,1.1449204314962935,1.0028804959738113
160,1,74.35933333333334,73.985,68.55,83.02,14.469999999999999,11.894875402298851,3.4488948088190297,74.4366094964926,0.6785069188131148,0.22761835872407454,14.469999999999999,1.1153114114354152,1.001039226142774,3.403333333333334,3.265,2.64,4.42,1.7799999999999998,0.2182298850574712,0.4671508161798192,3.4341859782681157,0.8321292398784634,0.007178072930455137,1.7799999999999998,1.2870590084434033,1.0090654196674187,15.261999999999999,15.0,13.67,17.85,4.1800000000000015,1.206471724137931,1.098395067422433,15.300160129880995,0.6734032058196454,-0.239538993606367,4.1800000000000015,1.1666544564549495,1.0025003361211504,9.158666666666667,9.129999999999999,8.19,10.65,2.460000000000001,0.3716602298850574,0.6096394261242111,9.178259457362635,0.3407918395062044,-0.26960435506859914,2.460000000000001,1.1603507233015473,1.0021392623412397,76.21133333333333,75.39,66.26,87.6,21.33999999999999,26.278625747126423,5.126268208660801,76.37781091390353,0.21882273690147866,-0.4641852973179712,21.33999999999999,1.1469299650227816,1.0021844202599377
161,0,62.67666666666666,62.695,61.8,63.3,1.5,0.10567126436781626,0.3250711681583223,62.6774815490646,-0.5633659224270353,0.8085365280394048,1.5,1.0099320910086038,1.0000130013678339,0.2076666666666667,0.21,0.18,0.25,0.07,0.0003840229885057471,0.01959650449712262,0.2085585449380261,0.7331605282606883,0.21767453137170056,0.07,1.198704181956622,1.0042947589311046,8.050333333333333,8.055,7.94,8.15,0.20999999999999996,0.0031550574712643814,0.056169898266459246,8.050522757353505,0.1249813210588353,-0.6566921528267726,0.20999999999999996,1.0123566190227375,1.0000235299598574,4.868666666666667,4.87,4.8,4.93,0.1299999999999999,0.001556781609195409,0.03945607189261761,4.868821212572915,-0.17162862609432633,-1.1488112537127217,0.1299999999999999,1.012565420818719,1.0000317429630798,42.98633333333334,42.965,41.99,44.27,2.280000000000001,0.22556885057471288,0.4749408916641237,42.98886952844113,0.37817772284572854,1.1698402033412734,2.280000000000001,1.0298014459466371,1.000059000033525
162,0,62.684,62.665000000000006,61.8,63.29,1.490000000000002,0.11164551724137922,0.3341339809737693,62.684860851724,-0.29430878597287985,0.2688484713728094,1.490000000000002,1.0096536729930279,1.0000137331970518,0.20866666666666672,0.21,0.18,0.26,0.08000000000000002,0.0003774712643678162,0.019428619723691545,0.20953917692562093,0.5030617286503389,0.11487431773437429,0.08000000000000002,1.2408180838292158,1.0041813590684707,8.045333333333334,8.05,7.94,8.14,0.20000000000000018,0.002598160919540241,0.050972158278223226,8.045489419544346,-0.030156637981599663,-0.660081102510429,0.20000000000000018,1.011747026877702,1.0000194008382928,4.865333333333334,4.86,4.8,4.96,0.16000000000000014,0.0020878160919540313,0.04569262623174588,4.865540737335026,0.20088382686919123,-0.951953734491823,0.16000000000000014,1.0194139290500959,1.0000426289397832,42.885000000000005,42.9,42.19,43.86,1.6700000000000017,0.16976379310344816,0.4120240200564139,42.88691327199942,0.4330799129459034,0.16260621173268097,1.6700000000000017,1.0226895958174707,1.0000446140142103
163,0,62.803666666666665,62.715,62.21,63.58,1.3699999999999974,0.14835505747126412,0.38516886877221024,62.804808388105656,0.2652259966404346,-0.9462912012296578,1.3699999999999974,1.0123428704232964,1.0000181792162717,0.21866666666666668,0.22,0.18,0.26,0.08000000000000002,0.0005291954022988508,0.023004247483863732,0.2198332701541481,-0.20801723178320028,-0.8757908330598871,0.08000000000000002,1.1827145173143574,1.0053350769244578,8.061666666666666,8.065000000000001,7.94,8.23,0.29000000000000004,0.004007471264367811,0.06330459117921709,8.061906929091487,0.45172099939473304,0.5852138057844702,0.29000000000000004,1.0208502867109452,1.0000298030710963,4.868333333333334,4.86,4.8,4.96,0.16000000000000014,0.0024488505747126514,0.04948586237212252,4.868576451763561,0.2823819891284081,-1.080401841969928,0.16000000000000014,1.018778291589387,1.0000499387395194,43.08866666666666,43.010000000000005,42.19,44.37,2.1799999999999997,0.2381774712643678,0.4880342931233089,43.09133826342985,0.42207370317005877,0.46821363948254424,2.1799999999999997,1.029673289066896,1.000062002307564
164,0,62.78733333333333,62.715,62.21,63.58,1.3699999999999974,0.1252271264367818,0.3538744501045276,62.78829731725491,0.4906589901868912,-0.3288555188744695,1.3699999999999974,1.0126090802995469,1.000015353159155,0.22433333333333336,0.22,0.18,0.26,0.08000000000000002,0.000494367816091954,0.022234383645425255,0.22539594790797224,-0.42961674789441595,-0.601971313552689,0.08000000000000002,1.1535256175330906,1.0047367663059683,8.060333333333334,8.06,7.93,8.23,0.3000000000000007,0.00449298850574712,0.06702975835960563,8.060602748347463,0.2969638828319042,0.309406710307643,0.3000000000000007,1.0210154571489416,1.0000334247980807,4.878666666666666,4.885,4.8,4.95,0.15000000000000036,0.0020671264367816125,0.04546566217247487,4.878871454206051,-0.2162666937950818,-1.1439110403112756,0.15000000000000036,1.0145788931849455,1.0000419761285977,43.09066666666667,43.0,41.86,44.37,2.509999999999998,0.3492271264367818,0.5909544199316744,43.09458365038465,0.347605370766927,0.0954548916322655,2.509999999999998,1.0295957459517993,1.000090900977427
165,0,62.713333333333345,62.685,62.13,63.38,1.25,0.1015747126436783,0.3187078797953987,62.714116167467964,0.2244027925395849,-0.2453267619575552,1.25,1.0106177663534937,1.0000124827384067,0.22066666666666668,0.22,0.19,0.26,0.07,0.00032367816091954016,0.01799105780435214,0.22137449416467714,0.5025945606166862,-0.5258650706537784,0.07,1.174480379869733,1.003207677483431,8.052333333333332,8.04,7.93,8.17,0.2400000000000002,0.002811609195402298,0.05302460933757361,8.052502095622206,0.28693906401400454,0.5280596994939435,0.2400000000000002,1.0145914776528493,1.0000209581846513,4.879333333333333,4.885,4.81,4.97,0.16000000000000014,0.0018340229885057465,0.04282549460900302,4.879515003221803,-0.018635805734984558,-0.8096233906933472,0.16000000000000014,1.0185438505094158,1.000037232522572,42.833999999999996,42.8,41.78,44.3,2.519999999999996,0.2828386206896552,0.5318257427857881,42.837191395639685,0.7086423417339949,1.6019046569020645,2.519999999999996,1.0341480978724764,1.0000745061315706
166,0,62.789,62.834999999999994,62.13,63.38,1.25,0.11617482758620694,0.3408442864215373,62.78989427713136,-0.2833582744627056,-0.7253639490293686,1.25,1.0093981002781138,1.0000142425764282,0.2116666666666667,0.21,0.17,0.24,0.06999999999999998,0.00039367816091954007,0.019841324575731834,0.21256371593791196,-0.3321450691404689,-0.2861526985987508,0.06999999999999998,1.1290732237203736,1.0042380280531271,8.060666666666666,8.05,7.99,8.17,0.17999999999999972,0.0017167816091954045,0.04143406339227912,8.060769607591244,1.0805458589100796,1.687075352964679,0.17999999999999972,1.0135508639653823,1.0000127707705622,4.871999999999999,4.87,4.79,4.97,0.17999999999999972,0.0017406896551724177,0.04172157301891214,4.872172684405456,0.2548102498829797,-0.03502576308863459,0.17999999999999972,1.0200787865971301,1.0000354442539936,42.646,42.675,41.78,43.33,1.5499999999999972,0.1551903448275864,0.3939420577033968,42.64775883130711,-0.35781272969448735,-0.2657755426341164,1.5499999999999972,1.0159971165516923,1.0000412425856378
167,0,62.741333333333344,62.875,61.91,63.19,1.2800000000000011,0.13168781609195465,0.36288815920604883,62.742347793708404,-0.8986558661424804,-0.27654411383590416,1.2800000000000011,1.0071347697692703,1.0000161689323634,0.215,0.22,0.17,0.27,0.1,0.0006120689655172415,0.024740027597341955,0.21637159394584737,0.021958728833530467,-0.21794995324056998,0.1,1.2478532651914305,1.0063795067248715,8.058333333333334,8.05,8.01,8.17,0.16000000000000014,0.0010695402298850625,0.0327038259212139,8.058397483370996,1.4388565526756254,3.530164668123742,0.16000000000000014,1.0138492196319806,1.0000079607078796,4.872,4.87,4.79,4.96,0.16999999999999993,0.0020786206896551787,0.04559189280623452,4.872206208006117,-0.0943135583616453,-0.49399652647755365,0.16999999999999993,1.0180193095788144,1.0000423251244082,42.632666666666665,42.695,41.66,43.33,1.6700000000000017,0.19660643678160955,0.44340324399085035,42.6348955668945,-0.31777647610250215,-0.7580699461875531,1.6700000000000017,1.0163036504221026,1.000052281510919
168,0,62.559,62.614999999999995,61.91,63.07,1.1600000000000037,0.13957482758620748,0.3735971461162511,62.560078351400215,-0.410365745159855,-1.2933307550654658,1.1600000000000037,1.0081509112845983,1.0000172373503446,0.22266666666666668,0.22,0.17,0.27,0.1,0.000551264367816092,0.02347901973712046,0.22386007534469682,0.08431467330719247,0.45125872895191455,0.1,1.2061105562671572,1.0053596198115127,8.051,8.05,7.94,8.17,0.22999999999999954,0.0018989655172413765,0.043577121488705246,8.05111400159423,0.10704498793274031,1.7898542839241438,0.22999999999999954,1.014766403553872,1.0000141599297268,4.874333333333334,4.875,4.79,4.96,0.16999999999999993,0.00185298850574713,0.04304635299008651,4.874517070096962,-0.35203017257297015,0.013906783084192575,0.16999999999999993,1.017536697209953,1.0000376947473764,42.82000000000001,42.86,41.66,43.57,1.9100000000000037,0.17673103448275906,0.4203939039552775,42.821994815748596,-0.760167277069997,0.6624398449236333,1.9100000000000037,1.017467779991798,1.000046586075399
169,0,62.668,62.730000000000004,61.94,63.18,1.240000000000002,0.11849241379310362,0.3442272705540681,62.668913878147485,-0.6162515375201757,-0.37185450714388857,1.240000000000002,1.0081553371556153,1.0000145828516545,0.21766666666666665,0.22,0.17,0.27,0.1,0.0007150574712643679,0.026740558544360436,0.21924871721403524,-0.08011362391489349,-0.5045729774045107,0.1,1.2314781287245584,1.0072682260981711,8.045666666666666,8.04,7.94,8.15,0.20999999999999996,0.0020254022988505727,0.0450044697652419,8.0457883392493,0.03283814411130791,0.2635219103890165,0.20999999999999996,1.0129523244157854,1.0000151227471477,4.876333333333334,4.875,4.79,4.94,0.15000000000000036,0.0009067816091954057,0.030112814700645398,4.876423211056782,-0.5226228667991117,1.2210162385953334,0.15000000000000036,1.013037586401251,1.0000184314150211,42.925666666666665,42.915,41.99,43.61,1.6199999999999974,0.17468057471264387,0.41794805264846474,42.92763348551451,-0.34206124590635933,-0.3116960373236677,1.6199999999999974,1.015895740321109,1.0000458191800052
170,0,62.89033333333334,62.864999999999995,62.29,63.27,0.980000000000004,0.06421712643678157,0.25341098325996364,62.890826861580805,-0.4790061799833564,-0.10667679544570641,0.980000000000004,1.0060290690604805,1.000007847442068,0.26666666666666666,0.25,0.17,0.41,0.23999999999999996,0.005381609195402299,0.07335945198406474,0.2762486802381747,0.6640442131570572,-0.6509822215320709,0.23999999999999996,1.484169986428562,1.0359325508931552,8.063333333333334,8.05,7.99,8.21,0.22000000000000064,0.0022712643678161055,0.04765778391633528,8.063469476596287,1.0335974665956695,1.694231661956131,0.22000000000000064,1.0181721433719082,1.0000168842409616,4.889,4.89,4.83,4.94,0.11000000000000032,0.0010782758620689736,0.03283711104937481,4.889106598687876,-0.0053841865907094544,-0.9803676905910859,0.11000000000000032,1.0104095503513428,1.000021803781525,42.934999999999995,43.065,41.99,43.7,1.7100000000000009,0.22654310344827616,0.47596544354425163,42.937550194051205,-0.5085552174217743,-0.6117970176598546,1.7100000000000009,1.0177571799625966,1.0000593966239946
171,0,63.17266666666667,63.144999999999996,62.53,64.12,1.5900000000000034,0.16779954022988497,0.40963342176864054,63.17395048594002,0.39914587451840833,-0.43660388930446015,1.5900000000000034,1.0149753103420458,1.0000203223853146,0.34933333333333333,0.365,0.22,0.43,0.21,0.0032478160919540227,0.05698961389546364,0.3537984360244309,-0.5376678286863567,-0.6790337351541078,0.21,1.2153812912002446,1.012781782512684,8.187666666666667,8.145,8.03,8.45,0.41999999999999993,0.01848057471264369,0.13594327755591187,8.18875753701378,0.5106325300579554,-1.200514728975394,0.41999999999999993,1.0319025764049532,1.0001332333608004,4.939333333333334,4.9350000000000005,4.85,5.1,0.25,0.0036340229885057423,0.06028285816470336,4.939688924078789,0.763774504447999,0.36384840505085414,0.25,1.0324536784370704,1.0000719916477503,43.49299999999999,43.335,42.0,44.75,2.75,0.5415182758620696,0.7358792535885691,43.49901742185295,-0.057517392851685445,-0.8787249944463795,2.75,1.0287588697927366,1.0001383538006796
172,1,63.43033333333334,63.415,62.53,64.23,1.7000000000000028,0.18007919540229894,0.4243573911248618,63.4317055054752,-0.3785405658883607,-0.153412312587887,1.7000000000000028,1.0125851021687553,1.0000216327436693,0.37433333333333335,0.37,0.26,0.57,0.30999999999999994,0.005915057471264368,0.0769094108107998,0.38189440076195585,0.9531657272964555,0.7766544895062171,0.30999999999999994,1.4925591966332465,1.0201987553747707,8.446333333333333,8.405000000000001,8.1,8.82,0.7200000000000006,0.04034816091954021,0.2008685164965884,8.44864190269655,0.31603516804143833,-0.8776500383541754,0.7200000000000006,1.0439547683024561,1.0002733220762323,5.051,5.02,4.87,5.28,0.41000000000000014,0.014436896551724145,0.12015363728045916,5.052381286746545,0.45496210587342434,-0.8194269200645654,0.41000000000000014,1.0450517687274605,1.0002734679759542,44.27633333333334,44.285,42.55,46.0,3.450000000000003,0.9257826436781615,0.9621759941290167,44.286438292852885,-0.19524333317234863,-0.32320465618190974,3.450000000000003,1.0386926963016498,1.0002282248496837
173,1,64.217,64.02000000000001,62.74,68.76,6.020000000000003,1.381980344827586,1.1755766010037738,64.22740072066854,2.168270032667248,6.908743066657596,6.020000000000003,1.0705711149520778,1.0001619621076747,0.6263333333333334,0.59,0.26,1.55,1.29,0.09522402298850574,0.3085838994317522,0.6959477949769892,0.8338450079589326,0.9040197132695362,1.29,2.2271785487175073,1.111146027105358,8.952,8.83,8.3,11.62,3.3199999999999985,0.35691999999999974,0.5974278199079783,8.971250005805581,3.1701284809956407,13.768365019615661,3.3199999999999985,1.2952487103224553,1.002150358110543,5.297,5.275,4.89,6.39,1.5,0.07330448275862068,0.27074800601042415,5.303684568297779,2.2473406022810463,8.53268518868671,1.5,1.2048227826736826,1.0012619536148346,46.389333333333326,45.989999999999995,42.55,55.68,13.130000000000003,6.716785747126438,2.5916762427291027,46.4592632313514,1.4244214634917236,4.5552501278262065,13.130000000000003,1.1984692852904801,1.0015074564127833
174,1,66.00133333333332,65.525,63.67,71.61,7.939999999999998,4.2792464367816105,2.068633954275529,66.03266318017673,1.5026013986230633,1.4552808108872721,7.939999999999998,1.084463302723456,1.0004746850595454,1.037,0.985,0.61,1.6,0.9900000000000001,0.07473206896551723,0.2733716681836602,1.0712656066541109,0.816300006185137,0.09969151154805411,0.9900000000000001,1.4935605045673854,1.0330430150955747,9.888666666666667,9.49,8.84,12.8,3.960000000000001,1.216487816091954,1.1029450648567924,9.947947862080232,1.5486255712197825,1.3121374515844755,3.960000000000001,1.2866975357592365,1.0059948623420985,5.714333333333333,5.6,5.22,6.75,1.5300000000000002,0.18888057471264366,0.4346039285517834,5.730287078323389,1.2402413985829477,0.4980469738164808,1.5300000000000002,1.1779514547419438,1.0027918821075756,50.434999999999995,49.36,45.98,60.87,14.89,14.73146724137931,3.838159355912585,50.575978916214105,1.3478684255927529,1.1349230280431266,14.89,1.2035357753695548,1.0027952595660574
175,1,67.19166666666666,66.665,64.85,71.61,6.760000000000005,3.6263316091954065,1.9042929420641685,67.21774708611805,1.193651572580162,0.30666607867655005,6.760000000000005,1.0653436496206081,1.000388149613564,1.2553333333333334,1.1349999999999998,0.97,1.83,0.8600000000000001,0.06312229885057473,0.25124151498224717,1.2794061122255123,0.9311168685981416,-0.3335874244193895,0.8600000000000001,1.4303511469213916,1.019176403790902,10.643000000000002,10.434999999999999,9.49,12.8,3.3100000000000005,1.0053182758620691,1.0026556117940342,10.688557277138326,1.0754950710533078,0.05049484302932328,3.3100000000000005,1.19754235002116,1.004280492073506,6.093333333333334,6.025,5.58,6.97,1.3899999999999997,0.16082988505747123,0.40103601466385935,6.106077300526091,0.7112588117102775,-0.2541122765065542,1.3899999999999997,1.1414857128322753,1.00209146069903,53.677666666666674,52.75,48.66,61.63,12.970000000000006,13.055887471264365,3.613293161544516,53.79509819676882,0.8453484266135358,0.028815180112027772,12.970000000000006,1.1456434148437298,1.002187716743192
176,1,68.13233333333332,67.465,65.61,73.02,7.409999999999997,4.161246091954018,2.039913255987621,68.16184697712741,1.0997877593754064,0.20938834470779177,7.409999999999997,1.0712737878787646,1.0004331811689129,1.6586666666666663,1.75,1.06,2.3,1.2399999999999998,0.17557057471264367,0.419011425515634,1.7090621209696657,-0.06567522042209413,-1.4407638991991092,1.2399999999999998,1.3457673491090278,1.0303831115170816,11.312666666666669,11.045,10.07,13.95,3.879999999999999,1.0867236781609193,1.0424603964472317,11.359002010153299,1.1620575886088713,0.41041535502645043,3.879999999999999,1.228100847902899,1.0040958816211885,6.466666666666666,6.38,5.83,7.57,1.7400000000000002,0.19286436781609198,0.43916325872742584,6.481065755979748,0.8209984404752133,0.08332944402501585,1.7400000000000002,1.1680177743939024,1.0022266632958374,57.342666666666666,56.39,50.36,66.43,16.070000000000007,18.733965057471263,4.328275067214567,57.50035582498599,0.6416941705759188,-0.4684841654304819,16.070000000000007,1.1552971985459222,1.0027499446308623
177,1,69.73033333333333,69.425,66.15,73.93,7.780000000000001,4.001092988505745,2.000273228462988,69.75806125459624,0.18500577337551607,-0.4551207396108645,7.780000000000001,1.0598058298979587,1.0003976450410808,2.119666666666667,2.1500000000000004,1.62,2.67,1.0499999999999998,0.05537574712643677,0.2353205199859051,2.1322562385104344,-0.0837553432485678,0.18617124759061987,1.0499999999999998,1.2521947183351783,1.0059394111544744,12.191333333333334,12.185,10.8,15.05,4.25,1.0188671264367817,1.0093894820319764,12.231660285232472,0.8705884098567452,0.73091095253542,4.25,1.2304135047120437,1.0033078376906386,6.915,6.945,6.23,7.9,1.67,0.16990862068965523,0.41219973397572107,6.9268658136274,0.4504046156155269,-0.007152876870531788,1.67,1.1404869406388858,1.001715952802227,61.35033333333334,61.2,55.57,71.49,15.919999999999995,15.74961022988505,3.968577859874372,61.47428749756546,0.4210257390251679,-0.24039983380897834,15.919999999999995,1.1629252311843579,1.0020204317971453
178,1,71.83266666666668,71.38999999999999,68.64,77.68,9.040000000000006,6.096323678160928,2.4690734452747507,71.87367468923051,0.9603745054827706,0.30045854406307315,9.040000000000006,1.0807851461035638,1.0005708826424908,2.518,2.3449999999999998,1.94,3.57,1.63,0.1804165517241379,0.4247546959412431,2.552396259726664,0.9549901633316872,0.5010654088743105,1.63,1.3986856415399664,1.0136601508048706,13.321666666666665,12.975,11.62,16.23,4.610000000000001,1.621738505747127,1.2734749725640968,13.380376800872737,0.9667754802363713,0.14734710001870432,4.610000000000001,1.2129703252408703,1.004407116292211,7.430666666666666,7.25,6.77,8.82,2.0500000000000007,0.2718409195402299,0.521383658681618,7.448327776532574,1.0831082644713788,0.7581351883829925,2.0500000000000007,1.184158413085572,1.0023767867215918,65.60966666666667,65.09,56.4,78.2,21.800000000000004,27.174782643678153,5.2129437598806065,65.80955338449478,0.6486201203664795,0.2622811292111562,21.800000000000004,1.1882773241616393,1.0030466046846975
179,1,73.58533333333334,72.88,68.87,78.48,9.61,5.801715402298858,2.408675030447,73.62343109816784,0.48171517253857277,-0.35094471390145543,9.61,1.0659649900770927,1.0005177358463802,3.0679999999999996,3.065,2.23,3.83,1.6,0.2188855172413793,0.4678520249409842,3.1022916260940607,-0.030310262195157374,-0.7561790061515152,1.6,1.2345712336599897,1.011177192338351,14.41033333333333,14.100000000000001,12.88,16.9,4.019999999999998,1.3876240229885062,1.177974542589315,14.456800360614608,0.751645391206384,-0.41286618239083595,4.019999999999998,1.1690000261774052,1.00322456297203,7.964333333333332,7.87,7.22,9.28,2.0599999999999996,0.2918254022988505,0.5402086655162526,7.98202376176201,0.7083348615550241,-0.09346519540808806,2.0599999999999996,1.1626124247406981,1.0022212064322618,71.11933333333333,70.315,62.27,83.29,21.020000000000003,31.790765057471273,5.638329988345066,71.33505902897022,0.3588388931192198,-0.7392328792554919,21.020000000000003,1.1675885761330163,1.0030332918705211
180,1,74.89366666666665,74.67,71.5,79.54,8.040000000000006,5.7149895402298885,2.390604429894224,74.93053981299393,0.4615321577795718,-0.9940048239140791,8.040000000000006,1.0615164417407112,1.0004923399797128,3.5436666666666667,3.625,2.73,4.56,1.8299999999999996,0.1644033333333333,0.4054668091636272,3.566019723258225,0.13943220023069727,0.03390925209119944,1.8299999999999996,1.2787366178203825,1.0063078891707906,15.354333333333333,15.175,13.61,17.96,4.350000000000001,1.4790391954022992,1.216157553692078,15.400821082007283,0.6679624833194975,-0.16866512528183497,4.350000000000001,1.1661715894474352,1.0030276631140362,8.44,8.35,7.66,9.48,1.8200000000000003,0.2897379310344827,0.5382731007903727,8.45657613931312,0.3529158557800493,-1.0103220725125532,1.8200000000000003,1.1210210661888522,1.0019639975489478,75.441,75.23,65.82,87.27,21.450000000000003,30.74391965517243,5.5447199798702576,75.63771283779893,0.39419360773702355,-0.477038770924739,21.450000000000003,1.1537895148567738,1.0026075057037809
181,1,77.07966666666665,76.57,71.5,85.16,13.659999999999997,8.283589540229887,2.878122572134461,77.13159199273234,0.7719586100871976,1.438837180131408,13.659999999999997,1.1040871554683342,1.0006736578959303,4.0296666666666665,4.0,3.13,5.13,2.0,0.2342929885057471,0.48403820975801803,4.057671335466521,0.39751178701909023,-0.1313347515514569,2.0,1.2642719372465365,1.0069496241541538,16.523666666666667,16.245,14.91,19.73,4.82,1.4347343678160924,1.1978039772083295,16.565580883265156,0.825745147967958,0.21970615020774753,4.82,1.1910237340322667,1.0025366171712387,9.069333333333331,9.07,7.96,10.7,2.7399999999999993,0.36639954022988513,0.6053094582359383,9.088838943084719,0.3375366864240923,0.5656456493792295,2.7399999999999993,1.1772680830856992,1.0021507214515644,79.96833333333332,79.03,68.41,93.59,25.180000000000007,36.508848850574715,6.042255278501125,80.18869136813079,0.3768324819686155,0.08697223947697896,25.180000000000007,1.167122176496763,1.0027555661799146
182,1,79.73,79.07,75.83,86.44,10.61,8.790634482758616,2.96490041700537,79.78327213979966,0.6515548907937636,-0.4198788060306784,10.61,1.0834351322234081,1.000668156776617,4.721666666666668,4.87,3.48,5.62,2.14,0.3018212643678161,0.5493826211010101,4.752462168883269,-0.4090274058251767,-0.7178752267705448,2.14,1.1825449209878898,1.0065221677832548,17.874666666666666,17.83,15.86,20.49,4.629999999999999,1.7586188505747125,1.3261292737040054,17.92215686424674,0.3885195035572469,-0.7100745715280077,4.629999999999999,1.1432775728503914,1.002656843815087,9.794999999999998,9.67,8.85,11.14,2.290000000000001,0.3456465517241378,0.587917129980185,9.81204107207058,0.3772835260284548,-0.5296408124570418,2.290000000000001,1.135339723730813,1.0017397725442145,86.42699999999999,85.825,75.83,98.38,22.549999999999997,37.080083793103434,6.089341819367955,86.63411804826086,0.006613122156146289,-1.0531552491195033,22.549999999999997,1.1355803258157013,1.0023964507417922
183,1,82.19933333333331,82.175,77.25,86.68,9.430000000000007,7.158247816091956,2.6754902010831505,82.24141316879228,0.03238577221604891,-0.9381334256289771,9.430000000000007,1.0539702159798492,1.000511924291263,5.272999999999999,5.23,4.64,5.94,1.3000000000000007,0.10212517241379312,0.31957029338440257,5.282352695532551,0.26338472377208233,-0.2388561357923198,1.3000000000000007,1.124498938706543,1.0017736953408976,19.206666666666667,19.475,17.32,20.57,3.25,0.954698850574712,0.9770869206855202,19.230676535161212,-0.5185842581058266,-0.9053899847764613,3.25,1.0696451558732205,1.0012500799285602,10.451333333333332,10.5,9.55,11.52,1.9699999999999989,0.2604464367816092,0.5103395308827342,10.463371031046034,-0.08551984395563637,-0.2143676206248002,1.9699999999999989,1.1009836089935858,1.0011517858371533,91.55166666666668,91.41499999999999,80.65,101.07,20.419999999999987,22.489635057471244,4.742323803524095,91.67032044233292,-0.24566892408636334,0.13596867606897067,20.419999999999987,1.102537871715853,1.0012960307549426
184,0,62.16033333333334,62.11,61.23,63.01,1.7800000000000011,0.17677574712643673,0.420447080054597,62.16170785405862,-0.09245568808770696,-0.4011541557949365,1.7800000000000011,1.013646538604328,1.000022112505702,0.219,0.215,0.17,0.28,0.11000000000000001,0.0008506896551724142,0.029166584564744878,0.22086949389477337,0.1772561924843746,-0.6269793659314242,0.11000000000000001,1.267716944800886,1.008536501802618,7.948666666666667,7.95,7.81,8.07,0.2600000000000007,0.004246436781609188,0.0651646896839783,7.948924874891362,-0.1646689932897124,-0.7408276851551201,0.2600000000000007,1.0152316353487103,1.0000324844701034,5.081666666666668,5.07,5.02,5.17,0.15000000000000036,0.0015109195402298859,0.03887054849407049,5.081810372954374,0.3974363307630114,-0.6339248316200519,0.15000000000000036,1.0173539783213823,1.0000282793613064,43.03033333333334,42.89,42.01,44.11,2.1000000000000014,0.30390678160919515,0.5512774089414468,43.033746796361264,0.48618694595461476,-0.3459731654224245,2.1000000000000014,1.0250095165715327,1.000079326901827
185,0,62.19233333333333,62.115,61.23,63.01,1.7800000000000011,0.1681633333333333,0.410077228498893,62.193640216129275,-0.02138451322255053,0.08386466341046672,1.7800000000000011,1.0131260974761052,1.0000210135675236,0.21333333333333332,0.21,0.15,0.28,0.13000000000000003,0.0009747126436781612,0.031220388269176943,0.2155303536241087,0.33778638534222055,-0.09480528149315814,0.13000000000000003,1.2991209604208618,1.0102985326130096,7.9479999999999995,7.95,7.81,8.07,0.2600000000000007,0.004982068965517248,0.07058377267840851,7.94830296352624,-0.06775315618581874,-0.9527028310916519,0.2600000000000007,1.0153110716881595,1.0000381182091396,5.0853333333333355,5.085,5.02,5.17,0.15000000000000036,0.001811954022988513,0.042567053257049785,5.085505546813087,-0.003495707608696006,-1.0118817249761518,0.15000000000000036,1.0166147598127906,1.0000338647377591,43.08133333333334,43.015,42.22,44.19,1.9699999999999989,0.28978436781609135,0.538316234026145,43.084584327421176,0.48793024370997445,-0.6256619681090294,1.9699999999999989,1.025656872169828,1.0000754617797616
186,0,62.34999999999999,62.349999999999994,61.7,63.05,1.3499999999999943,0.10818620689655144,0.3289167172652546,62.35083864712647,0.14578458651383874,-0.37413379736004604,1.3499999999999943,1.0112133432050596,1.0000134506355491,0.2083333333333334,0.21,0.15,0.27,0.12000000000000002,0.0008212643678160922,0.028657710442673054,0.21023003274191504,-0.027907326147999345,-0.1402172770142358,0.12000000000000002,1.2843074630134337,1.0091041571611918,7.965000000000001,7.96,7.85,8.06,0.21000000000000085,0.003929310344827587,0.062684211288231,7.965238435435146,-0.1601998041267537,-1.0287839427934242,0.21000000000000085,1.011896889883834,1.0000299353967539,5.088,5.08,5.02,5.23,0.21000000000000085,0.0018993103448275922,0.04358107783003527,5.088180421329417,1.079585196234537,2.5317139865082154,0.21000000000000085,1.0278723565060865,1.0000354601669452,43.102000000000004,43.11,42.01,44.19,2.1799999999999997,0.3468510344827584,0.5889406035270097,43.105889311477306,0.05109602810673399,-0.9762414278744393,2.1799999999999997,1.025149943681455,1.0000902350581713
187,0,62.211000000000006,62.18,61.46,63.05,1.5899999999999963,0.13102310344827506,0.36197113620877985,62.21201794401679,0.09387231178422113,0.04953617763197116,1.5899999999999963,1.013469777764439,1.0000163627656973,0.21,0.21,0.16,0.27,0.11000000000000001,0.0006551724137931036,0.025596335944683638,0.21150256105620407,0.10574821814899103,0.21830013630567713,0.11000000000000001,1.2765802865538398,1.0071550526485908,7.962999999999999,7.96,7.82,8.05,0.23000000000000043,0.002925172413793093,0.0540848630745525,7.963177548357607,-0.42858834206979973,0.4808938515341161,0.23000000000000043,1.0109029908117897,1.0000222966667849,5.074666666666666,5.07,4.99,5.23,0.2400000000000002,0.0023360919540229928,0.04833313515615341,5.074889161351211,1.2049605222465567,2.7164968558637828,0.2400000000000002,1.0305643795789798,1.000043844196902,43.032000000000004,43.08,41.98,44.41,2.4299999999999997,0.4853406896551723,0.6966639718366182,43.03745097780149,0.1743788868364462,-0.8370819660556643,2.4299999999999997,1.031891968297715,1.0001266726575917
188,0,62.11666666666666,62.11,61.46,62.92,1.4600000000000009,0.12464367816091912,0.3530491157911589,62.11763651867855,0.3132438141120994,-0.14135745279956247,1.4600000000000009,1.0129168385387648,1.0000156133943423,0.21666666666666667,0.21,0.14,0.3,0.15999999999999998,0.0010091954022988503,0.031767835971291,0.21890637268019403,0.3270248190550861,1.1704069613586476,0.15999999999999998,1.3704489107691613,1.0103371046778185,7.949333333333333,7.95,7.82,8.02,0.1999999999999993,0.0028202298850574623,0.05310583663833442,7.949504806380499,-0.8600384887622096,0.43665733417790387,0.1999999999999993,1.008867872318653,1.0000215707456181,5.0729999999999995,5.07,4.99,5.18,0.1899999999999995,0.0026010344827586203,0.05100033806514051,5.07324780917839,0.5952722130877017,-0.4710959658195577,0.1899999999999995,1.021042179455235,1.0000488486454546,42.98766666666666,43.045,41.37,44.41,3.039999999999999,0.4867150574712643,0.6976496667176616,42.9931387161564,-0.19846022176684852,0.057313612822720295,3.039999999999999,1.032955520954118,1.0001272934754093
189,0,62.28200000000001,62.33,61.63,62.92,1.2899999999999991,0.11640275862068976,0.34117848499090586,62.28290332560506,0.0885283595848195,-0.3231349695390451,1.2899999999999991,1.0102290779712741,1.0000145037989314,0.20833333333333331,0.21,0.14,0.3,0.15999999999999998,0.001138505747126437,0.03374175080114304,0.21095813170706015,0.26373333736983934,1.0816106294575238,0.15999999999999998,1.422083128876894,1.012599032193889,7.954333333333334,7.965,7.81,8.08,0.27000000000000046,0.004515057471264361,0.06719417736131875,7.954607679410302,-0.376979412673776,-0.2156309302024244,0.27000000000000046,1.0157634827062891,1.0000344901408416,5.093000000000001,5.095,5.01,5.18,0.16999999999999993,0.002483793103448276,0.049837667516129565,5.093235710233721,0.15816209571509882,-1.0997394350141647,0.16999999999999993,1.0170352001561493,1.0000462812161242,42.970333333333336,43.015,41.37,43.77,2.4000000000000057,0.3352240229885057,0.5789853391826996,42.97410379131444,-0.6894429269946627,0.4247981313387519,2.4000000000000057,1.0185203678138466,1.0000877456069948
190,0,62.271,62.260000000000005,61.74,62.92,1.1799999999999997,0.09065068965517252,0.3010825296412472,62.271703606052085,0.34421645045377797,-0.18792343362773467,1.1799999999999997,1.0104107701637524,1.0000112990967238,0.20466666666666672,0.20500000000000002,0.14,0.24,0.09999999999999998,0.0005981609195402298,0.024457328544635244,0.20607442021431643,-0.600809334290732,-0.12203871860104432,0.09999999999999998,1.164627806548727,1.0068782746627836,7.967000000000001,7.97,7.81,8.15,0.34000000000000075,0.006111379310344843,0.07817531138629921,7.967370749919114,0.06610914234293667,-0.18658566431137524,0.34000000000000075,1.0229221478218193,1.0000465356996502,5.083666666666668,5.09,4.98,5.17,0.1899999999999995,0.002879195402298848,0.05365813453987054,5.083940400909514,-0.2632831364169657,-0.7667119301190852,0.1899999999999995,1.0169277356349595,1.0000538458283743,42.946333333333335,43.019999999999996,41.49,44.32,2.8299999999999983,0.40712747126436816,0.6380654129980469,42.950915046519484,-0.21457939052617567,-0.05664505043438295,2.8299999999999983,1.0318755712654244,1.0001066846184652
191,0,62.157666666666664,62.155,61.66,62.76,1.1000000000000014,0.07910816091954034,0.28126173027900603,62.158281802722534,0.19260612011914804,-0.5393051357222252,1.1000000000000014,1.0096804187604025,1.0000098963826807,0.209,0.215,0.14,0.26,0.12,0.0007058620689655174,0.026568064832906392,0.2106260509370418,-0.6059200317938058,0.47150964743141843,0.12,1.234415205732156,1.0077801480241235,7.951,7.945,7.8,8.15,0.35000000000000053,0.00511275862068968,0.07150355669957739,7.95131079340591,0.4501405160291398,1.0382322752776236,0.35000000000000053,1.0249882329790032,1.0000390885933732,5.065333333333334,5.06,4.98,5.17,0.1899999999999995,0.0026602298850574666,0.051577416424802305,5.065587165702841,0.36381004141962753,-0.5048090680760713,0.1899999999999995,1.0206121878632548,1.0000501116812661,42.96133333333333,42.875,41.49,44.32,2.8299999999999983,0.4389429885057475,0.6625277265939498,42.966271345479036,-0.009994457097389584,-0.05227770268466658,2.8299999999999983,1.031506775247869,1.0001149408494237
192,0,62.29266666666667,62.315,61.66,62.84,1.1800000000000068,0.10039954022988522,0.3168588648434587,62.29344566913387,-0.24057529684328818,-0.5139039969570001,1.1800000000000068,1.0087738657734413,1.0000125055244684,0.21066666666666664,0.215,0.14,0.26,0.12,0.000840919540229885,0.02899861272940285,0.21258723699538815,-0.4072246882048035,0.022650941185657913,0.12,1.2230273259802535,1.0091166313072224,7.961333333333332,7.96,7.8,8.11,0.3099999999999996,0.003536091954022981,0.05946504817136686,7.961548006930981,-0.17469436538096048,1.866438408726033,0.3099999999999996,1.0186461217014309,1.0000269645282593,5.082666666666666,5.07,4.99,5.17,0.17999999999999972,0.0024478160919540284,0.049475408961968455,5.082899435033775,0.3872957006770509,-0.7493867822340978,0.17999999999999972,1.01713600004869,1.0000457965045464,42.96833333333334,42.875,42.06,44.19,2.1299999999999955,0.24726264367816111,0.49725510925294786,42.97111460039174,0.5381161888538158,-0.16720764945459266,2.1299999999999955,1.0283652265235201,1.0000647282973911
193,0,62.574666666666666,62.54,61.99,63.41,1.4199999999999946,0.12306712643678175,0.3508092450845356,62.575617242927244,0.48982324519323933,-0.4065436608275297,1.4199999999999946,1.0133339916382058,1.000015191071902,0.2836666666666667,0.255,0.17,0.46,0.29000000000000004,0.008720574712643678,0.09338401743683808,0.2981554404445216,0.7741403369019174,-0.8054479121921161,0.29000000000000004,1.5428194076022343,1.0510767583238128,8.034,8.024999999999999,7.93,8.24,0.3100000000000005,0.006314482758620696,0.07946371976330265,8.034379876505716,0.7945216879221673,0.39440831609641913,0.3100000000000005,1.0255925319259005,1.0000472836078809,5.121333333333333,5.125,5.01,5.24,0.23000000000000043,0.0034326436781609328,0.058588767508464736,5.121657283861674,0.08849869174708495,-0.5220491903171602,0.23000000000000043,1.023106332497339,1.0000632551148803,43.28033333333334,43.115,42.06,44.85,2.789999999999999,0.500534367816092,0.7074845353900621,43.285922692410445,0.6389515918706741,0.1904777706937657,2.789999999999999,1.0361336252135338,1.0001291431614923
194,0,62.718666666666664,62.77,61.59,63.41,1.8199999999999932,0.179818850574712,0.4240505283273587,62.720052402189,-0.5688259035236379,0.24892529603745972,1.8199999999999932,1.0110004308253244,1.0000220944671816,0.3443333333333333,0.345,0.21,0.46,0.25,0.00554264367816092,0.07444893335811413,0.35202746105003424,0.037334240878627405,-1.319266704676292,0.25,1.3067162392044736,1.0223449982091992,8.206333333333333,8.175,7.95,8.58,0.6299999999999999,0.027030919540229875,0.16441082549585923,8.207925235202051,0.6142982895146016,-0.39129482719454733,0.6299999999999999,1.045331159109759,1.0001939845487693,5.197000000000001,5.215,5.02,5.42,0.40000000000000036,0.007297586206896551,0.08542591062960085,5.197678648525065,0.038076409363095365,0.4484599069851085,0.40000000000000036,1.0427732005975443,1.000130584669052,44.18866666666666,44.185,42.13,46.11,3.979999999999997,0.8507705747126433,0.9223722538718536,44.19797137124433,-0.03149991313192956,-0.30238220414809946,3.979999999999997,1.0432605517727371,1.000210567669938
195,1,63.356,62.995000000000005,61.59,67.08,5.489999999999995,1.6897696551724124,1.2999114028165197,63.368889685712496,1.8392599287521894,3.2846768629289373,5.489999999999995,1.058563600099249,1.0002034485401934,0.4883333333333334,0.4,0.21,1.32,1.11,0.06517298850574714,0.2552900086289065,0.5490628379338743,1.7630347605699261,3.192122398746088,1.11,2.4040964144781047,1.1243607602741452,8.769666666666668,8.559999999999999,8.15,11.08,2.9299999999999997,0.4875205747126438,0.6982267358907448,8.796494945905064,2.097323794606066,4.643083228557643,2.9299999999999997,1.2595926068437011,1.0030592131101597,5.412000000000002,5.3,5.08,6.36,1.2800000000000002,0.07358206896551724,0.2712601499769497,5.418567461362213,2.0995608062755835,4.990978858093273,1.2800000000000002,1.173741961385697,1.001213499882153,46.650999999999996,45.84,43.36,55.76,12.399999999999999,8.148305862068964,2.8545237539857613,46.73534526101917,1.5513644436205745,2.520275481196526,12.399999999999999,1.1931012746044283,1.0018080054236602
196,1,65.37866666666666,65.345,62.13,70.8,8.669999999999995,5.006674022988502,2.2375598367392326,65.41566968242395,0.6203309551036087,0.04098922703983021,8.669999999999995,1.0823094885937201,1.0005659799693676,0.9063333333333333,0.9299999999999999,0.32,1.59,1.27,0.13731367816091955,0.3705586028699368,0.9768196694716311,0.12427549204530997,-0.8832794339485615,1.27,1.6277313507211035,1.0777708747388355,9.863,9.64,8.42,12.52,4.1,1.1678906896551724,1.0806899137380586,9.920067036063818,0.8868149643175548,0.21636527900241065,4.1,1.262088245420548,1.0057859714147641,5.865666666666666,5.74,5.26,6.98,1.7200000000000006,0.2164116091954024,0.4652006117745358,5.883472047467663,0.8374737235921239,0.1297704141451672,1.7200000000000006,1.1863742945807485,1.0030355255102001,51.22666666666667,50.95,44.41,59.09,14.680000000000007,15.93312643678161,3.9916320517780206,51.376778801322295,0.36719620420241655,-0.6622145680393232,14.680000000000007,1.150130494332961,1.0029303514053025
197,1,67.107,67.12,64.55,70.8,6.25,2.225883793103449,1.491939607726616,67.12302985314851,0.49470570327204594,0.35783725954093404,6.25,1.0547795615736648,1.0002388700604783,1.1893333333333336,1.13,0.86,1.59,0.7300000000000001,0.04368919540229886,0.20901960530605462,1.2069576076510171,0.3837357415624525,-0.9276141591752909,0.7300000000000001,1.3173619271471022,1.0148186162985007,10.759666666666668,10.725,9.56,12.52,2.959999999999999,0.5610791954022988,0.7490521980491739,10.784841368018972,0.33635599715338005,-0.39773838005820883,2.959999999999999,1.1608886559172222,1.0023397287418108,6.241333333333333,6.245,5.64,6.98,1.3400000000000007,0.10292919540229886,0.320825802270171,6.2492991607059425,0.2522677922879702,0.0973362262205475,1.3400000000000007,1.1169252456161045,1.0012763021853144,54.423333333333325,53.685,50.1,59.34,9.240000000000002,7.411788505747129,2.7224600099445224,54.489117629119306,0.32264103330742433,-1.0005628495501029,9.240000000000002,1.089024792141034,1.0012087516834565
198,1,68.247,67.59,65.26,72.48,7.219999999999999,3.19275965517241,1.7868294980698103,68.26960775728342,0.9552426528156429,0.238283711672715,7.219999999999999,1.061673010597712,1.0003312637520099,1.6309999999999998,1.565,0.9,2.62,1.7200000000000002,0.24047827586206896,0.49038584386385886,1.7007713936133018,0.3145640662092684,-1.003784576422744,1.7200000000000002,1.5404774620731303,1.042778291608401,11.812666666666667,11.47,10.37,14.3,3.9300000000000015,1.195171954022989,1.0932392025640998,11.861468149713453,0.9819009089126797,0.13812219405448012,3.9300000000000015,1.2055843188640571,1.004131284190427,6.610333333333335,6.49,5.95,7.61,1.6600000000000001,0.18885850574712643,0.4345785380654761,6.624127867123339,0.9356967193449932,-0.016623102274309964,1.6600000000000001,1.1488304804274252,1.0020868136437906,59.15,59.735,52.15,67.71,15.559999999999995,23.783089655172407,4.876790917721653,59.3440209288181,0.11753705865087163,-1.1847794509945597,15.559999999999995,1.1409742538547685,1.0032801509521234
199,1,70.561,70.78999999999999,66.14,75.64,9.5,7.049230000000002,2.6550386061223294,70.60926976443437,0.24200247137950567,-0.8449629096469811,9.5,1.07124744742934,1.0006840856058499,2.192333333333333,2.21,1.61,2.79,1.18,0.08121160919540227,0.2849765063920222,2.2101651522001697,0.1330662589928006,0.16291246634676915,1.18,1.2623491041936923,1.0081337169835047,13.246666666666666,13.33,11.43,15.28,3.8499999999999996,1.1452850574712645,1.0701799182713458,13.28838916749004,0.027745591462206825,-0.7918804418612542,3.8499999999999996,1.1498760163784503,1.0031496603540544,7.208666666666667,7.255,6.17,8.38,2.210000000000001,0.27054298850574715,0.5201374707764738,7.226783516890484,0.061945100255449616,-0.2897468059253385,2.210000000000001,1.1595753464060756,1.0025132040447355,65.59066666666666,65.305,60.13,73.57,13.43999999999999,14.920454712643675,3.862700443037704,65.70052252455837,0.5565072918970049,-0.5936412730380862,13.43999999999999,1.1197780043910621,1.0016748702746077
200,1,73.45433333333334,73.35499999999999,68.37,77.98,9.61,6.3006943678160905,2.5101183971709564,73.49578053648159,-0.29969146767243726,-0.24201456028258406,9.61,1.0610132912499997,1.0005642581079617,2.658666666666667,2.605,2.11,3.86,1.75,0.20581195402298846,0.4536650240243218,2.695822694466385,0.8456351153435314,0.11778833731649385,1.75,1.4318449087632055,1.0139754367350995,14.684333333333335,14.79,12.85,17.29,4.4399999999999995,1.2959357471264368,1.138391737112685,14.72692715176297,0.22057110992478954,-0.5995171782274533,4.4399999999999995,1.174039894529539,1.002900630043105,7.850333333333333,7.85,6.92,9.11,2.1899999999999995,0.2681688505747126,0.5178502202130579,7.866826763907626,0.30014822877701813,-0.07222549130964895,2.1899999999999995,1.1580272800458697,1.002100984744719,71.67633333333333,72.28,62.7,84.46,21.75999999999999,30.645141264367798,5.535805385340764,71.88268495727372,0.25714746492702906,-0.3284488375076906,21.75999999999999,1.1749700230340878,1.0028789366635253
201,1,75.83466666666666,75.79,73.08,82.04,8.960000000000008,5.244929195402305,2.290181039874862,75.86808793337727,1.0416121929444844,1.1988663932878953,8.960000000000008,1.081350568265837,1.0004407122517927,3.3626666666666667,3.4050000000000002,2.43,4.27,1.8399999999999994,0.274447816091954,0.5238776728320782,3.4018857515599588,-0.06053204259857531,-1.0382423421660703,1.8399999999999994,1.2551861854978408,1.0116630902735801,16.378,16.28,14.06,19.15,5.089999999999998,1.6143889655172414,1.2705860716682051,16.425573353767597,0.3213315383893072,-0.5131344393389381,5.089999999999998,1.1658649343651368,1.0029047108174134,8.478666666666665,8.475000000000001,7.75,9.53,1.7799999999999994,0.2893567816091953,0.5379189359087438,8.495145672676838,0.4205280550005392,-0.8356861436514702,1.7799999999999994,1.1218171373625283,1.0019435846056972,78.27933333333333,77.52,68.39,86.13,17.739999999999995,24.921634022988513,4.992157251428336,78.43306024885169,-0.058531807181141135,-1.0379235793969173,17.739999999999995,1.0981338701655594,1.001963825047714
202,1,78.051,77.855,73.81,83.6,9.789999999999992,6.683892068965517,2.585322430368312,78.09237924834066,0.15395671549914008,-0.7625015873157217,9.789999999999992,1.0705269938587043,1.000530156543038,3.908666666666666,3.89,3.09,4.91,1.8200000000000003,0.18357747126436785,0.42845941612289007,3.9313017352186708,0.49061412230284185,0.13063754019889773,1.8200000000000003,1.2489501774981133,1.0057909948538304,17.985,17.835,15.67,20.8,5.130000000000001,1.6513844827586206,1.2850620540497726,18.02932509367262,0.21608445810223045,-0.3236795911119623,5.130000000000001,1.1536760190374373,1.002464559003204,9.135333333333334,9.11,7.94,10.31,2.37,0.3333085057471265,0.5773287674688716,9.15295107237733,-0.2255344427605757,-0.37408734244308395,2.37,1.1264126639018672,1.0019285272251328,85.13566666666667,84.375,74.66,100.5,25.840000000000003,42.705611609195415,6.534953068629905,85.37777128737902,0.5814476874599478,0.41064617984175866,25.840000000000003,1.1771213804787666,1.0028437508061137
203,1,81.77833333333335,80.95,74.32,87.92,13.600000000000009,11.141214367816096,3.3378457675297244,81.84415460699276,-0.03451482528641616,-0.5874234105911942,13.600000000000009,1.0742367664762722,1.0008048742371787,4.511333333333335,4.65,3.39,5.61,2.22,0.36038436781609184,0.600320221062136,4.549780214471903,-0.1626825093041163,-0.9320631427067703,2.22,1.2330265937145182,1.0085222878244202,20.002666666666663,20.215,16.85,22.86,6.009999999999998,2.7765926436781605,1.666311088506033,20.069646567225178,-0.09800940145406804,-0.8341244588930343,6.009999999999998,1.1390335112991785,1.003348548554785,10.026,10.15,8.87,11.24,2.370000000000001,0.42802482758620697,0.6542360641131051,10.046613027947943,-0.1121361596372714,-0.8907752186134048,2.370000000000001,1.1187850043325307,1.0020559573057992,94.58399999999999,93.89,80.84,110.08,29.239999999999995,61.17034896551725,7.82114754786772,94.8960715379374,-0.012848727445070093,-0.9167270989066498,29.239999999999995,1.160005869747647,1.0032994115065699
204,1,86.167,86.0,80.65,93.96,13.309999999999988,10.339545862068958,3.215516422298129,86.22497772300864,0.37836424927782025,0.2103021186267613,13.309999999999988,1.0897074430316416,1.0006728529832607,5.326000000000001,5.305,4.19,6.49,2.3,0.3427903448275862,0.585483001313946,5.3570178271123945,0.2586898179980191,-0.5697732346483932,2.3,1.211494941673233,1.0058238503778432,22.384000000000004,22.585,19.59,25.48,5.890000000000001,2.2815213793103446,1.5104705820737936,22.43321035132214,0.2885066990090611,-0.3817805913524013,5.890000000000001,1.1358160335040184,1.002198461013319,11.019,10.99,10.13,12.44,2.3099999999999987,0.43845758620689634,0.6621612992367466,11.038215586467468,0.6341980988650515,-0.473392519595893,2.3099999999999987,1.126993752074482,1.0017438593763015,104.56299999999997,104.595,90.94,118.96,28.019999999999996,51.38098034482759,7.168052758234107,104.80023497111063,0.002422952432292094,-0.39838790002635616,28.019999999999996,1.1351119587927705,1.0022688233037562
205,1,89.03966666666666,88.47,83.51,95.82,12.309999999999988,10.754458505747111,3.279399107420003,89.09802588535095,0.35957317183339166,-0.5381047736360189,12.309999999999988,1.0754447031553618,1.000655429438014,6.152,6.12,4.82,7.5,2.6799999999999997,0.45341655172413786,0.673362125252184,6.1875202356571455,-0.03219851498676225,-0.32555675089114766,2.6799999999999997,1.2121172480017697,1.0057737704254137,24.38333333333333,24.380000000000003,22.01,27.62,5.609999999999999,2.3256436781609198,1.5250061239748907,24.429389404294714,0.3189383305220188,-0.7437349992122777,5.609999999999999,1.1306054172252202,1.0018888340790726,11.833000000000002,11.8,10.49,13.36,2.869999999999999,0.5301320689655175,0.7281016886160322,11.85463411497799,0.4784605767310018,-0.048349062890080674,2.869999999999999,1.1269854362793046,1.0018282865695924,111.89966666666668,112.53,97.69,130.09,32.400000000000006,44.1938240229885,6.647843561861884,112.09039252615126,0.37185659497507256,0.7703894874979027,32.400000000000006,1.160581179779965,1.0017044363505812
206,1,92.577,92.205,83.79,100.94,17.14999999999999,18.973145862068957,4.355817473456499,92.67600356438913,-0.004920191107500297,-0.6852818908786471,17.14999999999999,1.0891708329855767,1.0010694185854925,7.1419999999999995,7.21,5.83,8.29,2.459999999999999,0.5060717241379309,0.7113871830008823,7.176166571831138,-0.2659584957637919,-1.08587143363967,2.459999999999999,1.1552128726416455,1.0047838941236542,26.486333333333338,26.759999999999998,22.73,29.6,6.870000000000001,3.131568850574713,1.769623929137124,26.543417953735098,-0.06055482795913302,-0.4953208246302543,6.870000000000001,1.1151540487962965,1.002155248130549,12.675,12.81,11.37,14.16,2.790000000000001,0.6931155172413793,0.8325355951797972,12.701402940882815,0.013706699414234344,-1.217349483531345,2.790000000000001,1.1148374762934499,1.002083072258999,121.55333333333333,121.295,102.67,139.81,37.14,91.56464367816093,9.568941617449703,121.91687878769426,0.05794630487874159,-0.7044620525339624,37.14,1.146764922053695,1.0029908308097482
207,0,62.73700000000001,62.745,62.14,63.55,1.4099999999999966,0.14641482758620752,0.38264190516226465,62.73812798716051,0.07914961081360232,-0.685572010722935,1.4099999999999966,1.0129406477191292,1.0000179796158646,0.21233333333333337,0.21,0.17,0.28,0.11000000000000001,0.000521954022988506,0.022846313115872898,0.21351814911149825,0.6031127760253578,1.380174800517704,0.11000000000000001,1.3113639340034988,1.005579980116946,7.9079999999999995,7.895,7.8,8.01,0.20999999999999996,0.002457931034482765,0.04957752549777737,7.908150226190697,0.429895019953916,-0.046426046161037515,0.20999999999999996,1.0128790894072788,1.0000189967363047,4.887666666666666,4.89,4.82,4.97,0.14999999999999947,0.0013564367816091948,0.03682983548170145,4.887800800632803,0.5004795191681921,0.1785847729977177,0.14999999999999947,1.0168172154962933,1.000027443353912,41.63166666666667,41.655,40.58,42.7,2.1200000000000045,0.38249022988505804,0.6184579451224295,41.636107046648824,-0.0451154666725803,-1.1574171240406872,2.1200000000000045,1.0255521716321654,1.0001066587128906
208,0,62.61566666666666,62.71,61.91,63.17,1.2600000000000051,0.12964609195402355,0.36006401091198154,62.616667403069826,-0.26433636928247983,-1.2459074876062348,1.2600000000000051,1.0088368260381588,1.000015982204717,0.21300000000000005,0.21,0.18,0.28,0.10000000000000003,0.00047000000000000015,0.021679483388678804,0.21406385340204762,0.6944365513115384,1.8538852973220177,0.10000000000000003,1.3080209271675276,1.0049946169110215,7.9126666666666665,7.9,7.86,8.0,0.13999999999999968,0.0015029885057471278,0.03876839570767828,7.91275847392467,0.696667889376585,-0.48605400579564817,0.13999999999999968,1.0110254251235926,1.0000116025686245,4.879666666666667,4.87,4.81,4.97,0.16000000000000014,0.0012860919540229965,0.0358621242263059,4.879794053031337,0.22613336902086448,0.3157495300537039,0.16000000000000014,1.0184856053325912,1.0000261055464177,41.477000000000004,41.53,40.76,42.63,1.8700000000000045,0.24019413793103517,0.49009604969948,41.47979889858034,0.380137331971426,-0.3547065392794426,1.8700000000000045,1.0277291870250371,1.0000674807382486
209,0,62.69266666666666,62.78,61.91,63.24,1.3300000000000054,0.10336505747126451,0.3215043661776065,62.69346356146973,-0.6973402915498959,0.03134723664392158,1.3300000000000054,1.0087175984142973,1.0000127111326642,0.2116666666666667,0.215,0.18,0.24,0.06,0.00030402298850574713,0.017436255002314778,0.2123597576441136,-0.5242660670989953,-0.45321960889014434,0.06,1.1301576280860506,1.0032744455627414,7.918666666666667,7.915,7.84,8.02,0.17999999999999972,0.0017774712643678107,0.04216006717698408,7.918775157813233,0.3126994695100373,-0.32022902573589773,0.17999999999999972,1.0127828913145602,1.000013700683604,4.876000000000001,4.87,4.8,4.96,0.16000000000000014,0.0020248275862069075,0.044998084250409014,4.8762007068345055,0.23784585937307226,-0.8138257982204351,0.16000000000000014,1.0171853658624104,1.000041162189193,41.599333333333334,41.625,40.8,42.72,1.9200000000000017,0.2378202298850578,0.4876681554961917,41.602096421534654,0.47701439099834464,0.45092025042991235,1.9200000000000017,1.0268713280008333,1.0000664214539012
210,0,62.715999999999994,62.795,62.09,63.24,1.1499999999999986,0.10323172413793101,0.32129694075408033,62.716795570777265,-0.35262386269356255,-0.8491896951621971,1.1499999999999986,1.0083423335720698,1.000012685292067,0.2136666666666667,0.21,0.18,0.26,0.08000000000000002,0.00040333333333333334,0.020083160441856093,0.2145771034694367,0.22284493212829898,-0.13926408833012704,0.08000000000000002,1.2116856635499935,1.0042610146775508,7.918666666666667,7.915,7.84,8.02,0.17999999999999972,0.0023085057471264278,0.04804691194162667,7.918807570166946,0.42964584098987313,-0.5862011554203854,0.17999999999999972,1.0127787459079423,1.000017793841591,4.8883333333333345,4.88,4.8,4.99,0.1900000000000004,0.0025522988505747132,0.05052028157655807,4.8885856850422496,0.29375546120106927,-0.863012011521298,0.1900000000000004,1.0207451237416276,1.000051623261285,41.56033333333334,41.575,40.05,42.72,2.6700000000000017,0.34754816091954094,0.5895321542711143,41.564375010337876,-0.3546455537857616,0.8807505924172747,2.6700000000000017,1.0278032567402902,1.0000972484260924
211,0,62.59966666666666,62.55,62.09,63.3,1.2099999999999937,0.10158264367816036,0.3187203220351039,62.60045098346603,0.45958288741749354,-0.6902382026250766,1.2099999999999937,1.0111748239117115,1.0000125290890693,0.2136666666666667,0.21,0.15,0.26,0.11000000000000001,0.0006240229885057471,0.024980452127728734,0.21507363080272457,-0.10793904219889912,0.3068259770884989,0.11000000000000001,1.2088883189891557,1.0065848555509729,7.909333333333333,7.91,7.82,8.02,0.1999999999999993,0.002751264367816089,0.05245249629727921,7.909501459215576,0.35677904410165706,-0.7767003309436165,0.1999999999999993,1.0139703546872323,1.0000212566439115,4.892333333333334,4.89,4.83,4.99,0.16000000000000014,0.0018805747126436803,0.04336559365030854,4.892519119363085,0.623763303889998,-0.04748906927523766,0.16000000000000014,1.0199244761765194,1.0000379749328372,41.511999999999986,41.465,40.05,42.77,2.720000000000006,0.3366579310344837,0.5802223117344625,41.51591959718585,-0.283503793798758,0.6160713170055416,2.720000000000006,1.0302072172550205,1.000094420822554
212,0,62.69200000000001,62.57,62.18,63.46,1.2800000000000011,0.14865103448275807,0.38555289453297853,62.69314603686754,0.7060681147342339,-0.5875457744125434,1.2800000000000011,1.0122318628368323,1.0000182804323923,0.21800000000000003,0.22,0.15,0.26,0.11000000000000001,0.0005751724137931034,0.023982752423212465,0.21927152117865195,-0.6633749866188409,0.7424776177687575,0.11000000000000001,1.1857444988862207,1.0058326659571188,7.923333333333333,7.93,7.82,8.01,0.1899999999999995,0.0029816091954023016,0.054604113356067796,7.923515213169805,-0.16288427357575952,-1.1837839412344207,0.1899999999999995,1.0109149518242166,1.0000229549646367,4.900666666666667,4.9,4.81,4.99,0.1800000000000006,0.0019374712643678254,0.044016715738090066,4.900857748054586,0.24850488091951398,0.03767236735266666,0.1800000000000006,1.0181891122999438,1.0000389908967322,41.647,41.545,40.89,42.77,1.8800000000000026,0.22010448275862088,0.46915294175633265,41.649554339352385,0.4449616075356665,-0.4528175346211958,1.8800000000000026,1.0269017442904298,1.0000613330936774
213,0,62.70033333333333,62.58,62.13,63.46,1.3299999999999983,0.16500333333333303,0.4062060232607747,62.701605269190146,0.599961553957652,-0.8802139839372525,1.3299999999999983,1.0120953000733222,1.0000202859504757,0.22200000000000003,0.22,0.19,0.27,0.08000000000000002,0.0004372413793103448,0.0209103175325088,0.22294991963817049,0.27349141111175124,-0.44535436003656503,0.08000000000000002,1.2110343006096973,1.004278917289056,7.929,7.94,7.81,8.01,0.20000000000000018,0.002574827586206906,0.05074275895343991,7.929156953926439,-0.6466980687338069,-0.23210023623734788,0.20000000000000018,1.0101956672750094,1.0000197949207263,4.900666666666667,4.905,4.81,4.99,0.1800000000000006,0.002192643678160924,0.04682567328038032,4.900882913652737,-0.17243039815184624,-0.3163352656125453,0.1800000000000006,1.018183883989353,1.0000441260344313,41.61933333333333,41.7,40.87,42.4,1.5300000000000011,0.1813926436781612,0.42590215270430504,41.62143982772981,-0.2309123983441843,-0.8362317647542854,1.5300000000000011,1.0187057481791266,1.000050613362295
214,0,62.60199999999999,62.58,62.07,63.29,1.2199999999999989,0.1066855172413792,0.3266274900270631,62.60282368498511,0.46882897965522535,-0.1913353002358793,1.2199999999999989,1.0109767623018528,1.0000131574867437,0.2186666666666667,0.21,0.19,0.27,0.08000000000000002,0.0004188505747126437,0.020465839213495342,0.21959052802887472,0.709673848612405,0.09822750771286515,0.08000000000000002,1.2295612311861501,1.004224975741805,7.910999999999999,7.915,7.81,7.98,0.17000000000000082,0.0020162068965517317,0.044902192558401104,7.911123181950841,-0.6629278380279812,-0.034026353302936574,0.17000000000000082,1.0087063260759612,1.0000155709709067,4.886666666666667,4.895,4.77,4.96,0.1900000000000004,0.0024367816091954092,0.049363768182700656,4.886907679368075,-0.48228242098373003,-0.5225766668361782,0.1900000000000004,1.0149567631368426,1.0000493204709566,41.58066666666668,41.7,40.74,42.4,1.6599999999999966,0.21767540229885055,0.4665569657596493,41.5831968468034,-0.35593728805536484,-0.9280450788048511,1.6599999999999966,1.019642625270149,1.0000608499175112
215,0,62.66233333333333,62.665,62.07,63.14,1.0700000000000003,0.05820471264367839,0.24125652870684844,62.662782282095755,-0.37985145571356976,0.850898656166776,1.0700000000000003,1.0076156484044374,1.0000071645714186,0.215,0.21,0.19,0.25,0.06,0.00026034482758620684,0.016135204603171503,0.21558447686850432,0.7387901234906835,-0.1588025587850148,0.06,1.15963822456701,1.002718497062811,7.893,7.895,7.82,7.98,0.16000000000000014,0.0015872413793103506,0.03984019803302125,7.89309719522909,0.039682446300366124,-0.6216357887171671,0.16000000000000014,1.0110099752507087,1.0000123141047879,4.870666666666667,4.855,4.77,4.98,0.21000000000000085,0.0027857471264367997,0.05278017740058098,4.87094309827847,0.4348141381840179,-0.604619739297048,0.21000000000000085,1.0223892785280275,1.0000567543686978,41.36033333333334,41.325,40.53,42.23,1.6999999999999957,0.2271067816091949,0.47655721756069847,41.36298719870217,0.2321761938316104,-0.9157805041758782,1.6999999999999957,1.020961078007563,1.0000641645063024
216,0,62.708333333333336,62.665,62.38,63.21,0.8299999999999983,0.04326954022988499,0.20801331743396861,62.7086668385373,0.632685763636668,-0.20813880477370406,0.8299999999999983,1.0079946391262558,1.000005318355412,0.23999999999999996,0.21,0.19,0.38,0.19,0.0031999999999999993,0.056568542494923796,0.24636016994094917,1.5980928927486167,1.1665971794608723,0.19,1.542457127266487,1.0265007080872883,7.880999999999999,7.87,7.82,8.04,0.21999999999999886,0.0023127586206896514,0.04809114908888798,7.881141837745763,1.5445440540795168,3.2725503959686435,0.21999999999999886,1.0201567444825577,1.0000179974299916,4.873,4.855,4.78,4.99,0.20999999999999996,0.0030217241379310493,0.054970211368804554,4.873299703486334,0.8219749108971613,-0.13495987884547,0.20999999999999996,1.0239468745232678,1.0000615028701692,41.469000000000015,41.335,40.53,42.32,1.7899999999999991,0.2596299999999994,0.5095390073389862,41.47202595324548,0.28610127882754716,-0.9679005732529622,1.7899999999999991,1.0204468922668621,1.0000729690430312
217,0,62.86300000000001,62.879999999999995,62.25,63.56,1.3100000000000023,0.1259941379310346,0.35495652963572116,62.86396872082873,0.29875214840395126,-0.609711065151096,1.3100000000000023,1.0110720225485963,1.0000154100317948,0.30799999999999994,0.32,0.2,0.41,0.20999999999999996,0.004885517241379312,0.06989647517135118,0.3155735519124926,-0.3117777742932764,-1.4296907022049181,0.20999999999999996,1.2992216791148945,1.0245894542613398,7.962666666666667,7.970000000000001,7.82,8.12,0.29999999999999893,0.00864091954022988,0.09295654651626147,7.963191152630541,-0.050470279603275096,-1.4806657410878226,0.29999999999999893,1.0196917095626492,1.0000658681300914,4.922333333333333,4.93,4.78,5.03,0.25,0.003742643678160919,0.06117714996762205,4.9227008169635225,-0.2764329415408145,-0.5004852322893152,0.25,1.0217968117555971,1.0000746563886076,42.068666666666665,42.135000000000005,41.12,44.03,2.9100000000000037,0.5468809195402308,0.7395139752163111,42.074949395889554,0.5702790537757542,0.08483313917327795,2.9100000000000037,1.046465905061824,1.000149344624413
218,1,63.057,63.085,62.21,63.86,1.6499999999999986,0.19633896551724167,0.4431015295812481,63.05850492465971,-0.16157297729224318,-0.4601078177391811,1.6499999999999986,1.0127103406003344,1.0000238660998733,0.2703333333333333,0.25,0.15,0.41,0.26,0.007844712643678161,0.08857038242933221,0.28401291050466937,0.07186483453413842,-1.4776520181378219,0.26,1.4435963466289652,1.0506026282540175,8.114333333333333,8.075,7.94,8.38,0.4400000000000004,0.01173574712643679,0.10833165339104167,8.11503234744015,0.6483391217217588,0.05148559440408107,0.4400000000000004,1.032651459811301,1.000086145599164,4.974666666666667,4.97,4.87,5.1,0.22999999999999954,0.0024878160919540185,0.049878012109084886,4.9749083743656355,0.3099173557017506,0.4114696420287025,0.22999999999999954,1.0251445084454074,1.0000485877175627,42.31233333333333,42.26,40.7,44.03,3.3299999999999983,0.6589219540229894,0.8117400778715989,42.319859522451154,-0.03869843840781417,-0.463968895475249,3.3299999999999983,1.0404098807710267,1.0001778722307402
219,1,63.501333333333335,63.25,61.87,67.23,5.3600000000000065,1.6262533333333355,1.275246381423345,63.51371017347357,1.6594066500869784,2.983354605982936,5.3600000000000065,1.0585116160963706,1.0001949067758193,0.3896666666666666,0.275,0.15,1.02,0.87,0.07027229885057472,0.2650892280923062,0.4687963310436634,1.2317080682909858,0.5632589146643037,0.87,2.1757849463736476,1.2030701395474683,8.488000000000001,8.280000000000001,8.02,10.42,2.4000000000000004,0.3577268965517242,0.5981027474871891,8.508345706814378,2.4583703580425014,5.312176610392012,2.4000000000000004,1.224679903598013,1.002396996561543,5.130999999999999,5.03,4.92,5.91,0.9900000000000002,0.0679886206896552,0.26074627646364423,5.137400445101912,2.2065434837311733,4.162763642988951,0.9900000000000002,1.1503872558026302,1.0012474069580808,43.708666666666666,43.075,40.7,51.16,10.459999999999994,6.65216367816092,2.5791788767281965,43.78216493809628,1.6122905380015315,2.3356506582096417,10.459999999999994,1.1685123399524728,1.0016815491534008
220,1,64.54533333333333,63.975,61.87,68.41,6.539999999999999,3.105860229885059,1.7623450938692622,64.56858668630333,0.6866804147653779,-0.10919542683616257,6.539999999999999,1.0594935325494979,1.00036026389158,0.6643333333333333,0.655,0.3,1.14,0.8399999999999999,0.05054954022988505,0.22483224908781446,0.7001452230311461,0.41751043103167956,-0.21404738696533654,0.8399999999999999,1.6282336328234674,1.0539065073223475,9.004666666666669,8.705,8.18,10.86,2.6799999999999997,0.6128188505747127,0.7828274717807958,9.037500391885654,1.3458153920434024,0.6663081976006189,2.6799999999999997,1.2016596989307664,1.0036463010163972,5.354,5.26,4.98,6.16,1.1799999999999997,0.10475586206896552,0.32366010268330186,5.363448517511844,1.2602625304017328,0.5401203253354421,1.1799999999999997,1.1485147997388971,1.0017647585939193,46.44033333333332,45.730000000000004,41.82,52.87,11.049999999999997,8.587644712643675,2.930468343566208,46.529624434332156,0.6693971451993183,-0.1533190633497834,11.049999999999997,1.1362653501451767,1.001922705859106
221,1,65.37933333333334,65.05000000000001,63.22,69.06,5.840000000000003,2.4154754022988514,1.5541799774475449,65.39718791100017,1.1057622178205742,0.4687365552054712,5.840000000000003,1.0560087093344839,1.0002730920729308,0.7020000000000002,0.65,0.47,1.14,0.6699999999999999,0.031664827586206895,0.1779461367554994,0.7234731047753836,1.4129369597708097,1.3439953593097904,0.6699999999999999,1.575732383795988,1.030588468341002,9.342666666666668,9.05,8.63,11.33,2.6999999999999993,0.5526133333333333,0.7433796697067612,9.371211945812203,1.5154414165724066,1.2528603614536138,2.6999999999999993,1.2090218496299339,1.0030553673981948,5.5310000000000015,5.445,5.18,6.31,1.13,0.10096793103448277,0.31775451379088665,5.539816182269348,1.3134139112087393,0.8996257303259254,1.13,1.1390269626988148,1.0015939581032989,47.57899999999999,47.489999999999995,43.12,53.95,10.830000000000005,6.559836896551724,2.5612178541763533,47.64559178629925,0.8927955322946107,0.5448034957693073,10.830000000000005,1.1323188143402099,1.001399604579736
222,1,65.80733333333335,65.49000000000001,62.7,69.06,6.359999999999999,2.385047816091956,1.5443600021018273,65.82484839835688,0.490361904416865,-0.28545404044141476,6.359999999999999,1.0491478777446586,1.0002661567356759,0.9016666666666666,0.835,0.47,1.68,1.21,0.11743505747126438,0.34268798851326027,0.9625608205891892,0.7463443337169046,-0.2756452612827003,1.21,1.7453442567625617,1.0675351060138882,9.796333333333333,9.475000000000001,8.87,11.6,2.7300000000000004,0.684292988505747,0.8272200363299641,9.830037131160799,1.1332970606107313,0.12044246795710878,2.7300000000000004,1.1800565801759277,1.0034404502869236,5.764333333333334,5.67,5.38,6.68,1.2999999999999998,0.15004609195402294,0.38735783450709105,5.7769008415701,1.2406138422540067,0.4460574055691535,1.2999999999999998,1.1563293508400339,1.0021802188579367,49.54366666666667,48.715,43.12,59.7,16.580000000000005,13.337279195402303,3.6520239861482704,49.673610800907156,0.8209871177369207,0.827331741748119,16.580000000000005,1.2018453870663603,1.0026228202913354
223,1,66.43866666666666,66.41499999999999,62.7,69.7,7.0,2.7195429885057507,1.649103692466229,66.45844807095634,-0.35495844851805236,0.02947740207949545,7.0,1.0487756187984216,1.0002977393328636,1.207,1.1949999999999998,0.66,1.72,1.06,0.07505620689655171,0.27396387881717493,1.2366904759612785,0.18981749029774522,-0.34847227848115914,1.06,1.3908088025526721,1.024598571633205,10.401333333333332,10.085,9.28,12.0,2.7200000000000006,0.6976464367816092,0.8352523192315058,10.433701484452518,0.6011933447446745,-0.9238100457649159,2.7200000000000006,1.1501191612469897,1.0031119232584784,6.0293333333333345,5.984999999999999,5.38,6.69,1.3100000000000005,0.15015816091954018,0.3875024656947878,6.04135856685674,0.32753762333411807,-0.954393338160826,1.3100000000000005,1.1073668159181524,1.0019944549187425,52.22533333333333,51.49,46.72,59.7,12.980000000000004,11.893694712643681,3.4487236352951913,52.33529096126245,0.7821300493251114,0.06737427469596691,12.980000000000004,1.1407216603455739,1.0021054461678072
224,1,67.03733333333334,66.85,63.0,71.37,8.370000000000005,2.43640643678161,1.5608992397914767,67.05489731058674,0.29699843983718743,2.0052595350215174,8.370000000000005,1.0643517902864938,1.0002620029225517,1.3073333333333332,1.26,0.88,1.86,0.9800000000000001,0.06157885057471265,0.2481508625306643,1.3299047584946324,0.5103290109811187,-0.05145478130065673,0.9800000000000001,1.3985963943052597,1.0172652410718759,10.826666666666666,10.675,9.73,12.91,3.1799999999999997,0.5645954022988505,0.7513956363320528,10.851842547082347,0.9798461745215016,0.8111396267912663,3.1799999999999997,1.189659723128863,1.0023253584127785,6.254000000000001,6.195,5.64,7.17,1.5300000000000002,0.10299724137931035,0.32093183291675875,6.261954966302456,0.5084983979451932,0.9705340813330072,1.5300000000000002,1.1450098313680024,1.0012719805408465,53.958333333333336,53.425,47.67,62.18,14.509999999999998,11.510821264367815,3.3927601247904065,54.06134352134928,0.7892034084939852,0.6416851938417443,14.509999999999998,1.1501748929980735,1.001909069121531
225,1,67.899,66.97999999999999,64.97,71.78,6.810000000000002,4.137105862068965,2.0339876750041936,67.92844325710206,0.5868575614530623,-0.8804471209499027,6.810000000000002,1.0567002062496884,1.0004336331477939,1.5276666666666665,1.475,0.92,2.35,1.4300000000000002,0.11354264367816094,0.3369608933958968,1.5631773198627639,0.49892898966335714,-0.0038205907033312947,1.4300000000000002,1.5033483214855714,1.0232450271848772,11.350999999999999,11.055,10.27,13.31,3.040000000000001,0.7227679310344829,0.8501575918819304,11.381734343528963,0.9480484413259407,-0.22728729652781077,3.040000000000001,1.1694175595977905,1.0027076331185767,6.515333333333333,6.495,5.87,7.48,1.6100000000000003,0.15341885057471263,0.39168718459341073,6.526704630465004,0.6471552569740892,0.06348440243016151,1.6100000000000003,1.1460607494148356,1.001745313178912,56.82266666666667,56.144999999999996,51.19,63.48,12.29,12.6709167816092,3.55962312353558,56.93034340314486,0.32622529220800256,-0.9793821329133716,12.29,1.1150468485755407,1.001894960986429
226,1,69.28299999999999,70.12,64.97,71.78,6.810000000000002,3.947428620689652,1.9868136854495573,69.31053265317377,-0.7852004168226782,-0.5465629281426447,6.810000000000002,1.0356290343227244,1.0003973940674304,1.7936666666666665,1.725,1.23,2.35,1.12,0.08805160919540231,0.2967349140148532,1.8172387478442855,0.30638266660762437,-0.6640018829137766,1.12,1.2931707530382053,1.0131418404632702,11.950999999999997,11.905000000000001,10.86,13.31,2.450000000000001,0.4954162068965518,0.7038580871855858,11.971019310540491,-0.04439504978101677,-1.0912319775426682,2.450000000000001,1.111851852772515,1.0016751159351096,6.839,6.880000000000001,6.03,7.48,1.4500000000000002,0.14128517241379313,0.37587919923000945,6.8489777826086335,-0.48045635112693275,-0.2581907714062268,1.4500000000000002,1.0921337807510048,1.0014589534447482,58.548,58.995,52.08,63.48,11.399999999999999,7.268926896551727,2.6960947491792138,58.60797670397208,-0.16700555527637156,-0.37076782939894404,11.399999999999999,1.083129013660315,1.0010244022677475
227,1,71.00133333333333,70.91,67.23,74.84,7.609999999999999,3.831494712643676,1.9574204230679917,71.02741099979171,0.11696445358031905,-0.43120437706535997,7.609999999999999,1.053677713245376,1.000367284179523,1.986,1.9849999999999999,1.49,2.61,1.1199999999999999,0.08304551724137929,0.2881761913159713,2.006109003352842,0.3552279254667285,-0.4111731977104891,1.1199999999999999,1.3010260138595986,1.010125379331743,12.850666666666665,12.629999999999999,11.28,15.11,3.83,1.077020229885057,1.0377958517382198,12.891111407994785,0.8940710304277076,-0.12070489048543331,3.83,1.1721254686100306,1.00314728740362,7.286666666666668,7.255,6.35,8.27,1.92,0.20083678160919546,0.4481481692578867,7.299976255669147,0.407781038178294,0.07630184625320702,1.92,1.1328803971899954,1.0018265675666715,61.27300000000001,61.480000000000004,55.1,70.87,15.770000000000003,17.63778034482759,4.199735747023566,61.411972638349056,0.5696403413788297,-0.2562329869642661,15.770000000000003,1.1540095026314923,1.0022680893435778
228,1,72.20499999999998,72.25999999999999,67.51,77.57,10.059999999999988,4.981846551724134,2.232005051903811,72.23834030485473,0.0839704806878513,-0.0725449152723896,10.059999999999988,1.0738065087409954,1.0004617450987432,2.432,2.435,1.71,3.36,1.65,0.18761655172413794,0.4331472633229234,2.469005197780407,0.19645784733424168,-0.7685416651830228,1.65,1.3608719831860143,1.0152159530347067,13.738333333333333,13.82,12.07,15.48,3.41,0.8882143678160918,0.942451254875334,13.769546470381659,-0.03274300656484369,-1.2000680632591323,3.41,1.1242200339203279,1.0022719740663588,7.644333333333333,7.57,6.65,8.77,2.119999999999999,0.22272195402298844,0.4719342687525334,7.658402574949949,0.546360968277746,0.5767505076510795,2.119999999999999,1.1451474265254744,1.0018404798696134,65.82166666666667,65.86500000000001,57.0,73.68,16.680000000000007,17.4513867816092,4.177485700946109,65.94968898081831,-0.06938319492961136,-0.5385145536979628,16.680000000000007,1.117215276351494,1.0019449874279234
229,1,73.702,73.37,69.0,80.57,11.569999999999993,8.227257931034478,2.8683197051644154,73.75593413414272,0.46771460852893487,-0.2807150690394482,11.569999999999993,1.0923866797411077,1.0007317865748924,2.8623333333333334,2.8049999999999997,2.11,3.71,1.6,0.14641850574712645,0.3826467114024717,2.8869516795402035,0.3031441790943968,-0.49716759681947664,1.6,1.285092516889954,1.0086007963922918,14.541666666666664,14.524999999999999,12.68,18.39,5.710000000000001,1.229097126436782,1.1086465290780385,14.582461954919227,1.204779921571308,4.093973789322824,5.710000000000001,1.2611039244848736,1.00280540664201,8.007666666666667,7.965,6.94,9.09,2.1499999999999995,0.2891288505747126,0.5377070304308031,8.025099168649984,-0.03476110888035848,-0.8273622251000949,2.1499999999999995,1.1326962831200948,1.0021769764787891,69.52966666666666,69.68,59.81,83.01,23.200000000000003,28.700230919540243,5.357259646455475,69.72889001936953,0.4174542320622003,0.04508575996998232,23.200000000000003,1.190467824411678,1.0028652999827825
230,0,62.11666666666667,62.09,61.56,62.61,1.0499999999999972,0.07651954022988508,0.27662165538851996,62.11726206672881,-0.0328427210127527,-0.35628761582489643,1.0499999999999972,1.0079323833162812,1.0000095851901607,0.202,0.20500000000000002,0.17,0.23,0.06,0.00037517241379310347,0.019369367924460094,0.202895703913776,-0.2721040363233352,-0.9665490736735869,0.06,1.1335873336073317,1.0044341777909702,7.879333333333334,7.87,7.78,7.96,0.17999999999999972,0.002109885057471268,0.04593348514396951,7.879462756643585,0.020731655383534744,-0.7577941501778467,0.17999999999999972,1.0102211592139971,1.000016425667601,5.130333333333332,5.14,5.04,5.23,0.1900000000000004,0.0021343678160919647,0.04619921878226908,5.1305344101110295,-0.31282008894784985,-0.32088169434052505,0.1900000000000004,1.019386984266775,1.000039193706263,41.654999999999994,41.760000000000005,40.32,42.61,2.289999999999999,0.27503275862068927,0.524435657274264,41.65819115132101,-0.6619693806228658,0.3358875381557014,2.289999999999999,1.0228480599462804,1.0000766090822475
231,0,62.144,62.175,61.56,62.57,1.009999999999998,0.05876275862068964,0.2424103104669635,62.1444570335923,-0.3058004666988481,-0.04254800952988669,1.009999999999998,1.006847641555186,1.0000073544283006,0.1953333333333334,0.195,0.15,0.23,0.08000000000000002,0.0005705747126436782,0.023886705772116806,0.1967400992849873,-0.08484181443165043,-0.8773450876934374,0.08000000000000002,1.1690550164195768,1.0072018734726311,7.874333333333333,7.87,7.77,7.95,0.1800000000000006,0.002280574712643684,0.04775536318198914,7.874473315720868,-0.27383533444829117,-0.3297151644346825,0.1800000000000006,1.0095913315406566,1.0000177770462093,5.136666666666668,5.135,5.03,5.27,0.23999999999999932,0.0031126436781609194,0.05579107167066178,5.136959541726345,0.20802296256310818,0.2206510342071515,0.23999999999999932,1.0258986774556034,1.0000570165593141,41.92733333333334,41.975,40.68,42.81,2.1300000000000026,0.2528754022988505,0.5028671815687026,41.930248349689826,-0.5025935245790094,0.1867875478843697,2.1300000000000026,1.0209813126546075,1.0000695254413943
232,0,62.299666666666674,62.3,61.76,62.73,0.9699999999999989,0.059858505747126374,0.2446599798641502,62.300131059252195,-0.31031269619485813,-0.25881274343289284,0.9699999999999989,1.0068999684822326,1.0000074541744823,0.19633333333333336,0.19,0.15,0.24,0.09,0.000651609195402299,0.025526636977915813,0.19793096439583843,0.10737694147073396,-0.7688084090406604,0.09,1.2125439833659806,1.0081373398769358,7.886999999999999,7.895,7.77,7.97,0.20000000000000018,0.0021872413793103495,0.04676795248148404,7.887134037997156,-0.45122572120554294,0.03734022464782161,0.20000000000000018,1.0105064731502758,1.0000169948012119,5.144333333333334,5.135,5.03,5.27,0.23999999999999932,0.0022667816091953936,0.04761072997965263,5.144546303287266,0.32110370153906104,0.9849086095281221,0.23999999999999932,1.0243857649084762,1.0000413989413461,42.07433333333334,41.965,41.42,43.2,1.7800000000000011,0.17359781609195385,0.41665071233822926,42.076327509261866,0.6898955771715387,0.3252808648637897,1.7800000000000011,1.0267055743040026,1.0000473964949776
233,0,62.168,62.19,61.63,62.73,1.0999999999999943,0.09491999999999967,0.3080908956785313,62.168737963706484,0.08453211555950625,-1.013094204439549,1.0999999999999943,1.0090280429469418,1.0000118704752683,0.2016666666666667,0.2,0.15,0.24,0.09,0.0005316091954022989,0.023056651868870702,0.20293677176237265,-0.21769444444281028,-0.47726682667222997,0.09,1.1826343639733574,1.006298041796889,7.893666666666665,7.89,7.82,7.97,0.14999999999999947,0.0015274712643678179,0.03908287686913309,7.893760193975998,0.13878839919734304,-0.9439186780624396,0.14999999999999947,1.009658236904914,1.0000118483986318,5.128333333333333,5.13,5.03,5.2,0.16999999999999993,0.0017936781609195407,0.04235183775138383,5.128502380487569,-0.5061817182388623,-0.02680090560777515,0.16999999999999993,1.0139412277128814,1.0000329633709917,41.742666666666665,41.78,40.61,43.2,2.5900000000000034,0.27213057471264335,0.521661360187472,41.74581751505173,0.36849754745893626,1.124819539714336,2.5900000000000034,1.0348342078682242,1.0000754826808318
234,0,61.96866666666668,61.885000000000005,61.45,62.63,1.1799999999999997,0.0831085057471263,0.28828545878543077,61.969314879758564,0.3282252676612378,-0.511279968936126,1.1799999999999997,1.0106614882143428,1.0000104603362756,0.1993333333333333,0.2,0.15,0.25,0.1,0.00042712643678160926,0.02066703744569137,0.20036633117035074,-0.105544926008893,0.8339444062167534,0.1,1.2477146162218786,1.0051822633964085,7.868666666666668,7.86,7.8,7.95,0.15000000000000036,0.0016257471264367847,0.04032055463949851,7.868766527650104,0.5369361573813934,-0.1104559035588406,0.15000000000000036,1.0103235331820368,1.0000126909662927,5.125666666666667,5.125,5.03,5.23,0.20000000000000018,0.002411609195402307,0.049108137771680035,5.125894068355295,-0.24001974819289795,-0.22329061455053756,0.20000000000000018,1.0203098094218144,1.0000443652901012,41.55,41.54,40.61,42.28,1.6700000000000017,0.16424827586206867,0.40527555547068056,41.55191058583628,-0.17831347745263332,-0.6761613215379634,1.6700000000000017,1.0175224052010716,1.0000459828119443
235,0,62.12700000000002,62.19,61.45,62.69,1.2399999999999949,0.10106999999999988,0.3179150830017347,62.127786295666446,-0.4615179012406123,-0.4145423760383995,1.2399999999999949,1.0090493117146968,1.0000126562632419,0.1976666666666667,0.2,0.16,0.25,0.09,0.0004254022988505748,0.020625283000496618,0.19870413516918398,0.7399981042875908,1.4085029707460475,0.09,1.2581519744777372,1.0052485758980638,7.855666666666666,7.86,7.79,8.0,0.20999999999999996,0.002052988505747125,0.04530991619664646,7.855792979281807,1.280271404749199,2.855599084444764,0.20999999999999996,1.018356774560953,1.0000160791719532,5.132000000000001,5.13,5.04,5.23,0.1900000000000004,0.002285517241379319,0.04780708358997983,5.132215246200546,-0.15483818958917947,-0.4960902585225533,0.1900000000000004,1.0190531279590906,1.000041941972047,41.70299999999999,41.71,40.98,42.68,1.7000000000000028,0.20506999999999978,0.4528465523772923,41.705376671759396,0.1871068569715288,-0.6363066629072209,1.7000000000000028,1.0233692489079127,1.0000569904265737
236,0,62.20466666666666,62.26,61.56,62.69,1.1299999999999955,0.05937747126436765,0.2436749294949475,62.2051280308411,-0.5933634305790713,0.48736747883081444,1.1299999999999955,1.0077947266488785,1.000007416873993,0.1953333333333334,0.19,0.16,0.25,0.09,0.0006257471264367818,0.025014938065819427,0.19687559523719544,0.5029848545566555,-0.21808854944689005,0.09,1.2698374305804656,1.007895538756973,7.858333333333334,7.85,7.78,8.0,0.21999999999999975,0.002379885057471264,0.048784065610312385,7.858479708781676,0.9445558983401968,1.3603021354565996,0.21999999999999975,1.018008609357377,1.0000186267802769,5.1290000000000004,5.125,5.05,5.25,0.20000000000000018,0.001995517241379317,0.04467121266967483,5.129188044905354,0.5307732919252387,0.5807502815651535,0.20000000000000018,1.0235538167126947,1.0000366630737676,41.726666666666674,41.71,40.98,42.68,1.7000000000000028,0.1797126436781608,0.423925280772639,41.728748283807086,0.14414556401141354,-0.06774894127789244,1.7000000000000028,1.0227960759743673,1.0000498869741272
237,0,62.020999999999994,62.0,61.49,62.5,1.009999999999998,0.06568517241379312,0.2562911867657433,62.021511886333975,-0.18017514578173902,-0.48440937360917413,1.009999999999998,1.0077148734223529,1.0000082534356747,0.19033333333333335,0.19,0.13,0.25,0.12,0.0008378160919540229,0.028945052978946555,0.19244912747702098,0.046774805453085225,-0.31493249971410187,0.12,1.2990446009159007,1.0111162564466951,7.864000000000002,7.855,7.78,7.96,0.17999999999999972,0.0020731034482758615,0.04553134577712218,7.864127415041035,0.3932278150618023,-0.6505977579001878,0.17999999999999972,1.0121911281314693,1.0000162023195618,5.120333333333335,5.12,5.04,5.25,0.20999999999999996,0.0018654022988505764,0.043190303296580086,5.120509414762038,0.7653099451099973,1.5621286938527223,0.20999999999999996,1.0252886138368675,1.0000343886651983,41.884666666666675,41.875,41.06,42.93,1.8699999999999974,0.18004643678160884,0.4243187914547373,41.88674428344445,0.2107317186107527,0.26994626071579475,1.8699999999999974,1.0249065840375637,1.0000496032783144
238,0,62.07533333333333,62.075,61.49,62.52,1.0300000000000011,0.06603954022988513,0.25698159511896007,62.07584753079628,-0.21381419427218723,-0.28568848232741173,1.0300000000000011,1.0071549964578956,1.0000082834426387,0.19566666666666674,0.19,0.13,0.25,0.12,0.0011081609195402302,0.03328905104595549,0.1983851472935075,-0.1389936044409675,-0.6266201464929035,0.12,1.2601749849253039,1.0138934273944162,7.871333333333334,7.86,7.79,7.96,0.16999999999999993,0.002046436781609194,0.04523755941260751,7.871458992249574,0.26361390175510924,-0.9453996427901235,0.16999999999999993,1.0112483604167417,1.0000159641208062,5.128000000000001,5.12,5.04,5.22,0.17999999999999972,0.0019544827586206884,0.04420953244064778,5.1281842140599165,0.2994428787053451,-0.3501683838259084,0.17999999999999972,1.01790415127607,1.0000359231786107,41.784,41.81,40.47,42.93,2.460000000000001,0.33649379310344807,0.5800808504884885,41.787892185815416,-0.37901508567186376,-0.1333142854220628,2.460000000000001,1.0273310701843024,1.000093150148751
239,0,62.459999999999994,62.44,61.91,63.29,1.3800000000000026,0.09788965517241413,0.31287322540034346,62.46075749353883,0.3958323276320579,0.29594028868002953,1.3800000000000026,1.0132762159752378,1.0000121276583227,0.27566666666666667,0.275,0.15,0.4,0.25,0.006425402298850576,0.08015860714140795,0.2867112368452505,0.003430079045469837,-1.284988031243584,0.25,1.3951319257706525,1.0400649462342824,7.909999999999999,7.905,7.79,8.06,0.27000000000000046,0.004868965517241373,0.06977797300897592,7.91029750810086,0.38169572311033284,-0.6338429464507627,0.27000000000000046,1.018925014102925,1.000037611643598,5.174333333333333,5.175,5.09,5.3,0.20999999999999996,0.002687471264367819,0.05184082623153126,5.174584363341014,0.35465413470478735,0.09850994185828998,0.20999999999999996,1.0242368522479766,1.0000485144638949,41.861000000000004,41.805,40.47,43.14,2.6700000000000017,0.4087748275862068,0.6393550090413047,41.8657195089252,-0.09688957522570699,-0.032313892019597557,2.6700000000000017,1.0304373245228269,1.000112742383727
240,0,62.56566666666667,62.535,61.9,63.29,1.3900000000000006,0.08179091954022985,0.28599111793940357,62.56629851605415,0.36620421549615634,1.0276611979760624,1.3900000000000006,1.0115669537931855,1.0000100989795384,0.2803333333333333,0.3,0.15,0.4,0.25,0.007099885057471265,0.08426081567057885,0.2923183196448693,-0.30797730535532963,-1.3248567188654177,0.25,1.3683713031942393,1.0427526265572034,8.003333333333334,7.97,7.82,8.29,0.46999999999999886,0.011340229885057425,0.10649051546995829,8.004018157567279,0.7763533056462434,0.5634525754783435,0.46999999999999886,1.0357297843161866,1.0000855673761697,5.216666666666667,5.2,5.14,5.34,0.20000000000000018,0.002547126436781606,0.0504690641559917,5.2169026570689745,0.847771416629127,-0.21265288036001317,0.20000000000000018,1.023595867322582,1.0000452377768,42.319,42.375,41.29,43.53,2.240000000000002,0.2505955172413791,0.5005951630223558,42.32186200220087,0.11883646427417333,0.11998945385043136,2.240000000000002,1.0285464282676482,1.0000676292492938
241,1,62.821999999999996,62.485,61.87,66.24,4.369999999999997,0.9981613793103453,0.9990802667005015,62.829679080298774,2.6224963957896663,7.193291515478757,4.369999999999997,1.0542788212453338,1.0001222355273436,0.3106666666666666,0.245,0.13,1.03,0.9,0.0471719540229885,0.21719105419650345,0.37697922135488227,2.3451640395550406,5.770325946388027,0.9,2.7322460805614917,1.2134524292539133,8.287333333333333,8.19,7.86,10.22,2.3600000000000003,0.28825471264367836,0.536893576645948,8.304127889188607,3.187432003362281,9.988443532543052,2.3600000000000003,1.230713223155646,1.0020265331657077,5.317333333333333,5.275,5.14,6.2,1.0600000000000005,0.05567540229885058,0.23595635676720086,5.322391692964107,3.146292243761284,9.906293493907919,1.0600000000000005,1.1648898385656283,1.0009512963197293,43.37933333333333,42.724999999999994,41.45,51.48,10.029999999999994,4.413461609195399,2.1008240309924577,43.42848036331305,2.781840565178464,8.4696907712687,10.029999999999994,1.1853972224984552,1.0011329595501635
242,1,63.642999999999994,63.505,61.87,68.56,6.690000000000005,1.887704482758621,1.3739375832833969,63.6573344556619,1.8600321974179204,4.91764839095551,6.690000000000005,1.0770165069942232,1.0002252322433247,0.5426666666666667,0.545,0.13,1.26,1.13,0.06970988505747125,0.26402629614769674,0.6015590854881451,0.6250509489090503,0.7229187672251411,1.13,2.094557343403021,1.1085241133073924,8.690333333333333,8.504999999999999,8.09,11.04,2.9499999999999993,0.44320333333333334,0.6657351825863895,8.714948269114013,2.319708454796355,5.531294879093309,2.9499999999999993,1.2667889308220022,1.0028324501301078,5.4943333333333335,5.4350000000000005,5.17,6.52,1.3499999999999996,0.08808747126436779,0.29679533565129995,5.502076880596999,2.125781044464015,4.9670035641463395,1.3499999999999996,1.185007069420039,1.0014093697622397,45.18633333333334,44.94,41.52,53.9,12.379999999999995,7.215141264367813,2.6861014992676306,45.263443932898724,1.6317814674994349,3.3263481774885104,12.379999999999995,1.1908064282493536,1.0017065026940015
243,1,64.90333333333332,64.29499999999999,62.46,68.85,6.3899999999999935,2.87712643678161,1.6962094318749705,64.92475567917064,1.2170758349099295,0.5837758974907228,6.3899999999999935,1.0604583610637854,1.0003300654178624,0.692,0.635,0.4,1.26,0.86,0.046464827586206896,0.21555701701917962,0.7237264676657887,1.1795387423230521,0.9057910627044672,0.86,1.7409892497974224,1.0458474966268625,9.278999999999998,8.934999999999999,8.44,11.43,2.99,0.79843,0.8935491032953925,9.320496589059333,1.4589420175005796,0.8270034108224502,2.99,1.2263295083887336,1.0044720971073753,5.744,5.58,5.4,6.61,1.21,0.12674206896551724,0.35600852372593167,5.754654927389941,1.4777551881150661,1.036092559673195,1.21,1.1486353366800408,1.0018549664676082,47.21,45.91,42.99,54.38,11.39,9.621089655172414,3.1017881383441415,47.308397633683036,1.3317263076413965,0.7539213939423783,11.39,1.149478797000769,1.00208425404963
244,1,65.00666666666665,64.75999999999999,62.77,68.85,6.079999999999991,2.315567816091956,1.5216989899753355,65.02388094641333,1.054008545812749,0.8413854433839942,6.079999999999991,1.058841751644135,1.00026480791324,0.8446666666666666,0.85,0.4,1.52,1.12,0.0753222988505747,0.27444908243711563,0.8867205497411985,0.3935905979142679,0.11086316455575362,1.12,1.7141815428137228,1.0497875490227293,9.632,9.35,8.84,11.43,2.59,0.5770993103448274,0.7596705274951947,9.6609154155632,1.2274111264766587,0.3170776964682762,2.59,1.1831176972719273,1.0030020157353823,5.900666666666667,5.79,5.55,6.61,1.0600000000000005,0.09129609195402297,0.3021524316533345,5.908140147288315,1.1694326492688303,0.45343070168413213,1.0600000000000005,1.1187953967262982,1.001266548517961,49.12233333333334,48.769999999999996,45.36,56.77,11.410000000000004,9.524411609195402,3.086164546681755,49.21595842136301,0.8201288176262468,0.018959365082969803,11.410000000000004,1.1534876454901675,1.0019059576709102
245,1,65.26833333333333,65.19999999999999,62.77,68.91,6.1399999999999935,2.0280005747126433,1.4240788512974425,65.28334961279688,0.3569037292287153,0.17840333721605273,6.1399999999999935,1.0555524556983242,1.0002300699082793,1.1039999999999999,1.0950000000000002,0.73,1.65,0.9199999999999999,0.05094896551724139,0.2257187752873947,1.1260846622997165,0.34757509362453426,-0.1679164497622252,0.9199999999999999,1.465253950471478,1.0200042230975694,9.805666666666665,9.735,9.05,11.94,2.889999999999999,0.3626254022988505,0.6021838608754393,9.823524655981,1.7319311381601457,4.521562154654634,2.889999999999999,1.215449690221971,1.0018211907381107,6.02,6.02,5.64,6.92,1.2800000000000002,0.07053103448275858,0.2655767958289251,6.025660129811505,1.3786124519740297,3.4006471512894585,1.2800000000000002,1.1484218908669965,1.000940220898921,50.88533333333333,50.55,46.75,59.57,12.82,8.595749885057474,2.931850931588691,50.96691449689036,1.0260849608830314,1.4842504104215921,12.82,1.1687974559188694,1.0016032353177804
246,1,66.45566666666667,66.355,64.48,68.96,4.47999999999999,1.3044874712643675,1.142141616116131,66.46515355181741,0.5132147158153331,-0.06669075464067165,4.47999999999999,1.037536157141916,1.0001427550971436,1.2176666666666667,1.23,0.92,1.79,0.87,0.03251505747126437,0.18031932084850022,1.230505316255616,1.2674168430742316,3.147448307233006,0.87,1.4546869293071454,1.0105436487179984,10.352,10.24,9.54,12.7,3.16,0.44347172413793084,0.665936726827655,10.372684962599285,1.9298553841482025,4.973237300287844,3.16,1.2243695866395534,1.0019981609929758,6.284000000000001,6.2,5.83,7.19,1.3600000000000003,0.08496965517241381,0.2914955491468331,6.2905320389720085,1.4221423151593169,2.3427624487176697,1.3600000000000003,1.1429875812499608,1.0010394715105042,52.77366666666667,52.415,47.25,62.89,15.64,10.412555057471263,3.22684909121441,52.868945169478586,1.276315618621638,2.631297530054458,15.64,1.1895452008432845,1.001805417527907
247,1,67.45266666666666,67.175,64.71,72.6,7.890000000000001,3.599192643678159,1.8971538270994683,67.47845181982171,1.0403171501982633,1.3260114930199647,7.890000000000001,1.075899017272264,1.0003822703301335,1.4743333333333335,1.42,0.92,2.41,1.4900000000000002,0.13548057471264371,0.36807685978969623,1.5180985914404022,0.5925452393524486,-0.03299813841508881,1.4900000000000002,1.5875121771329386,1.02968477827746,11.120666666666668,10.815000000000001,10.05,13.44,3.389999999999999,0.7915857471264364,0.8897110469846018,11.155018003870127,1.3216736380176772,1.0242317843337476,3.389999999999999,1.2048389339521568,1.0030889638394094,6.628666666666667,6.56,6.11,7.58,1.4699999999999998,0.14563954022988507,0.3816274888289431,6.639277571141809,0.8116373650097648,0.073254292301697,1.4699999999999998,1.1416904804443064,1.0016007600032901,56.12566666666666,55.64,48.56,66.08,17.519999999999996,17.98498402298851,4.240870668033689,56.28033353964183,0.566230379638892,-0.06822944435951417,17.519999999999996,1.1741223948762785,1.0027557244690517
248,1,68.16499999999999,67.96000000000001,64.96,72.6,7.640000000000001,3.1941500000000023,1.787218509304333,68.18764479972404,0.5399108124246047,0.5967659855001606,7.640000000000001,1.0647090130951966,1.0003322056733521,1.8829999999999998,1.8599999999999999,1.13,2.41,1.2800000000000002,0.10215965517241381,0.3196242405894988,1.9090425174242018,-0.2825430354461592,-0.5473146446811437,1.2800000000000002,1.262412952044526,1.0138303332045682,11.67166666666667,11.36,10.77,14.17,3.4000000000000004,0.718924712643678,0.8478942815255202,11.701400058682436,1.4258123388168977,1.6249071926216168,3.4000000000000004,1.2109662030985653,1.0025474846793458,6.8933333333333335,6.84,6.35,7.78,1.4300000000000006,0.11512643678160919,0.3393028688083984,6.901400823987354,0.70922511300155,0.4962851854877912,1.4300000000000006,1.127307368231516,1.0011703322999062,59.63166666666667,60.0,51.85,66.08,14.229999999999997,14.26331781609195,3.7766807935132602,59.74716347520888,-0.14425900441563821,-0.8333865160556333,14.229999999999997,1.105993927685267,1.0019368368351638
249,1,69.16133333333333,68.955,65.66,72.98,7.320000000000007,3.5053016091954006,1.8722450718843942,69.18582576414526,0.3487033225110751,-0.24358770768881088,7.320000000000007,1.0548403404013575,1.0003541347402007,2.113,2.115,1.34,2.88,1.5399999999999998,0.10469758620689656,0.323570063829917,2.1368146074628624,0.144795154081405,0.5760950094507704,1.5399999999999998,1.3478005953074026,1.0112705193861158,12.415666666666668,12.309999999999999,10.99,14.58,3.59,1.066066781609195,1.0325051000402832,12.45709877941088,0.4734290951996725,-0.8587441022189353,3.59,1.170416985381689,1.0033370832075774,7.180666666666666,7.1,6.46,8.07,1.6100000000000003,0.163647816091954,0.40453407284424636,7.19167342603004,0.4513164128681323,-0.5250156444469125,1.6100000000000003,1.122131042657038,1.0015328325174135,63.01300000000001,63.05,51.85,74.39,22.54,22.260842413793092,4.718139719613345,63.183518288659215,0.10092627049092072,0.9350813522547039,22.54,1.17736400274741,1.0027060811048387
250,1,71.64533333333334,71.545,67.62,77.59,9.969999999999999,5.681246436781609,2.383536539846119,71.68364987917398,0.39256180279971736,-0.03461509483217462,9.969999999999999,1.08239466225257,1.0005348086757078,2.4683333333333333,2.455,1.78,3.3,1.5199999999999998,0.18455229885057467,0.4295955060874993,2.504210454414724,0.05379282839990479,-1.0073920632281181,1.5199999999999998,1.31778061791187,1.0145349578992806,13.445333333333334,13.235,11.94,15.7,3.76,0.9468602298850574,0.9730674333698859,13.479328123711014,0.8047386073100166,0.08806061767021811,3.76,1.1647464811233936,1.0025283709622432,7.6593333333333335,7.6,6.9,8.75,1.8499999999999996,0.2114340229885057,0.4598195548130872,7.672664031047712,0.4644510292257678,0.008310022053904298,1.8499999999999996,1.140412243334624,1.0017404514380335,67.36633333333333,66.58,59.51,76.69,17.18,23.29092057471264,4.826066781004242,67.5332319923557,0.27235001625060223,-0.7422991431400083,17.18,1.1355890683372118,1.0024774787458972
251,1,73.06266666666667,73.285,68.39,78.01,9.620000000000005,5.406406436781612,2.3251680448478584,73.09842305640616,0.2597703473717091,-0.23942215406177603,9.620000000000005,1.0671912845480105,1.000489393439506,2.878333333333333,2.92,2.28,3.78,1.5,0.13931781609195398,0.373253018865158,2.901633448019695,0.3744160864185322,-0.02163770626586725,1.5,1.3027145115727046,1.0080950022071902,14.172999999999998,14.1,12.73,16.21,3.4800000000000004,1.053421724137931,1.0263633489841357,14.208878796958846,0.5059773090491961,-0.7180474040467995,3.4800000000000004,1.1408359682446907,1.0025314892372008,7.961333333333333,7.87,7.35,8.82,1.4700000000000006,0.19473609195402303,0.441289125125493,7.973147015660336,0.6315315285994592,-0.6939160652211989,1.4700000000000006,1.1062131405173303,1.0014838823890893,69.47666666666667,69.35,60.13,79.71,19.57999999999999,28.40148505747126,5.329304369002699,69.67396917070249,0.04038110035014817,-0.7843963827305331,19.57999999999999,1.1440427601405776,1.0028398383731107
252,1,73.46666666666668,73.985,68.39,78.01,9.620000000000005,5.573133333333333,2.3607484688829796,73.50332287273368,-0.2842758228631455,-0.5602429838692569,9.620000000000005,1.0613125631758085,1.0004989501733257,3.076333333333334,3.0599999999999996,2.42,3.78,1.3599999999999999,0.10635505747126436,0.3261212312488476,3.0929980062500304,0.052592528485833505,0.14578917599818908,1.3599999999999999,1.2221152397647015,1.0054170569671785,14.756666666666664,14.67,13.3,16.21,2.91,0.6569540229885062,0.8105270032444979,14.778168582969498,0.09743143151008458,-0.7680755530815295,2.91,1.096888285513305,1.0014570984619042,8.243333333333332,8.25,7.45,8.87,1.419999999999999,0.19569195402298845,0.44237083315131487,8.254799412059226,-0.26015833650494047,-1.0780943613283223,1.419999999999999,1.074526412724462,1.0013909517257453,71.77033333333334,71.6,60.13,81.61,21.479999999999997,32.265361954022985,5.680260729405208,71.98729468917878,-0.35967870239008654,-0.25589987636394174,21.479999999999997,1.1336722730360878,1.0030229949586242
253,0,62.04566666666666,61.989999999999995,61.4,62.66,1.259999999999998,0.10778402298850616,0.32830477149823173,62.04650629433807,0.07366192777515204,-0.6587111896893929,1.259999999999998,1.009887643032657,1.0000135324143735,0.2046666666666667,0.21,0.16,0.26,0.1,0.0006119540229885056,0.024737704480984196,0.206106768447812,-0.3014128797298317,-0.26395627520426146,0.1,1.2614821044357611,1.0070363279209054,8.079,8.075,7.93,8.22,0.2900000000000009,0.004009310344827591,0.06331911516143914,8.079239856983246,0.24941983547431337,0.594529327249349,0.2900000000000009,1.0174224488328676,1.000029688944578,4.929333333333333,4.93,4.82,5.02,0.1999999999999993,0.0020271264367816024,0.045023620875953574,4.929532094090336,-0.009074788854131221,0.2676951595365633,0.1999999999999993,1.0183522298228098,1.0000403220361787,41.37900000000001,41.44,40.01,42.58,2.5700000000000003,0.3960368965517239,0.6293146244540356,41.38362570711593,-0.08893699010725055,-0.744925293933159,2.5700000000000003,1.028909363847217,1.0001117887603839
254,0,61.95466666666666,61.93,61.26,62.66,1.3999999999999986,0.12824643678160957,0.3581151166616813,61.95566716074756,0.16569904071302297,-0.5213316373126897,1.3999999999999986,1.011368335965538,1.0000161488090362,0.20099999999999998,0.2,0.14,0.25,0.10999999999999999,0.0007334482758620689,0.027082250199384632,0.20275601100830526,-0.3140409850625189,-0.3063313139285784,0.10999999999999999,1.2330090671874558,1.0087363731756482,8.077666666666666,8.065000000000001,7.93,8.22,0.2900000000000009,0.0038391954022988692,0.06196124112942598,8.077896384579342,0.15822216092305313,0.3043953546202909,0.2900000000000009,1.0175916610779923,1.0000284386472178,4.926666666666665,4.93,4.82,5.02,0.1999999999999993,0.0017402298850574685,0.04171606267443596,4.926837389915225,-0.11411269024320093,0.4569874727740362,0.1999999999999993,1.0189092114701146,1.00003465289213,41.303000000000004,41.269999999999996,40.09,42.44,2.3499999999999943,0.3668699999999998,0.6056979445235057,41.30729293962508,-0.009548326751319273,-0.5804139778542745,2.3499999999999943,1.0274214788664677,1.0001039377194167
255,0,61.92833333333333,61.879999999999995,61.17,62.77,1.6000000000000014,0.15044195402298874,0.3878684751600583,61.929507479606734,0.11114904582707566,-0.32077751075531813,1.6000000000000014,1.0135717617433022,1.00001895975897,0.202,0.2,0.14,0.25,0.10999999999999999,0.0009062068965517239,0.030103270529158854,0.20415680248279752,-0.39264706635804403,-0.49174847641309993,0.10999999999999999,1.2245489592298315,1.010677240013849,8.071,8.055,7.97,8.19,0.21999999999999975,0.0030713793103448444,0.05542002625716488,8.071183928024437,0.4622700000658491,-0.4872035828644852,0.21999999999999975,1.0147210214802582,1.000022788752873,4.931666666666667,4.94,4.87,4.98,0.11000000000000032,0.000883333333333331,0.02972092416687831,4.9317532379469275,-0.4182727517974347,-0.31441162905299525,0.11000000000000032,1.0097828824203616,1.0000175541629457,41.34,41.32,40.09,42.44,2.3499999999999943,0.4232482758620686,0.6505753421872585,41.344948179916734,0.06557386222305471,-0.6307801344463253,2.3499999999999943,1.0264857465854844,1.0001196947246427
256,0,61.797999999999995,61.78,61.17,62.77,1.6000000000000014,0.15525793103448302,0.39402783027913524,61.79921428842495,0.5377820762329252,-0.07024885965727057,1.6000000000000014,1.0157087063768202,1.0000196493159157,0.19500000000000003,0.2,0.14,0.24,0.09999999999999998,0.0006603448275862068,0.02569717547876044,0.19662994007356394,-0.16982579548653715,-0.41319963507721136,0.09999999999999998,1.2205669182943872,1.0083586670439175,8.031333333333333,8.035,7.94,8.16,0.21999999999999975,0.002894712643678162,0.05380253380351303,8.031507538023813,0.3397372656890784,0.5073836811566257,0.21999999999999975,1.0159985483880656,1.0000216906313373,4.935333333333334,4.94,4.87,4.99,0.1200000000000001,0.0009222988505747119,0.03036937356243477,4.935423656249448,-0.23280749940866324,0.07446317577678885,0.1200000000000001,1.011058086914473,1.0000183012797745,41.40700000000001,41.405,40.06,42.8,2.739999999999995,0.41974586206896447,0.6478779685009859,41.41189929637776,0.07630165176672259,0.01466583551303735,2.739999999999995,1.0335193682783743,1.0001183204863369
257,0,61.70633333333333,61.724999999999994,61.18,62.32,1.1400000000000006,0.08838954022988527,0.2973037844190438,61.707025666990845,0.05746986665593416,-0.6796379760347699,1.1400000000000006,1.0099336230580476,1.0000112198152136,0.17833333333333334,0.17,0.14,0.21,0.06999999999999998,0.0003522988505747127,0.018769625744130134,0.17928561942702861,0.12416119171537446,-0.9422635410888844,0.06999999999999998,1.1713153607697604,1.005339922020721,8.033666666666667,8.04,7.94,8.14,0.20000000000000018,0.0024516091954022955,0.04951372734305402,8.033814162650266,-0.10364761872738329,0.04306346757554147,0.20000000000000018,1.0132173629113055,1.000018359734069,4.933666666666667,4.93,4.87,4.99,0.1200000000000001,0.0010654022988505743,0.032640500897666604,4.93377103914102,0.12712638991930345,-0.9979728368279268,0.1200000000000001,1.011396751169217,1.000021155153237,41.42999999999999,41.349999999999994,40.06,42.8,2.739999999999995,0.5265724137931036,0.72565309466239,41.43614267761902,0.16329185389126114,-0.5252599508529174,2.739999999999995,1.0329146786898589,1.0001482664161
258,0,61.89199999999999,61.81,61.11,62.72,1.6099999999999994,0.1756855172413797,0.4191485622561286,61.8933719660945,0.3134436959844164,-0.3501057512282588,1.6099999999999994,1.0133556794152099,1.0000221670990517,0.17600000000000005,0.17,0.14,0.22,0.07999999999999999,0.0004937931034482758,0.02222145592548508,0.1773508763252478,0.5042472364994622,-0.6488186886543725,0.07999999999999999,1.2404787873533651,1.0076754336661804,8.079666666666666,8.075,8.01,8.22,0.21000000000000085,0.0026102298850574734,0.05109040893413825,8.07982281158855,0.9731681233041698,1.107050176291433,0.21000000000000085,1.0173490423837515,1.000019325663833,4.9350000000000005,4.93,4.89,5.0,0.11000000000000032,0.0010120689655172363,0.031813031378937096,4.9350991209228345,0.4578497270739275,-0.8239622289580542,0.11000000000000032,1.0131508765045898,1.0000200852933807,41.55233333333333,41.495000000000005,40.3,43.25,2.950000000000003,0.5156736781609201,0.7181042251379114,41.55833117438669,0.3994043261994384,-0.37385027410366245,2.950000000000003,1.0407058892358971,1.0001443442659463
259,0,61.97866666666667,62.04,61.11,62.72,1.6099999999999994,0.18941195402298922,0.4352148366301282,61.980143755883624,-0.04881422507046206,-0.8074484504112478,1.6099999999999994,1.011936988191418,1.0000238322199622,0.17633333333333334,0.17,0.12,0.22,0.1,0.0007412643678160922,0.027226170641794122,0.17835358140502813,-0.05685594956675702,-1.0865377140790566,0.1,1.2335048069508392,1.0114569833933542,8.077,8.075,7.95,8.22,0.27000000000000046,0.003318275862068964,0.057604477795297857,8.077198565509372,0.4580605070516325,0.7087437944943531,0.27000000000000046,1.0176795745867149,1.0000245840670263,4.930000000000001,4.93,4.86,5.0,0.13999999999999968,0.0012551724137930978,0.03542841252149322,4.930123054583256,0.039879654234728605,-0.24092179841787287,0.13999999999999968,1.0141734688248365,1.000024960361715,41.449000000000005,41.465,39.72,43.25,3.530000000000001,0.5165334482758617,0.7187026146299049,41.45502281589852,-0.041763120290858394,0.7889126416866747,3.530000000000001,1.043299389607695,1.000145306663575
260,0,61.824333333333335,61.825,60.97,62.53,1.5600000000000023,0.1546391954022991,0.3932419044332624,61.82554226746958,-0.05547005777774265,-0.3976210379517915,1.5600000000000023,1.011394283118178,1.0000195543416495,0.17633333333333337,0.17,0.12,0.24,0.12,0.0008860919540229885,0.029767296720108607,0.17874562931719476,-0.004002906912479927,-0.5749455505210639,0.12,1.3426901732747025,1.013680317488817,8.062000000000001,8.055,7.95,8.21,0.2600000000000007,0.0035337931034482863,0.059445715602121287,8.062211855316134,0.36351204857399533,0.30166289971023064,0.2600000000000007,1.0183309676471002,1.000026278258017,4.913,4.91,4.86,4.98,0.1200000000000001,0.0011734482758620642,0.03425563130146727,4.913115440668307,0.15617582115092718,-0.6821047704120113,0.1200000000000001,1.0136134719689378,1.000023496981133,41.34866666666666,41.31,39.72,42.26,2.539999999999999,0.3867705747126435,0.6219088154324904,41.35318746279824,-0.565635160008754,0.12104219744753308,2.539999999999999,1.0219284798304251,1.000109333540741
261,0,61.824,61.815,60.97,62.68,1.7100000000000009,0.1284593103448276,0.35841220730442147,61.8250042728129,0.03811807286332993,0.7812683053190836,1.7100000000000009,1.013829286989036,1.0000162440607676,0.18166666666666667,0.185,0.12,0.24,0.12,0.0010350574712643678,0.03217230907573107,0.18439992769340596,-0.33419930070114384,-0.4596710349304445,0.12,1.301518948527127,1.0150454735416843,8.068666666666667,8.06,7.95,8.21,0.2600000000000007,0.003122298850574718,0.055877534399566324,8.068853698016838,0.5929956859555479,0.9333162263731243,0.2600000000000007,1.0174927328299253,1.0000231799574697,4.912999999999999,4.91,4.86,4.98,0.1200000000000001,0.0009251724137931007,0.0304166469847204,4.913091016186585,0.22938965823342805,-0.1912259554064275,0.1200000000000001,1.0136185109522657,1.0000185255824519,41.303,41.275000000000006,39.86,42.32,2.460000000000001,0.3408010344827589,0.5837816667922683,41.306987907616794,-0.3055835237752965,-0.06546336399829533,2.460000000000001,1.0245239884023694,1.0000965524929617
262,0,61.97299999999999,61.945,61.39,62.68,1.2899999999999991,0.1168768965517243,0.3418726320601348,61.973911527351575,0.4889595827787618,-0.2536383675990286,1.2899999999999991,1.011393317853381,1.0000147084593547,0.23533333333333334,0.22,0.12,0.41,0.29,0.005687816091954023,0.07541761128512373,0.2467387282126582,0.7452098520753508,-0.12066571429779405,0.29,1.6616767175951026,1.0484648507620036,8.063333333333333,8.06,7.92,8.19,0.2699999999999996,0.0032091954022988494,0.0566497608317886,8.063525697030219,0.20042217351204064,1.0292134887468665,0.2699999999999996,1.015684739867123,1.0000238565973816,4.9303333333333335,4.92,4.87,5.01,0.13999999999999968,0.0013550574712643676,0.03681110527088758,4.9304661713337685,0.656018953679482,-0.44118103428322275,0.13999999999999968,1.0161310971219413,1.0000269430059703,41.531,41.349999999999994,39.86,43.34,3.480000000000004,0.6890231034482761,0.830074155391117,41.539018003157786,0.3643016628161901,-0.18296685912676347,3.480000000000004,1.043356393179668,1.0001930606813654
263,0,62.17533333333333,62.185,61.38,63.01,1.6299999999999955,0.19002574712643658,0.4359194273331215,62.176810521822894,0.0735480502956592,-0.7721431022874965,1.6299999999999955,1.0134003251563486,1.000023758432973,0.2956666666666667,0.3,0.13,0.42,0.29,0.00560471264367816,0.07486462878875551,0.30469110040607794,-0.19948719655404967,-0.8787473954881904,0.29,1.3784452497635926,1.0305223238086063,8.116000000000001,8.135000000000002,7.92,8.27,0.34999999999999964,0.007307586206896558,0.0854844208431955,8.116435178081568,-0.1770177536774881,-0.374734959952582,0.34999999999999964,1.018920230193316,1.0000536197734804,4.959333333333333,4.98,4.88,5.02,0.13999999999999968,0.0020547126436781583,0.04532893825888886,4.959533580220355,-0.4533311615919621,-1.3346847505717776,0.13999999999999968,1.012191956925304,1.0000403777833757,42.081999999999994,42.155,40.62,43.34,2.720000000000006,0.521754482758621,0.7223257456014018,42.087992190964236,-0.20576330913406896,-0.6782461584491237,2.720000000000006,1.0297473874105252,1.000142393207648
264,1,62.199666666666666,62.254999999999995,60.79,63.07,2.280000000000001,0.29202402298850555,0.5403924712544629,62.20193584876064,-0.7341338138219905,0.7331193643687497,2.280000000000001,1.0139555809541039,1.0000364822227445,0.23433333333333337,0.215,0.05,0.42,0.37,0.009825402298850578,0.09912316731647844,0.25379125280434706,0.1903721651443131,-0.8660621173244114,0.37,1.6549033718029151,1.083035218226232,8.225,8.2,8.03,8.45,0.41999999999999993,0.0101155172413793,0.10057592774307031,8.225594406079924,0.6701161199927139,0.04559120425405272,0.41999999999999993,1.0272813833069872,1.0000722682164043,4.9959999999999996,5.0,4.88,5.1,0.21999999999999975,0.0029903448275862094,0.05468404545739287,4.996289289729595,-0.4286979139709165,0.06921473570295245,0.21999999999999975,1.0207575471027255,1.0000579042693345,42.51899999999999,42.53,40.92,45.5,4.579999999999998,0.749954137931034,0.8659989249017772,42.527524224514494,1.1076901884176706,3.7375327523595594,4.579999999999998,1.0698953402458369,1.0002004803620617
265,1,63.123333333333335,62.575,60.79,67.33,6.539999999999999,2.9129333333333363,1.7067317695916182,63.145633631049,1.3756033402698584,1.0936979141239522,6.539999999999999,1.066265331873929,1.0003532813705813,0.43900000000000006,0.315,0.05,1.23,1.18,0.12079551724137928,0.34755649503552555,0.5563182542394236,1.080985078507085,0.2572891807160893,1.18,2.2109646602943265,1.267239759087525,8.792,8.39,8.11,11.49,3.380000000000001,0.9240234482758621,0.9612613839512446,8.842651563115368,1.8760043395416595,2.069660807008754,3.380000000000001,1.2993840046720038,1.0057610968056605,5.241999999999999,5.09,4.91,6.29,1.38,0.14852689655172419,0.385391874008423,5.255676930710258,1.7455980295228442,1.7073663407800943,1.38,1.1968011129538667,1.0026091054388133,44.99666666666667,43.425,40.92,53.4,12.479999999999997,13.316436781609195,3.6491693276154225,45.13947902520217,1.3798422879716017,0.7094585646742524,12.479999999999997,1.182999918323954,1.0031738430669421
266,1,64.36866666666667,64.03,61.94,68.07,6.1299999999999955,2.607218850574712,1.6146884685829375,64.38824085188226,0.9021939743444279,-0.05452263075670505,6.1299999999999955,1.0571806140283782,1.0003040949304878,0.6533333333333332,0.575,0.2,1.23,1.03,0.07524367816091954,0.27430581138743587,0.7068097339454232,0.9801131760755744,0.038348850547038627,1.03,1.7402137250347705,1.0818516335899337,9.307333333333334,8.92,8.37,11.75,3.380000000000001,0.998006436781609,0.9990027211082105,9.35901668624078,1.2738295094361172,0.3101513689699331,3.380000000000001,1.255473773999606,1.0055529710881146,5.493666666666667,5.359999999999999,5.08,6.46,1.38,0.14541712643678156,0.3813359757966478,5.506445617032219,1.1306340382546423,0.2630722561800227,1.38,1.1731705803137875,1.0023261240881414,47.19200000000001,46.614999999999995,42.86,54.06,11.200000000000003,11.274320000000001,3.3577254205786393,47.30732896003888,0.8990953249088377,-0.5066496490296473,11.200000000000003,1.142740484157649,1.0024438243778369
267,1,65.01599999999999,64.25,62.77,68.86,6.089999999999996,3.4392455172413756,1.8545202930249578,65.04156255810587,1.072108304066758,-0.14877253111714683,6.089999999999996,1.058707652333581,1.0003931733435751,0.6806666666666669,0.615,0.2,1.37,1.1700000000000002,0.07116505747126436,0.2667677969157154,0.7294518489934755,0.8162221469746044,0.33255413303831105,1.1700000000000002,1.8781225956043248,1.0716726478846355,9.611,9.15,8.63,11.94,3.3099999999999987,1.0381058620689656,1.0188748019599687,9.663064903711106,1.3021877491907201,0.07982993686900564,3.3099999999999987,1.2356328058413883,1.0054172202383838,5.664666666666667,5.505,5.22,6.65,1.4300000000000006,0.17777057471264368,0.4216284794847754,5.6798145509632025,1.2555313505095371,0.1470737560432176,1.4300000000000006,1.1708128743168684,1.0026740998522776,49.01166666666668,48.144999999999996,44.73,56.91,12.18,13.644910919540228,3.6939018556995027,49.14604307571465,0.7733453080553965,-0.5569852942507549,12.18,1.1579772538823554,1.002741722903689
268,1,65.68766666666667,65.43,62.77,68.9,6.130000000000003,3.6202805747126394,1.9027034910128902,65.71429948395301,0.47039511785459354,-0.949923023931706,6.130000000000003,1.048478041173138,1.0004054462372898,0.9360000000000002,0.9299999999999999,0.41,1.55,1.1400000000000001,0.08825241379310345,0.2970730782031644,0.9805134709256506,0.2523804968190368,-0.30813581989803973,1.1400000000000001,1.580804390720637,1.0475571270573187,9.958,9.535,8.86,11.94,3.08,1.0148303448275864,1.0073878820134707,10.00713578736027,0.9188010411673599,-0.7341357788719503,3.08,1.1931485945340201,1.0049343028078197,5.872333333333332,5.755,5.31,6.65,1.3400000000000007,0.15939091954022994,0.39923792347449905,5.885437678428569,0.6615504163666311,-0.775191145157919,1.3400000000000007,1.1299074704968368,1.0022315397221837,51.25233333333334,50.415000000000006,45.86,61.29,15.43,12.641273678160921,3.555456887400116,51.37140809827972,0.8169799783570086,0.9196711874894405,15.43,1.1930761150783489,1.0023233042712796
269,1,66.47699999999999,66.015,63.84,72.44,8.599999999999994,4.5589113793103415,2.135160738518377,66.51013814950821,1.020582587193303,0.5126465651092063,8.599999999999994,1.089157262568934,1.0004984904479477,1.1403333333333332,1.0550000000000002,0.89,1.84,0.9500000000000001,0.05745850574712643,0.23970503905242882,1.1644326229255746,1.2248198366212737,1.0257798993264835,0.9500000000000001,1.5801687137355347,1.021133548312401,10.337999999999997,9.885000000000002,9.16,13.06,3.9000000000000004,1.2379475862068967,1.1126309299165185,10.395716746173237,1.2285949692414393,0.4243488579135706,3.9000000000000004,1.2562866340897092,1.0055829702237609,6.0619999999999985,5.89,5.59,7.14,1.5499999999999998,0.20138896551724145,0.4487638193050343,6.078035866955705,1.4048283888686743,0.7217668662849759,1.5499999999999998,1.1747215969582947,1.0026453096264776,52.58699999999999,51.665,46.19,65.07,18.879999999999995,17.195007931034475,4.146686379633077,52.74480457827103,1.4099881475591989,2.0450808676707197,18.879999999999995,1.2336760088557899,1.0030008286890495
270,1,66.884,66.585,62.49,72.44,9.949999999999996,5.666314482758622,2.3804021682813645,66.92493476525273,0.5768022252896148,-0.15483017409012412,9.949999999999996,1.0824067330673093,1.0006120262731404,1.1946666666666668,1.13,0.7,1.97,1.27,0.09048781609195403,0.30081192810783625,1.230731489805961,0.7328336053722061,0.5311017440889243,1.27,1.6006740839227191,1.030188189011686,10.659,10.295,9.57,13.14,3.5700000000000003,1.0451886206896552,1.0223446682453308,10.706289273132871,1.3482104466182654,0.9787445294460606,3.5700000000000003,1.2273159882737763,1.0044365581323642,6.215999999999999,6.055,5.71,7.41,1.7000000000000002,0.21643172413793102,0.46522223091543147,6.23280621657158,1.1775813984642447,0.4385732548461365,1.7000000000000002,1.1888705893500324,1.002703702794656,54.50633333333334,53.425,48.88,67.25,18.369999999999997,19.230610229885052,4.385271967607602,54.67659429164671,1.2603001014743083,1.7768765694394997,18.369999999999997,1.2299595626107644,1.0031236912832155
271,1,67.96499999999999,68.245,62.49,74.49,11.999999999999993,6.568867241379308,2.5629801484559547,68.01169847901168,0.22678101610627677,0.26009431452908416,11.999999999999993,1.0952527530684666,1.0006870959907554,1.4340000000000002,1.435,0.7,2.26,1.5599999999999998,0.15528689655172412,0.39406458423934027,1.48541801075208,0.12929253870384388,-0.09086958130394995,1.5599999999999998,1.5214572488290634,1.0358563533835983,11.080333333333334,11.03,9.75,13.59,3.84,0.8640447126436781,0.92954005435144,11.11795979485445,1.2060920754955722,1.8608778224366356,3.84,1.2223465681437025,1.0033957878692983,6.437333333333333,6.43,5.72,7.41,1.6900000000000004,0.1560202298850575,0.3949939618336684,6.449037137433774,0.4885841200248546,0.2906579668646878,1.6900000000000004,1.1490087344959246,1.0018181137272848,57.447,56.135,50.55,67.73,17.180000000000007,22.587456206896558,4.752626243130902,57.63672744006203,0.7599126536665208,-0.20056545697615835,17.180000000000007,1.1751187655550748,1.0033026518366848
272,1,69.19866666666665,69.13,64.97,74.49,9.519999999999996,8.4393291954023,2.9050523567402875,69.25758793566715,0.12140168120143642,-1.0943717218924067,9.519999999999996,1.075550018709765,1.000851479831025,1.7726666666666666,1.745,1.22,2.56,1.34,0.11334436781609196,0.33666655286216357,1.8033062228399626,0.4938902528957975,-0.001063110342036211,1.34,1.4196146874979156,1.0172844431214532,11.810333333333336,11.4,10.68,14.36,3.6799999999999997,0.9916240229885053,0.9958032049499064,11.850845680091078,1.2373759874504995,0.5821788285056053,3.6799999999999997,1.2117278705370533,1.0034302458376345,6.805666666666666,6.6,6.19,7.96,1.7699999999999996,0.24738402298850568,0.4973771436128782,6.823213074986495,1.1339272515861014,0.4996054631360747,1.7699999999999996,1.1666058076334886,1.0025782056599641,60.202666666666666,59.135,53.13,69.32,16.18999999999999,22.965254712643674,4.792207707585688,60.386760303894434,0.5730368517642526,-0.6679374717294424,16.18999999999999,1.1479337465886448,1.0030578983859149
273,1,70.30333333333334,71.04499999999999,64.97,75.09,10.120000000000005,10.58037471264368,3.252748793350584,70.37603550451911,-0.3062587269768497,-1.1886926825906114,10.120000000000005,1.0669825241175768,1.0010341212534128,2.051,1.975,1.27,2.78,1.5099999999999998,0.13318862068965515,0.3649501619257829,2.082150330787861,0.28004995895946055,-0.47654255031326676,1.5099999999999998,1.3351581578396794,1.0151878745918386,12.470666666666665,12.285,10.8,14.53,3.7299999999999986,1.3692547126436776,1.1701515767812636,12.52362327763016,0.3964259345975454,-1.0795036730483472,3.7299999999999986,1.1602073679390894,1.0042464939829596,7.183666666666665,7.13,6.19,8.31,2.12,0.32974816091954023,0.5742370250336878,7.205818713604535,0.16501144685005148,-0.946203450350755,2.12,1.1532346746818343,1.0030836685450146,64.16733333333335,63.53,53.66,79.01,25.35000000000001,34.106413333333336,5.8400696342880485,64.42372389112569,0.4117364504627143,-0.16749044458456774,25.35000000000001,1.226411564372229,1.0039956554912521
274,1,71.21966666666665,71.15,67.35,76.2,8.850000000000009,5.735355057471265,2.39486013317506,71.25857910923195,0.10796197502947812,-0.5615496815289389,8.850000000000009,1.0693449259378773,1.0005463721523356,2.326,2.295,1.65,3.4,1.75,0.17016965517241373,0.4125162483738231,2.3610957907999692,0.589459861786093,0.11299858802740159,1.75,1.4400093436480341,1.0150884741186454,12.956666666666667,13.004999999999999,11.02,15.09,4.07,0.9001126436781608,0.948742664624165,12.99020092223365,0.20204016851654158,-0.09283181211287861,4.07,1.16164484986313,1.0025881854052212,7.408333333333333,7.345,6.8,8.43,1.63,0.1673867816091954,0.40912929693337213,7.419245918555336,0.7500068222976755,0.3778785358368393,1.63,1.1362340718369768,1.0014730148781106,68.03166666666668,67.97,61.79,79.01,17.220000000000006,19.22589712643678,4.384734555983609,68.1681208728342,0.43133394365575956,-0.21781284983682392,17.220000000000006,1.15904617859998,1.0020057454543352
275,1,72.18433333333334,72.11,66.82,81.17,14.350000000000009,10.179694367816099,3.1905633307953782,72.25246258779003,0.530013671355491,0.7134350125233082,14.350000000000009,1.123421916607683,1.0009438232828456,2.5443333333333333,2.58,1.65,3.4,1.75,0.17863229885057474,0.42264914391321645,2.578043832055615,-0.052199554650343497,-0.21529612542473497,1.75,1.3188293999210223,1.0132492461898133,13.624333333333336,13.125,12.28,16.52,4.24,1.2108943678160915,1.1004064557317408,13.66722320005055,1.194618584300073,0.6716243882510913,4.24,1.2087312659047595,1.0031480341582864,7.726666666666666,7.57,6.88,9.57,2.6900000000000004,0.3246781609195402,0.569805371086953,7.746949937448502,1.3602158318877589,2.405822623179021,2.6900000000000004,1.2353248797618963,1.0026250997560615,71.69666666666667,70.725,59.64,88.42,28.78,42.01667126436782,6.482026786767224,71.97935903206326,0.4132624870955631,0.12870311725290584,28.78,1.2284077156148785,1.0039428941196231
276,0,61.88333333333333,61.815,61.36,62.74,1.3800000000000026,0.1635126436781608,0.4043669666010823,61.88461041863854,0.8016322179436416,-0.5480517649384238,1.3800000000000026,1.0138223311995487,1.0000206369831166,0.21233333333333337,0.21,0.14,0.26,0.12,0.0007978160919540229,0.028245638458955443,0.21414169763655713,-0.17598013138941007,0.11317264298527752,0.12,1.2141493360217679,1.0085166293715404,7.909999999999999,7.92,7.81,8.07,0.2600000000000007,0.0038827586206896564,0.062311785568138364,7.910237248865127,0.40039378155422606,0.3115993216902373,0.2600000000000007,1.0201969607368975,1.0000299935354144,4.933000000000001,4.93,4.83,5.04,0.20999999999999996,0.0028286206896551798,0.05318477874030482,4.933277139319595,-0.061416083163310826,-0.7857135413556877,0.20999999999999996,1.021633258717576,1.0000561806850992,42.81633333333333,42.715,41.63,44.58,2.9499999999999957,0.5725964367816088,0.7567010220566699,42.822796615821346,0.5227897121430591,-0.13249291277623287,2.9499999999999957,1.0410342976882887,1.0001509536661557
277,0,61.75033333333334,61.705,61.18,62.31,1.1300000000000026,0.07681022988505742,0.27714658555547356,61.75093454083644,0.2951013038098887,-0.6912567801185121,1.1300000000000026,1.0090535546274826,1.0000097361013398,0.20633333333333337,0.21,0.14,0.23,0.09,0.00040333333333333334,0.020083160441856093,0.20727598349382723,-1.1806747368278783,2.5934626527906177,0.09,1.1096316906722072,1.0045685791300187,7.8966666666666665,7.91,7.81,7.99,0.1800000000000006,0.0020919540229885104,0.04573788389277001,7.89679470840332,-0.3831298343791561,-0.41561146859419784,0.1800000000000006,1.0118029270151212,1.0000162146563933,4.906666666666666,4.9,4.83,5.03,0.20000000000000018,0.0022919540229885123,0.0478743566326328,4.906892431400278,0.3743470047317397,0.08744725363942685,0.20000000000000018,1.0250887033536602,1.000046011834296,43.00199999999999,42.86,41.53,44.58,3.049999999999997,0.509988965517241,0.7141351171292734,43.00773178549798,0.2637730509655317,0.08186624679910581,3.049999999999997,1.036557803660601,1.0001332911375749
278,0,61.794000000000004,61.769999999999996,60.92,62.89,1.9699999999999989,0.15023172413793112,0.38759737375004377,61.79517505436812,0.4051906754061775,1.2624951453228777,1.9699999999999989,1.0177169972359272,1.0000190156709086,0.21366666666666667,0.21,0.16,0.26,0.1,0.0004240229885057472,0.020591818484673643,0.21462370170447936,-0.17662683521734532,0.8351001013037358,0.1,1.211422587231304,1.0044791031410891,7.890000000000001,7.890000000000001,7.8,7.99,0.1900000000000004,0.0022551724137931124,0.047488655632615166,7.890138148346961,0.05795686446194964,-0.4442387004460908,0.1900000000000004,1.0126565403260983,1.0000175092961927,4.922,4.905,4.83,5.05,0.21999999999999975,0.003113103448275864,0.055795191981709895,4.922305692796145,0.7181044630402359,0.24808830230216516,0.21999999999999975,1.025941970119966,1.0000621074352183,42.88066666666667,42.849999999999994,41.29,44.26,2.969999999999999,0.49219954022988555,0.7015693409990815,42.886214179694925,-0.2214485812191856,0.004819543516766167,2.969999999999999,1.0320332733159625,1.0001293709603767
279,0,61.788333333333334,61.73,60.92,62.89,1.9699999999999989,0.1272350574712645,0.35670023475078416,61.78932860939663,0.6120280878139669,2.6903273570419692,1.9699999999999989,1.0178132926085233,1.0000161078315208,0.2126666666666667,0.21,0.16,0.27,0.11000000000000001,0.0006754022988505748,0.025988503205274727,0.21419617176784464,0.06469845207792461,0.10844959663311782,0.11000000000000001,1.2605267301071938,1.0071920302563226,7.873666666666667,7.87,7.77,7.97,0.20000000000000018,0.002403333333333348,0.04902380374199199,7.873814196436185,-0.10195712486907697,-0.48259081644356705,0.20000000000000018,1.0122159097438888,1.0000187371114073,4.930000000000001,4.93,4.82,5.05,0.22999999999999954,0.0024551724137930994,0.04954969640465115,4.930240697302043,0.5575899131509606,0.7949353035831663,0.22999999999999954,1.0242907618614832,1.0000488229821587,42.76733333333333,42.75,41.29,44.13,2.8400000000000034,0.49238574712643757,0.7017020358574126,42.77289764948517,0.11937293189244183,-0.592713172677604,2.8400000000000034,1.03172809010126,1.0001301066893384
280,0,61.761333333333326,61.724999999999994,61.3,62.5,1.2000000000000028,0.07461195402298877,0.2731518881922451,61.76191723060417,0.8336592500219909,0.9061405541667922,1.2000000000000028,1.011950451062586,1.0000094540910847,0.213,0.21,0.16,0.27,0.11000000000000001,0.0006424137931034485,0.025345883158877074,0.2144527920079382,0.23716049112667675,-0.16868952700464312,0.11000000000000001,1.2590183483831987,1.0068206197555785,7.8660000000000005,7.86,7.76,8.0,0.2400000000000002,0.0025282758620689795,0.050281963586051207,7.866155350614428,0.29636472533193103,0.981815598244856,0.2400000000000002,1.0170152562999049,1.0000197496331589,4.918666666666667,4.92,4.82,5.0,0.17999999999999972,0.0019843678160919595,0.04454624356881239,4.9188616569283585,-0.37939753059658454,-0.14749590613112495,0.17999999999999972,1.0164953496826559,1.0000396429103466,42.794000000000004,42.75,41.81,44.54,2.729999999999997,0.40935586206896557,0.6398092388118239,42.79862318657771,0.7323558288744031,0.52936487600443,2.729999999999997,1.0406876830086538,1.00010803352287
281,0,61.73966666666667,61.72,61.17,62.5,1.3299999999999983,0.10805850574712615,0.32872253611081514,61.740512604501966,0.40248979130056745,-0.13934831232746347,1.3299999999999983,1.0123012810140266,1.000013701691003,0.20866666666666667,0.21,0.17,0.26,0.09,0.0006395402298850576,0.0252891326439848,0.21014280858501913,0.2290242642548719,-0.9315257261668441,0.09,1.2372538548936818,1.007074162548015,7.880333333333332,7.87,7.76,8.0,0.2400000000000002,0.0026240229885057596,0.051225218286560376,7.880494273838411,0.29599886474638404,0.43674525551804555,0.2400000000000002,1.0151647500789795,1.0000204230580447,4.926333333333334,4.93,4.83,5.04,0.20999999999999996,0.0025343678160919627,0.0503425050637328,4.926581979425492,-0.13698560922792663,-0.20663573511183353,0.20999999999999996,1.0230216448337137,1.0000504728517812,42.980000000000004,43.045,42.0,44.54,2.539999999999999,0.3083931034482758,0.5553315257107918,42.98346790724701,0.32226655072770016,0.9449381275835291,2.539999999999999,1.036212343222557,1.000080686534365
282,0,61.75933333333333,61.795,61.17,62.33,1.1599999999999966,0.09203402298850523,0.3033710978133962,61.76005359453634,-0.10041633796339648,-0.5713225310583643,1.1599999999999966,1.0092283988159312,1.0000116623863007,0.20133333333333334,0.2,0.17,0.26,0.09,0.0005636781609195402,0.023741907272153605,0.2026820169625317,0.6751064644612472,-0.09560062165851768,0.09,1.2827975757122263,1.006698759747674,7.889333333333334,7.89,7.81,7.98,0.17000000000000082,0.0025443678160919645,0.05044172693407676,7.889489210335483,0.0902707017591643,-1.235674067143649,0.17000000000000082,1.0114723256793285,1.0000197579434869,4.933666666666666,4.94,4.83,5.04,0.20999999999999996,0.0021964367816091966,0.046866158169933204,4.933881838876971,-0.22221715615658416,0.058353250021419445,0.20999999999999996,1.0215080467243585,1.000043613041748,42.83366666666666,42.95,40.69,43.91,3.219999999999999,0.48723091954023034,0.6980192830719151,42.83916420753327,-1.0748014620533648,1.6396410399980859,3.219999999999999,1.0249966546331084,1.0001283462587827
283,0,61.76266666666667,61.78,61.18,62.22,1.0399999999999991,0.07536505747126433,0.27452697038954904,61.76325644480436,-0.11855176274434757,-0.5735056194983787,1.0399999999999991,1.0073950691962592,1.000009549104168,0.2066666666666667,0.20500000000000002,0.16,0.27,0.11000000000000001,0.0006367816091954026,0.02523453207799587,0.20815058651530788,0.5007177871306612,0.33551478952826397,0.11000000000000001,1.297137829492225,1.0071802573321347,7.887666666666666,7.89,7.77,7.99,0.22000000000000064,0.0036529885057471393,0.060439957856927226,7.887890508029803,-0.13304356854232766,-0.8224447789104663,0.22000000000000064,1.0129450949992589,1.0000283786539919,4.917,4.925,4.81,5.0,0.1900000000000004,0.001835517241379319,0.04284293689021936,4.917180425135256,-0.517323460497652,0.10823670623871617,0.1900000000000004,1.0168428993252705,1.0000366941499403,42.686,42.735,40.69,43.93,3.240000000000002,0.51679724137931,0.7188861115498825,42.69185129116172,-0.4321589902336516,0.9842147124836247,3.240000000000002,1.0290019915134159,1.00013707752335
284,0,61.806000000000004,61.835,61.18,62.48,1.2999999999999972,0.09865931034482782,0.31410079647276895,61.80677152761392,0.0542478449524101,-0.5459195234348364,1.2999999999999972,1.0108924710957488,1.0000124830536503,0.21300000000000002,0.21,0.16,0.27,0.11000000000000001,0.000587241379310345,0.024233063762354626,0.2143284084452331,0.3710507022864141,0.8022421832357578,0.11000000000000001,1.259749008349458,1.0062366593672913,7.901333333333332,7.91,7.77,8.01,0.2400000000000002,0.0038464367816092027,0.06201964835122175,7.901568620638985,-0.502449804444386,0.14668795578931437,0.2400000000000002,1.0137227662717236,1.0000297781773946,4.908333333333333,4.91,4.81,5.0,0.1900000000000004,0.002076436781609208,0.04556793589366549,4.908537799929153,-0.27089908647011046,-0.3830087474572199,0.1900000000000004,1.0186332883230862,1.0000416570314064,43.10433333333334,43.01,41.58,44.44,2.8599999999999994,0.44273574712643654,0.665383909578851,43.109297489056814,0.028615010355639424,-0.13904048396800484,2.8599999999999994,1.0308681093975371,1.0001151660480418
285,0,61.91233333333332,61.925,61.11,62.48,1.3699999999999974,0.11045298850574717,0.33234468328190114,61.91319560481433,-0.32498915097990494,-0.4230096801642613,1.3699999999999974,1.0091548237762356,1.0000139272974313,0.213,0.21,0.15,0.27,0.12000000000000002,0.0009320689655172417,0.030529804544366834,0.21510462570572492,0.11544964658895182,-0.4212615924476344,0.12000000000000002,1.2552031324950446,1.0098808718578636,7.902333333333333,7.91,7.78,8.01,0.22999999999999954,0.0034047126436781605,0.05834991554131129,7.9025415742869285,-0.28798265744100404,0.05269485606273294,0.22999999999999954,1.0135979576574095,1.0000263518311379,4.896333333333333,4.89,4.8,5.0,0.20000000000000018,0.0024447126436781667,0.04944403547120893,4.896574653095093,0.09974629291844482,-0.5423497261982853,0.20000000000000018,1.0211219789816812,1.0000492858115106,43.20466666666667,43.305,41.88,44.44,2.559999999999995,0.3877085057471266,0.6226624332229516,43.20900376850485,-0.05062569859932648,-0.36852334505320394,2.559999999999995,1.0284893453709392,1.0001003850318217
286,0,61.83833333333334,61.875,61.11,62.39,1.2800000000000011,0.10215229885057486,0.3196127326164821,61.83913175867419,-0.22104313332781314,-0.485772895569363,1.2800000000000011,1.0089080849885725,1.000012911495149,0.2303333333333333,0.22,0.15,0.35,0.19999999999999998,0.0026309195402298854,0.0512924900958209,0.2357894541040092,0.8598657241226101,0.29140239858153816,0.19999999999999998,1.4843751232640425,1.0236879338813714,7.898000000000001,7.9,7.78,8.0,0.21999999999999975,0.002561379310344835,0.05061007123433867,7.898156746988503,-0.5090439580999155,0.181383579635241,0.21999999999999975,1.012894559613587,1.0000198464153587,4.903333333333333,4.9,4.8,5.03,0.23000000000000043,0.00216091954022989,0.04648569177962064,4.903546335731586,0.0883528393341827,1.1189957479143766,0.23000000000000043,1.0257882062512513,1.0000434403259524,43.00633333333332,42.905,41.88,44.34,2.460000000000001,0.418582643678162,0.646979631579049,43.011037381893814,0.24533389820707655,-0.6614373075569238,2.460000000000001,1.0308981763519527,1.0001093803678642
287,0,62.08233333333333,61.995000000000005,61.33,63.13,1.8000000000000043,0.2419978160919547,0.4919327353327431,62.084217344936654,0.5565034224677421,-0.3411096628885848,1.8000000000000043,1.0168445814377112,1.0000303469844345,0.312,0.335,0.18,0.42,0.24,0.0058786206896551734,0.07667216372096965,0.32097767315915704,-0.31993663372438913,-1.406641031414025,0.24,1.3085022265450303,1.0287745934588366,7.984999999999999,7.94,7.8,8.21,0.41000000000000103,0.012301724137931014,0.11091313780581187,7.985744590623135,0.7072226596823913,-0.5799787194084223,0.41000000000000103,1.0280819661625775,1.0000932486691465,4.965999999999998,4.94,4.87,5.12,0.25,0.0050248275862069,0.0708860182702266,4.966489034854837,0.8923006078516091,-0.16117017411064305,0.25,1.0309093534824747,1.000098476611929,43.53166666666666,43.545,42.07,45.26,3.1899999999999977,0.7483109195402294,0.8650496630484457,43.539974391356736,0.08265938492055047,-0.7517224187223581,3.1899999999999977,1.039504515854394,1.0001908432487479
288,1,62.382333333333335,62.475,61.23,63.13,1.9000000000000057,0.18815643678160957,0.43377002752796273,62.38379113733524,-0.5746262860082669,0.7770853950853303,1.9000000000000057,1.011961582472954,1.000023368859804,0.3136666666666666,0.31,0.21,0.42,0.21,0.004630919540229885,0.06805085995217022,0.3207231412501027,0.00026469489566903573,-1.3922083341759832,0.21,1.3095406784896768,1.022496730871741,8.176333333333334,8.14,7.91,8.5,0.5899999999999999,0.032355057471264395,0.17987511632036376,8.178245736912858,0.4591524124553974,-0.9412560256369851,0.5899999999999999,1.0393426993315804,1.0002338950115608,5.028333333333335,5.04,4.91,5.18,0.2699999999999996,0.004993678160919536,0.07066596182689043,5.028813312634835,-0.03463145412044213,-0.7086882703615571,0.2699999999999996,1.0300640882781054,1.0000954549489227,44.315999999999995,44.28,42.66,46.06,3.4000000000000057,0.6264455172413799,0.7914831124170495,44.32283181386316,0.16306993973323122,-0.20719872592681465,3.4000000000000057,1.0391935288212675,1.0001541613381886
289,1,62.84333333333334,62.495000000000005,61.23,67.93,6.70000000000001,1.9643747126436808,1.4015615265280654,62.85843968792098,2.741639432990599,8.040146208702094,6.70000000000001,1.0806822494681425,1.0002403811794565,0.4660000000000001,0.305,0.21,1.4,1.19,0.09154896551724137,0.30257059592306945,0.5528592346459751,1.6626653881646067,2.6891140289232522,1.19,2.5322901604356733,1.186393207394796,8.664,8.465,7.99,11.35,3.3599999999999994,0.5857144827586206,0.765319856503554,8.696613517149459,2.933957682018261,8.808666112841351,3.3599999999999994,1.3051057147265592,1.0037642563653577,5.205333333333334,5.11,4.92,6.31,1.3899999999999997,0.09141195402298849,0.3023440987070667,5.2138143426861685,2.61803269602419,7.351479317018594,1.3899999999999997,1.2102463926149456,1.0016292922680907,46.102666666666664,45.355,43.03,56.61,13.579999999999998,9.878040919540233,3.1429350803890674,46.20611049056895,2.631493228466631,7.237810682152965,13.579999999999998,1.22516263323126,1.0022437709438852
290,1,64.02233333333332,63.445,61.65,69.08,7.43,3.769673678160921,1.9415647499274704,64.0507859696767,1.2692129177710578,1.04376415022932,7.43,1.0785191618523504,1.000444417359724,0.8160000000000002,0.835,0.31,1.44,1.13,0.08060413793103448,0.28390867885824567,0.8624229434177486,0.40516371137605584,0.2467146843278325,1.13,1.6697143912861778,1.0568908620315545,9.345666666666666,9.03,8.43,11.75,3.3200000000000003,0.8375909195402298,0.9151999341893714,9.388884740301515,1.5189619857825833,1.4939033159421546,3.3200000000000003,1.251479842921435,1.0046243970790223,5.511666666666666,5.395,5.01,6.54,1.5300000000000002,0.1497316091954023,0.38695168845141675,5.524781443641006,1.2357071031019957,1.0022383337610048,1.5300000000000002,1.1837572339676,1.0023794575701857,48.844666666666654,48.144999999999996,44.12,57.51,13.39,11.88310850574713,3.4471884929239263,48.96211256335521,1.192572335988833,1.0556063734899874,13.39,1.1745816711969714,1.002404477391361
291,1,65.36366666666667,65.325,62.73,69.08,6.350000000000001,2.7093205747126423,1.646001389644809,65.38369773880949,0.5667628801192588,0.08448298102387497,6.350000000000001,1.0565324750514455,1.0003064557599708,0.945,0.9,0.79,1.44,0.6499999999999999,0.025694827586206906,0.16029606229164492,0.9580518427169447,2.1273099937160174,4.172468681169384,0.6499999999999999,1.503050185589431,1.0138114737745447,9.983333333333336,9.925,8.9,12.09,3.1899999999999995,0.5788298850574713,0.7608087046409704,10.011317595601492,1.0279105005323617,1.353575616796764,3.1899999999999995,1.2076332495246964,1.0028030980569105,5.783666666666666,5.745,5.31,6.56,1.25,0.10420333333333333,0.32280541094184484,5.792368254867779,0.7940412326371242,0.5823410857397744,1.25,1.1325246792600108,1.0015045106681655,50.74333333333332,50.55,47.02,57.51,10.489999999999995,5.766981609195401,2.4014540614376534,50.79823448375609,1.1304791565800891,1.7183393184809201,10.489999999999995,1.1321259603695508,1.0010819381939717
292,1,66.39099999999999,66.245,64.33,71.07,6.739999999999995,1.79531965517241,1.3398953896377173,66.40406882613946,1.4864479218917244,4.2937486363216015,6.739999999999995,1.0702657420899457,1.0001968463517565,1.207,1.08,0.79,2.25,1.46,0.12546310344827588,0.35420771229361436,1.2562364427129153,0.9337893809393206,0.7820129124049005,1.46,1.7910641050509526,1.0407924131838568,10.695333333333332,10.54,9.75,13.49,3.74,0.5477636781609194,0.7401105850890929,10.720058768495628,2.016586687779698,6.227370216028206,3.74,1.2583886237307527,1.0023117965931212,6.039,6.039999999999999,5.67,7.15,1.4800000000000004,0.09096103448275865,0.3015974709488769,6.046275713197339,1.836511026535389,5.3244325593411475,1.4800000000000004,1.1825461390047989,1.001204787745875,53.867333333333335,54.08,48.32,65.68,17.360000000000007,12.237606436781613,3.498229042927523,53.977025544824784,1.2287923507332743,3.043901954820429,17.360000000000007,1.2168139933064037,1.0020363401101122
293,1,67.85866666666666,67.375,64.42,71.88,7.459999999999994,3.5128257471264326,1.8742533839175621,67.88368267362439,0.5988363341842441,-0.3553536119750387,7.459999999999994,1.0588700725856222,1.000368648666214,1.6853333333333333,1.665,0.99,2.54,1.55,0.13431540229885056,0.366490657860266,1.72342295060344,0.7014057631601888,0.38411308824468815,1.55,1.4738111727655963,1.0226006431586867,11.711999999999998,11.425,10.36,13.96,3.6000000000000014,1.0955958620689659,1.0467071520100386,11.757126349580494,0.9634071036526642,-0.052721419268566994,3.6000000000000014,1.187364972096103,1.0038530011595368,6.476000000000002,6.425000000000001,5.79,7.28,1.4900000000000002,0.18083862068965517,0.4252512441953053,6.48948277343169,0.37053393908058363,-0.9238122615258213,1.4900000000000002,1.1218151359927686,1.0020819600728363,58.49733333333333,57.465,53.43,67.91,14.479999999999997,15.818682298850579,3.9772707097770676,58.62788926782201,0.9503698776172124,0.05182332696961778,14.479999999999997,1.158322444285445,1.0022318271115838
294,1,70.05133333333333,70.14,66.6,74.97,8.370000000000005,4.118570574712643,2.029426168825228,70.07974448203036,0.43151051807048163,0.08036824657926189,8.370000000000005,1.0697812977788979,1.0004055761303192,1.9403333333333337,1.8250000000000002,1.59,2.61,1.0199999999999998,0.08820333333333333,0.2969904600039088,1.9621816089920594,0.969060270440504,-0.35845448210389863,1.0199999999999998,1.3301521062266577,1.0112600630434938,12.902333333333333,12.79,11.06,15.77,4.709999999999999,1.265259885057471,1.1248377149871314,12.949644396662018,0.8127314059069648,0.6137218441403203,4.709999999999999,1.2177940580410822,1.003666861032528,6.995,6.9399999999999995,6.36,8.25,1.8899999999999997,0.17960517241379312,0.4237985044968813,7.007399184671395,1.2052946915950338,1.8766715186516425,1.8899999999999997,1.177326962911829,1.0017725782232159,61.69566666666666,61.165,56.02,68.28,12.259999999999998,11.532115057471264,3.395896797235049,61.7859449767232,0.4641621064027677,-0.40730295572681996,12.259999999999998,1.1051057004262592,1.0014632844563347
295,1,71.46333333333334,71.235,68.47,74.97,6.5,3.208291954022987,1.7911705541413376,71.48502892214566,0.31833600894396535,-0.5536170880493811,6.5,1.0487510620111775,1.0003035904959978,2.2296666666666667,2.175,1.73,2.94,1.21,0.1408171264367816,0.3752560811456379,2.259985988157154,0.3368529999679149,-1.0815798737669988,1.21,1.3008930211984835,1.0135981408987085,13.703333333333331,13.46,12.33,15.77,3.4399999999999995,0.7300436781609195,0.8544259348597276,13.729058719858886,0.5666839254168619,-0.23589430879302586,3.4399999999999995,1.1486585003230354,1.0018773086737207,7.334333333333333,7.29,6.74,8.25,1.5099999999999998,0.13953574712643677,0.37354483951252326,7.343522996491534,0.5120539148560066,-0.1899458938844929,1.5099999999999998,1.1234389820718949,1.001252965026342,63.98000000000001,63.685,58.5,69.77,11.269999999999996,9.429806896551723,3.0707990648285217,64.05119733463223,0.42179300456129637,-0.8272988884015176,11.269999999999996,1.0892848674707853,1.0011128061055365
296,1,72.68233333333333,72.32,68.83,79.59,10.760000000000005,4.671280574712647,2.1613145478418097,72.71339044495174,1.0561466969400692,2.636367480499807,10.760000000000005,1.094571433307793,1.0004272993201246,2.7289999999999996,2.8200000000000003,2.04,3.52,1.48,0.1354368965517241,0.36801752207160476,2.752882731489544,-0.24835738739561186,-0.2345320836946101,1.48,1.278659624594826,1.0087514589554945,14.664000000000003,14.6,12.91,18.04,5.129999999999999,1.112824827586207,1.0549051272916474,14.700633546438283,1.3060707967923706,3.203317033539408,5.129999999999999,1.2271579958110572,1.002498196020068,7.684333333333333,7.675000000000001,7.05,8.73,1.6800000000000006,0.16255643678160928,0.40318288255034995,7.694551102349419,0.8674404577954455,0.8528551707484162,1.6800000000000006,1.1345691105143771,1.001329688415749,69.13733333333333,68.99000000000001,61.25,80.37,19.120000000000005,27.85923402298851,5.278184728009101,69.33182136171914,0.32720072397431893,-0.788916164547862,19.120000000000005,1.159207971483863,1.0028130681212148
297,1,74.50500000000001,74.25,71.49,79.59,8.100000000000009,4.800715517241379,2.1910535176579735,74.53613698513405,0.5455071581313395,-0.5419898032510719,8.100000000000009,1.0678041983296496,1.0004179180609898,3.1079999999999997,3.0599999999999996,2.62,3.56,0.94,0.0733958620689655,0.2709167068841741,3.1193931033669564,0.09497826652473913,-1.0195706248407566,0.94,1.1412476344060225,1.003665734674053,15.915666666666668,15.675,14.41,18.61,4.199999999999999,1.2035426436781602,1.0970609115624166,15.952174459928651,0.8821111599032181,-0.06016320826501609,4.199999999999999,1.1666121159060616,1.0022938274611168,8.228666666666667,8.125,7.27,9.37,2.0999999999999996,0.2719843678160919,0.5215212055286841,8.244626937183593,0.1712016028795219,-0.7493856289063077,2.0999999999999996,1.136497754403044,1.0019395937596522,73.86466666666668,72.875,62.56,84.38,21.819999999999993,22.016722298850556,4.692198024257987,74.00859283443602,0.36064210555964754,0.47730519680471994,21.819999999999993,1.1401378781618745,1.0019485117074831
298,1,76.97133333333335,76.88499999999999,72.09,84.07,11.97999999999999,6.756432643678162,2.5993138794070565,77.01374795017662,0.5842807283052284,0.9369410484622178,11.97999999999999,1.0916232781501343,1.000551044330486,3.619333333333333,3.51,2.62,4.7,2.08,0.2762822988505747,0.5256256261357267,3.6560424869887203,0.3643998854484056,-0.38367704520905477,2.08,1.2855430473596958,1.01014251804809,17.24866666666667,16.97,15.16,20.76,5.600000000000001,1.839011954022989,1.3561017491408929,17.300121772211124,0.7345399633115455,0.4300652647868888,5.600000000000001,1.199991553432093,1.0029831352497462,8.855,8.865,7.87,10.37,2.499999999999999,0.313756896551724,0.5601400686897198,8.872109294487604,0.6906636471794314,1.303749816529021,2.499999999999999,1.1688314081571403,1.0019321619974708,78.63133333333333,79.05,69.38,90.87,21.49000000000001,40.959211954023,6.39993843361192,78.88270080738023,0.22973900402551584,-0.9812964925622474,21.49000000000001,1.1519636000026288,1.0031967850905097
299,0,62.49766666666667,62.465,61.88,63.48,1.5999999999999943,0.12711505747126425,0.3565319866032559,62.49864971874726,0.3678895801417664,0.7802025330503373,1.5999999999999943,1.015701943732688,1.0000157294205212,0.22300000000000003,0.23,0.15,0.3,0.15,0.0008286206896551721,0.028785772347727133,0.22478878975607303,-0.1457232588250649,1.3764852901169737,0.15,1.3345861256050249,1.0080214787267847,7.957,7.95,7.75,8.09,0.33999999999999986,0.0051941379310344845,0.07207036791244016,7.9573155021024515,-0.49411832848241233,1.288720453259061,0.33999999999999986,1.0166745302310172,1.0000396508863205,5.122666666666666,5.12,5.0,5.22,0.21999999999999975,0.002585747126436781,0.050850242147277736,5.122910631011762,-0.040030025234240915,-0.0805990224313784,0.21999999999999975,1.018951993501605,1.000047624481734,41.77933333333333,41.765,40.5,42.77,2.270000000000003,0.2504754022988513,0.5004751765061393,41.7822309121952,-0.04913910363305803,0.48086699270071254,2.270000000000003,1.0236408891109856,1.0000693543584998
300,0,62.38766666666667,62.425,61.88,62.93,1.0499999999999972,0.10062540229885036,0.317215072622425,62.388446232722714,-0.2074639984090981,-1.1525521983682472,1.0499999999999972,1.0086803534945745,1.0000124955155032,0.2326666666666667,0.23,0.19,0.3,0.10999999999999999,0.0005443678160919539,0.023331691239426983,0.2337947818066092,0.3000159427706017,1.601909234207059,0.10999999999999999,1.283176629015418,1.0048486324066297,7.953666666666667,7.96,7.75,8.06,0.3100000000000005,0.003630919540229893,0.060257111947303724,7.953887309569663,-1.0460766948501115,3.4116674667060014,0.3100000000000005,1.0133409848920878,1.0000277410296714,5.101999999999999,5.1,5.03,5.18,0.14999999999999947,0.001740689655172406,0.041721573018912,5.1021648999877165,-0.04432013450283331,-0.5874001256491059,0.14999999999999947,1.0152553085872373,1.0000323206561579,41.64333333333333,41.63,40.63,42.77,2.1400000000000006,0.22820919540229923,0.4777124610079783,41.64598195904778,0.05460084889945753,0.31893565786460165,2.1400000000000006,1.026989831625474,1.0000636026346221
301,0,62.561666666666675,62.615,61.77,63.32,1.5499999999999972,0.1303109195402297,0.3609860378743611,62.562673403023105,-0.4432202809766211,-0.05767904208368124,1.5499999999999972,1.012105086879812,1.0000160919043573,0.22133333333333338,0.23,0.16,0.27,0.11000000000000001,0.0006119540229885057,0.0247377044809842,0.22266566866043808,-0.720102139754716,0.5552324838296432,0.11000000000000001,1.2125802851617242,1.006019587321256,7.960999999999999,7.97,7.84,8.07,0.23000000000000043,0.0037748275862068996,0.061439625537652,7.9612291764525915,-0.05184304196257857,-0.8085916199905561,0.23000000000000043,1.013662566563104,1.0000287873951252,5.106999999999998,5.11,5.03,5.19,0.16000000000000014,0.0019389655172413795,0.04403368616458744,5.10718350300176,-0.37132836141527065,-0.8867140094377435,0.16000000000000014,1.0162156885394003,1.0000359316627692,41.64266666666666,41.605000000000004,40.63,42.49,1.8599999999999994,0.21787540229885052,0.4667712526482865,41.64519540115042,-0.2708264346869256,-0.2390312119615734,1.8599999999999994,1.020285763836907,1.0000607246049826
302,0,62.497,62.55,61.53,63.32,1.7899999999999991,0.14782862068965527,0.38448487706235634,62.498143252419915,-0.515646717230666,0.6181132898608581,1.7899999999999991,1.0131500986239022,1.0000182929167787,0.216,0.22,0.16,0.27,0.11000000000000001,0.00068,0.026076809620810597,0.21751628291540231,-0.36553626931518685,-0.050160699844508994,0.11000000000000001,1.241286382707312,1.0070198283120477,7.954666666666666,7.96,7.84,8.07,0.23000000000000043,0.004611954022988511,0.06791136887877103,7.954946888571915,0.05007410467801253,-0.9318703450154513,0.23000000000000043,1.0144630898282136,1.000035227359862,5.100666666666667,5.1,5.0,5.21,0.20999999999999996,0.0027995402298850594,0.05291068162370486,5.100931940995358,0.1006712458636916,-0.7582550391282679,0.20999999999999996,1.0213819867165996,1.000052007775851,41.68500000000001,41.63,40.8,42.83,2.030000000000001,0.27530862068965534,0.5246985998548647,41.68819205322614,0.18827641768348574,-0.698429419798845,2.030000000000001,1.027389241186474,1.00007657558417
303,0,62.379333333333335,62.415000000000006,61.53,63.0,1.4699999999999989,0.11715816091954039,0.3422837432884308,62.38024110245166,-0.47294670593135607,0.025841638903995268,1.4699999999999989,1.009935179579227,1.00001455240173,0.22000000000000006,0.22,0.15,0.27,0.12000000000000002,0.0006413793103448278,0.025325467623418682,0.22140460699813813,-0.6414191387453546,1.1730670762928872,0.12000000000000002,1.2194868194511894,1.006384577264264,7.931333333333334,7.93,7.83,8.06,0.23000000000000043,0.002556781609195408,0.050564628043677014,7.93148914139079,0.18556600487541813,0.47773267357390914,0.23000000000000043,1.0162026142024922,1.000019644623534,5.101000000000001,5.08,5.0,5.21,0.20999999999999996,0.004057586206896552,0.0636991852922512,5.101384452610226,0.26729812285438026,-1.1891722671650111,0.20999999999999996,1.0212913863675182,1.0000753680866938,41.619666666666674,41.595,40.71,42.83,2.1199999999999974,0.2862585057471267,0.5350313128660104,41.62299088244381,0.2865229594027778,-0.5805112643042354,2.1199999999999974,1.0289986157161353,1.0000798712734478
304,0,62.516,62.59,61.82,63.24,1.4200000000000017,0.12939034482758616,0.35970869440088066,62.51700035457022,-0.3522960561470936,-0.29488430201843796,1.4200000000000017,1.0115648486224424,1.0000160015767199,0.21833333333333335,0.21,0.15,0.27,0.12000000000000002,0.0006557471264367817,0.025607559946952806,0.21978019322344164,-0.13152260359950493,0.6514808737730813,0.12000000000000002,1.228500148443777,1.0066268391913358,7.933333333333334,7.925,7.83,8.07,0.2400000000000002,0.003581609195402286,0.05984654706332092,7.93355153761542,0.5609125244355782,-0.13281523849387655,0.2400000000000002,1.0171989129632089,1.0000275047414395,5.115333333333334,5.11,5.0,5.22,0.21999999999999975,0.0033360919540229954,0.057758912334141085,5.115648541485234,-0.032307427909459535,-0.777173013859588,0.21999999999999975,1.0203984807925193,1.0000616202564643,41.77266666666667,41.84,40.63,42.59,1.9600000000000009,0.24279954022988492,0.4927469332526433,41.77547589994238,-0.5525384876444719,-0.10850689094275312,1.9600000000000009,1.0194976617862719,1.000067250513311
305,0,62.47866666666666,62.474999999999994,61.82,63.24,1.4200000000000017,0.11067402298850568,0.3326770550977414,62.479522832151446,-0.13580294540564194,-0.04264581915466792,1.4200000000000017,1.012171622531298,1.0000137033251582,0.215,0.21,0.17,0.27,0.1,0.0006879310344827588,0.02622843942141352,0.21654098919142306,0.3562846571866102,-0.6681095865334661,0.1,1.2468770970715342,1.0071673915880142,7.918,7.905,7.79,8.07,0.28000000000000025,0.004830344827586199,0.06950068220950208,7.918294850113459,0.45701522901423625,-0.25315519057571834,0.28000000000000025,1.0191588154720417,1.0000372379532028,5.125666666666668,5.115,5.01,5.22,0.20999999999999996,0.0023150574712643684,0.04811504412618125,5.125884964244386,0.03523057824266904,0.14138058182785507,0.20999999999999996,1.018360738957685,1.000042589109264,41.812000000000005,41.92,40.63,42.59,1.9600000000000009,0.26420275862068954,0.5140065744916981,41.815053987768565,-0.5541284812383062,-0.3778940158314881,1.9600000000000009,1.0185327038548873,1.0000730409396479
306,0,62.31666666666667,62.275,61.9,62.79,0.8900000000000006,0.07326436781609184,0.27067391417735814,62.31723490870456,0.20846069907020304,-1.1421223686768376,0.8900000000000006,1.0075864260021814,1.00000911862056,0.21733333333333335,0.21,0.17,0.29,0.11999999999999997,0.0008064367816091951,0.028397830579274804,0.21911944992020527,0.7060716838936494,0.5546875101575921,0.11999999999999997,1.3234790435335915,1.0082183278537051,7.908666666666667,7.905,7.79,8.01,0.21999999999999975,0.0029705747126436838,0.0545029789336664,7.908848209442384,-0.06191870764945679,-0.31453722308337984,0.21999999999999975,1.0127896993189034,1.0000229549155844,5.119000000000001,5.115,5.03,5.22,0.1899999999999995,0.0025058620689655197,0.050058586366032345,5.11923659673328,-0.005584288088243177,-0.6611088878220022,0.1899999999999995,1.0196832870219399,1.0000462193266808,41.713,41.84,40.8,42.58,1.7800000000000011,0.2125113793103445,0.4609895652944267,41.71546232114259,-0.2596519843869074,-0.6672140396378259,1.7800000000000011,1.02072463376294,1.0000590300659886
307,0,62.38300000000001,62.445,61.79,62.96,1.1700000000000017,0.10192517241379292,0.319257219830332,62.38378969465278,0.08863235449344312,-0.9491051989495793,1.1700000000000017,1.0092365389818023,1.00001265881174,0.22000000000000003,0.21,0.17,0.29,0.11999999999999997,0.0007379310344827585,0.02716488605687052,0.22161528226485946,0.796205749068398,0.7368135014217625,0.11999999999999997,1.3085740163596289,1.0073421921129975,7.9399999999999995,7.9350000000000005,7.85,8.07,0.22000000000000064,0.0029172413793103454,0.05401149302982047,7.940177579878173,0.3460931751733304,-0.4001565931046134,0.22000000000000064,1.0163500650729551,1.0000223652239513,5.094666666666666,5.095,5.03,5.19,0.16000000000000014,0.001874022988505745,0.043289987162226616,5.094844452974006,0.016439300019084255,-0.7342542761758923,0.16000000000000014,1.0186768306479796,1.0000348965533905,41.671000000000014,41.775,40.5,42.65,2.1499999999999986,0.29769896551724057,0.5456179666371339,41.674452805845775,-0.3483327891047513,-0.67027287333836,2.1499999999999986,1.023408758327293,1.000082858722991
308,0,62.45033333333334,62.474999999999994,61.79,62.96,1.1700000000000017,0.10444471264367823,0.32317907210040414,62.451141676246934,-0.33292691970778504,-0.6358912744727743,1.1700000000000017,1.0081481028223798,1.0000129437726022,0.22766666666666666,0.225,0.17,0.28,0.11000000000000001,0.0007633333333333335,0.02762848771346947,0.22928148638736623,-0.13955528923554594,-0.8007507005527126,0.11000000000000001,1.221206318973988,1.0070929123896029,7.961,7.955,7.85,8.07,0.22000000000000064,0.0029127586206896604,0.05396997888353914,7.961176839303764,0.3218767031409259,-0.1162945320432538,0.22000000000000064,1.013669230428218,1.000022213202332,5.110333333333333,5.11,5.02,5.21,0.1900000000000004,0.0020447126436781583,0.045218498910049615,5.1105267177986,-0.16235334791639494,0.35376578224371125,0.1900000000000004,1.0194643894248632,1.0000378418495728,41.537,41.465,40.5,42.65,2.1499999999999986,0.32083551724137926,0.5664234434072969,41.540733142302635,0.12775696038422324,-0.8627483371199021,2.1499999999999986,1.026703112193457,1.000089875106595
309,0,62.491333333333344,62.504999999999995,61.82,63.23,1.4099999999999966,0.13281885057471265,0.36444320624030385,62.492360599783176,-0.11035068454760547,-0.6318423509124784,1.4099999999999966,1.0118036731712032,1.0000164385426753,0.30133333333333334,0.27,0.18,0.45,0.27,0.006267126436781608,0.07916518449913199,0.31122339243700814,0.5667623152818484,-1.006033090323065,0.27,1.4459067375248162,1.0328209926006906,7.985333333333333,7.965,7.89,8.17,0.28000000000000025,0.005687816091954025,0.07541761128512375,7.98567759596308,0.9508847211507143,0.28866240071224203,0.28000000000000025,1.0230816235468985,1.0000431118671413,5.126666666666666,5.125,5.0,5.27,0.2699999999999996,0.00432643678160919,0.06577565493105478,5.127074539475053,-0.108565387499334,-0.07144418037848199,0.2699999999999996,1.027876610613814,1.000079559065355,41.76099999999999,41.735,40.78,42.96,2.1799999999999997,0.3684644827586212,0.6070127533739478,41.76526431537736,0.09813676552875356,-0.8327903650961197,2.1799999999999997,1.0286059648898895,1.0001021123866136
310,0,62.892666666666656,62.93,61.82,63.87,2.049999999999997,0.24296505747126385,0.49291485823746867,62.894533837740354,-0.0663730508063038,-0.02971757264380903,2.049999999999997,1.0155095538950367,1.000029688216014,0.3333333333333333,0.33,0.18,0.45,0.27,0.0050091954022988515,0.07077566956446864,0.34051921140125607,-0.2086071209420732,-0.7260115577892328,0.27,1.3215113418952904,1.0215576342037682,8.111333333333334,8.09,7.89,8.43,0.54,0.027577471264367815,0.16606465988995917,8.112976436959906,0.4875528232511777,-0.9403205592236286,0.54,1.0390761104144028,1.0002025688698823,5.197666666666667,5.21,5.0,5.37,0.3700000000000001,0.010735747126436771,0.10361345050926916,5.19866489270723,-0.3074676164480415,-0.7390731679129683,0.3700000000000001,1.0329575209844977,1.0001920527237664,42.529,42.53,40.9,44.37,3.469999999999999,0.5346093103448271,0.7311698231907735,42.53507529087024,0.2355440222466589,0.964568237959416,3.469999999999999,1.0431390963006855,1.000142850545986
311,1,63.328,63.245000000000005,62.56,64.54,1.980000000000004,0.25160275862069004,0.5016001979870921,63.329920258910796,0.6858012314877168,0.22654036450797177,1.980000000000004,1.0191075519460953,1.0000303224310068,0.362,0.35,0.18,0.64,0.46,0.012616551724137932,0.1123234246456986,0.3784706065205064,0.6099126107693914,0.007373996343759792,0.46,1.6910163932778841,1.045498913040073,8.405999999999999,8.385000000000002,7.95,8.98,1.0300000000000002,0.06612137931034484,0.2571407772220206,8.409801028165491,0.42602716409117886,-0.14418420769320672,1.0300000000000002,1.0678017196750365,1.0004521803670583,5.337666666666667,5.3149999999999995,5.09,5.58,0.4900000000000002,0.014101264367816096,0.11874874469995923,5.3389434035833965,0.3738457874416552,-0.3317004716626726,0.4900000000000002,1.0451506184266368,1.0002391938269024,43.834666666666664,43.730000000000004,42.15,46.45,4.300000000000004,1.516749885057471,1.2315639995783698,43.851387587319664,0.4703628082345485,-0.720564504907041,4.300000000000004,1.059259525311618,1.0003814542672391
312,1,64.176,63.885000000000005,62.56,69.02,6.459999999999994,1.9248455172413779,1.3873880197123578,64.19049509078428,2.1406786224492813,5.59630316324737,6.459999999999994,1.0752370721301552,1.0002258646656739,0.6659999999999999,0.6799999999999999,0.21,1.54,1.33,0.09216275862068966,0.30358319884455015,0.7298264633915837,0.8001301169178395,0.9610426678721695,1.33,2.110090654761203,1.0958355306179937,9.005666666666665,8.855,8.27,12.06,3.790000000000001,0.6222185057471267,0.7888082819970431,9.038999391525591,2.8323465603931917,8.902632867284671,3.790000000000001,1.334218476804713,1.0037013056437347,5.614999999999999,5.535,5.25,6.8,1.5499999999999998,0.11709482758620689,0.3421912149459815,5.6250703699301985,2.1031600769189023,5.416860165293082,1.5499999999999998,1.2088737656244435,1.0017934763900622,46.75666666666667,45.925,42.15,57.81,15.660000000000004,10.709126436781617,3.2724801659875062,46.86723837963287,1.7667009521287402,3.900754967217292,15.660000000000004,1.2334842418434993,1.0023648330997263
313,1,65.40133333333334,64.955,62.94,69.02,6.079999999999998,2.5115843678160896,1.5847978949431027,65.41989197993732,1.044620520487239,0.39095828400766086,6.079999999999998,1.0550307851496719,1.0002837655695702,0.9203333333333332,0.855,0.72,1.54,0.8200000000000001,0.05147919540229885,0.2268902717224757,0.9469829283924112,1.9081166665336007,2.858100335939068,0.8200000000000001,1.6262172778703505,1.028956459680273,9.743666666666666,9.469999999999999,8.76,12.56,3.8000000000000007,0.9108585057471266,0.9543890746163886,9.788745408205623,1.6704812955649806,2.4084210632775065,3.8000000000000007,1.2831062078161022,1.0046264658963726,5.958,5.835,5.43,7.08,1.6500000000000004,0.15022344827586204,0.38758669775401483,5.970174201813545,1.431995101436338,1.8443509202805748,1.6500000000000004,1.1858950443773193,1.0020433369945525,49.55133333333333,49.215,44.8,57.81,13.010000000000005,10.861570574712648,3.29568969636291,49.65716618307304,1.3451717466098647,1.631800117694758,13.010000000000005,1.164182422067131,1.0021358224415025
314,1,66.30199999999999,66.11500000000001,64.29,70.94,6.6499999999999915,2.508823448275862,1.5839265918204233,66.3202864891279,1.3892642630905883,1.8491092158852922,6.6499999999999915,1.0696576229601997,1.000275805995715,1.0970000000000004,0.985,0.72,1.94,1.22,0.10325620689655174,0.32133503838914257,1.141588075153789,0.9642255060078283,0.14405719106670523,1.22,1.6993870575764842,1.0406454650444745,10.353000000000002,10.165,9.21,12.92,3.709999999999999,0.9026148275862069,0.9500604336494637,10.395053471082614,1.7168961933407132,2.510170095347192,3.709999999999999,1.242898849528902,1.00406195992298,6.253333333333334,6.155,5.79,7.33,1.54,0.15174712643678162,0.38954733529672825,6.265051210219008,1.188113684409688,1.1663302661160202,1.54,1.1699824556970804,1.001873860909223,51.867000000000004,50.425,46.57,64.54,17.970000000000006,17.059070000000006,4.130262703509307,52.025725591608364,1.606819606089159,2.451606951675572,17.970000000000006,1.2405401225275783,1.0030602423816368
315,1,67.04633333333332,66.63,64.6,70.94,6.340000000000003,2.559299885057473,1.5997811991198898,67.06478064776871,0.9667109293846922,0.3867595507878474,6.340000000000003,1.0577832256335011,1.0002751427784078,1.4543333333333333,1.4849999999999999,0.89,2.3,1.4099999999999997,0.11319091954022988,0.33643858212195266,1.4914768966810492,0.21639989502626233,-0.025074219710186973,1.4099999999999997,1.542095626903869,1.0255399243738592,10.93533333333333,10.82,9.79,13.51,3.7200000000000006,0.7467222988505746,0.8641309500594078,10.968288228646559,1.5159301284939897,2.607187426246796,3.7200000000000006,1.231732766168115,1.0030136159830423,6.560666666666668,6.51,6.05,7.61,1.5600000000000005,0.13946160919540232,0.3734455906760747,6.57093296267737,1.0481286495254174,1.0895510414299459,1.5600000000000005,1.1581308230086182,1.0015648251210296,54.936,54.675,48.94,64.54,15.600000000000009,16.057100689655176,4.007131229402797,55.07709106334502,0.7734755903828835,0.5345412300087076,15.600000000000009,1.171812068392856,1.0025682806055232
316,1,68.585,68.195,64.6,73.47,8.870000000000005,4.327398275862072,2.080239956318038,68.61548933489192,0.480495302291458,0.17095055544993798,8.870000000000005,1.0707494869185388,1.0004445481503526,1.75,1.745,1.23,2.34,1.1099999999999999,0.0628758620689655,0.25075059734518185,1.7672803965415336,0.5599743587316101,0.770386606509768,1.1099999999999999,1.3240683281381074,1.0098745123094477,11.790666666666665,11.675,10.69,14.21,3.5200000000000014,0.7663512643678164,0.8754149098386527,11.822039869103243,1.0096670011699993,0.759533271247177,3.5200000000000014,1.2019922244669181,1.0026608505967922,6.970000000000001,7.01,6.32,7.87,1.5499999999999998,0.1693379310344827,0.41150690277865654,6.981732831706848,0.3687279066250936,-0.5593919299705838,1.5499999999999998,1.127227321598325,1.0016833330999781,58.272333333333336,57.775,52.3,69.75,17.450000000000003,13.396625402298852,3.6601400796006227,58.38334440003702,1.2978375979837777,2.5400408150002063,17.450000000000003,1.1946900390303057,1.001905038984258
317,1,70.73133333333334,70.045,66.12,76.02,9.899999999999991,5.089405057471257,2.255970978862817,70.76610257272428,0.4685533188434543,0.033649019773854594,9.899999999999991,1.07424313670343,1.0004915677077242,2.096,1.95,1.54,2.88,1.3399999999999999,0.16316965517241375,0.4039426384679064,2.1332947913185056,0.7114057340003376,-0.7711519146445238,1.3399999999999999,1.3500243903094074,1.0177933164687527,12.866333333333333,12.545,11.65,15.66,4.01,1.1342240229885057,1.0649995413090587,12.908870980841042,1.1204754538596644,0.4856199830500971,4.01,1.2131192590926116,1.0033061204311802,7.481999999999999,7.35,6.75,8.61,1.8599999999999994,0.20434068965517238,0.452040584079762,7.495188678968218,0.7406612618506402,0.033390628472918404,1.8599999999999994,1.148736925617361,1.001762721059639,62.888999999999996,61.285,56.33,77.36,21.03,29.62882310344828,5.4432364548537,63.116301512894964,1.0920619704343417,0.6031308883388169,21.03,1.2256738456735299,1.0036143286249577
318,1,72.13000000000002,72.075,68.99,76.21,7.219999999999999,5.616510344827582,2.3699177928416804,72.16762565952502,0.22238495362375105,-1.4223900978345763,7.219999999999999,1.0560136806986866,1.000521636760363,2.6323333333333334,2.76,1.7,3.52,1.82,0.2295357471264368,0.47909889075892964,2.674147216092138,-0.32673990292970245,-0.5087564159292963,1.82,1.3163074862961164,1.0158847218280884,13.890333333333333,13.705,11.82,16.12,4.300000000000001,1.4515895402298848,1.2048192977496188,13.940751892682595,0.32563221998679165,-0.7731304813429829,4.300000000000001,1.156322135570125,1.003629758778234,7.9719999999999995,7.855,7.06,9.19,2.13,0.2930855172413793,0.5413737315767909,7.989749683187829,0.5744680465507632,-0.22578181632710637,2.13,1.1502237697556106,1.002226503159537,67.96366666666667,68.12,56.33,78.17,21.840000000000003,29.10524471264368,5.394927683726973,68.17033854006203,0.004017379586377585,-0.686415485863209,21.840000000000003,1.1466863987196045,1.0030409170595371
319,1,73.68900000000001,74.095,69.09,81.42,12.329999999999998,10.489457586206889,3.2387432109086527,73.75776928568271,0.5851252172831859,-0.17605922142085983,12.329999999999998,1.1038837099945296,1.0009332367881598,3.109333333333333,2.965,2.19,3.93,1.7400000000000002,0.19184091954022986,0.43799648347929676,3.139012583600136,0.1454986697822333,-0.5006685810244704,1.7400000000000002,1.251986061009249,1.0095452134219993,15.106333333333334,14.66,12.83,17.79,4.959999999999999,1.9728033333333337,1.4045651758937119,15.169322661213322,0.507538597317136,-0.7485543098366794,4.959999999999999,1.1727616583361054,1.004169729774266,8.525333333333334,8.344999999999999,7.41,9.8,2.3900000000000006,0.44189471264367824,0.6647516172554063,8.550349310603243,0.40650705307742313,-0.9596585514187002,2.3900000000000006,1.146152004321867,1.002934310752648,73.62433333333333,73.28999999999999,63.69,85.17,21.480000000000004,30.906466781609204,5.5593584865170556,73.8269511086568,0.3338264286130419,-0.42513639222175525,21.480000000000004,1.1536437401383237,1.002752049032568
320,1,76.50633333333333,76.54,70.75,83.3,12.549999999999997,11.847520574712638,3.442022744653591,76.58114417618305,-0.06786889626631107,-0.5743785309341591,12.549999999999997,1.0877351193442542,1.0009778385604204,3.5386666666666664,3.5700000000000003,2.46,4.65,2.1900000000000004,0.2772533333333334,0.5265485099526286,3.576335181905261,0.1776659325278417,-0.08308304650946008,2.1900000000000004,1.3002137001942737,1.0106448328669728,16.471,16.575000000000003,14.1,19.9,5.799999999999999,2.0643541379310344,1.436786044590855,16.531466460460592,0.2254779940648471,-0.26327891454663277,5.799999999999999,1.2037649562182613,1.0036710861793814,9.118333333333334,9.17,8.05,10.28,2.2299999999999986,0.3741385057471264,0.6116686241316669,9.138143684578393,-0.19887216942158115,-0.5493264727955829,2.2299999999999986,1.124954953088406,1.0021725846731924,79.07866666666668,80.195,70.55,96.85,26.299999999999997,34.914067126436784,5.908812666385421,79.2917762864893,0.8312574923781607,1.3027650021344392,26.299999999999997,1.2214381432201877,1.0026949065886621
321,1,78.67366666666665,78.33,75.0,83.41,8.409999999999997,6.542334367816087,2.5577987348139977,78.71384937438476,0.63403821065927,-0.46656509663851287,8.409999999999997,1.0596610464732712,1.000510751683767,4.0776666666666666,3.96,3.16,4.96,1.7999999999999998,0.3312667816091953,0.5755578004068708,4.116745073477347,0.07509306678927018,-1.2966081113356436,1.7999999999999998,1.204835352073518,1.0095835216571603,17.405666666666665,17.314999999999998,15.27,20.05,4.780000000000001,1.5046598850574715,1.226645786304046,17.44739913759832,0.784326614642979,0.27955281802694154,4.780000000000001,1.149168414264863,1.0023976370299896,9.711333333333332,9.600000000000001,8.7,10.88,2.1800000000000015,0.30475678160919545,0.5520478073583803,9.726489260433762,0.45403564377037764,-0.22252333303233174,2.1800000000000015,1.1185947682334454,1.0015606432793742,83.55366666666667,82.475,71.12,101.39,30.269999999999996,45.13423781609194,6.7182019779173014,83.81434827442534,0.6606802799412711,0.6177673662787422,30.269999999999996,1.209697409661033,1.0031199301976614
322,0,61.30466666666666,61.33,60.55,61.94,1.3900000000000006,0.13241195402298872,0.363884533915621,61.30571060948021,-0.07453187534062528,-0.6311587874232387,1.3900000000000006,1.0103463345292616,1.0000170287658396,0.22533333333333333,0.23,0.17,0.27,0.1,0.0006464367816091955,0.02542512107363887,0.22671568097509268,-0.1629674353583196,-0.0440044813313496,0.1,1.1909189467563235,1.0061346788835475,7.991666666666665,7.985,7.9,8.11,0.20999999999999908,0.002097126436781584,0.04579439307144035,7.991793499167338,0.25651302378276825,0.23251485276119643,0.20999999999999908,1.0147909853833157,1.0000158705944533,4.976333333333334,4.985,4.86,5.08,0.21999999999999975,0.001713678160919531,0.041396596006429455,4.976499773937501,-0.38896385016175455,1.694634953046637,0.21999999999999975,1.0207977957930474,1.0000334464339542,42.616,42.58,41.79,43.6,1.8100000000000023,0.15196275862069009,0.38982400980530957,42.61772346493103,0.300794848998717,0.8380237747075032,1.8100000000000023,1.0230485454221236,1.00004044173388
323,0,61.20266666666667,61.224999999999994,60.55,61.88,1.3300000000000054,0.07086850574712651,0.2662113929701855,61.20322633107942,0.01988081843280856,0.8033438451032828,1.3300000000000054,1.0110578103392716,1.0000091444448949,0.2156666666666667,0.215,0.17,0.26,0.09,0.0004391954022988505,0.020956989342433004,0.21664871720521836,-0.10027891239838195,-0.027328592531251417,0.09,1.200099420638238,1.0045535573657727,7.984999999999999,7.98,7.92,8.04,0.11999999999999922,0.0010810344827586018,0.032879088837110465,7.9850654349228725,0.08419589608907184,-0.8287842994465975,0.11999999999999922,1.0068796637328568,1.0000081947304789,4.964666666666665,4.965,4.86,5.06,0.1999999999999993,0.0019360919540229843,0.0440010449196719,4.964855150622893,-0.3101304311545911,0.1599177176055946,0.1999999999999993,1.0191636707397536,1.0000379650777953,42.684666666666665,42.644999999999996,41.95,43.81,1.8599999999999994,0.2780050574712647,0.5272618490572447,42.687814498597454,0.6441575888540411,-0.22459274493969428,1.8599999999999994,1.0262881928855696,1.0000737461992002
324,0,61.37966666666668,61.355000000000004,60.96,62.02,1.0600000000000023,0.08156885057471262,0.2856026095376452,61.38030897608776,0.5452273506044354,-0.2206283812177925,1.0600000000000023,1.0104217628516898,1.0000104645309427,0.223,0.22,0.18,0.26,0.08000000000000002,0.0005251724137931034,0.02291664054334979,0.224135375759086,-0.2482867306584868,-0.861764238712746,0.08000000000000002,1.160013224683744,1.0050913711169775,8.003666666666666,7.99,7.92,8.11,0.1899999999999995,0.0019412643678160784,0.04405978174952843,8.00378389679948,0.568563729642916,0.12262473266052298,0.1899999999999995,1.0132707360131241,1.0000146470533688,4.968333333333333,4.975,4.88,5.08,0.20000000000000018,0.0030419540229885012,0.05515391212768593,4.968629254298077,0.21100973657783811,-0.690475870079303,0.20000000000000018,1.0224147828308146,1.0000595614152454,42.49633333333332,42.545,41.16,43.81,2.6500000000000057,0.411961954022989,0.6418426240309918,42.5010185368147,0.2699621914531794,-0.22073499844031774,2.6500000000000057,1.0307988257281753,1.0001102495936445
325,0,61.51166666666666,61.5,61.0,62.04,1.0399999999999991,0.07073160919540256,0.265954148671162,61.51222244399888,0.18699544612154756,-0.3169696503707198,1.0399999999999991,1.0085800436893921,1.0000090353157756,0.21966666666666665,0.22,0.15,0.26,0.11000000000000001,0.0007895402298850574,0.02809875851145487,0.2213970791737476,-0.7928737475944734,0.1467454822343437,0.11000000000000001,1.1743605695717316,1.007877446921461,8.015333333333333,8.01,7.93,8.11,0.17999999999999972,0.0019636781609195303,0.04431340836495801,8.01545174439137,0.47395984586216844,0.024335659666397724,0.17999999999999972,1.0117957488390827,1.0000147730672093,4.966,4.975,4.88,5.08,0.20000000000000018,0.002811034482758614,0.05301918975954474,4.966273586234787,0.14480974255212667,-0.5228857369893793,0.20000000000000018,1.022899748028468,1.0000550918716848,42.23833333333334,42.285,41.16,43.28,2.1200000000000045,0.26965574712643714,0.5192838791320573,42.241418891888564,-0.21032144219918253,-0.3370428019365619,2.1200000000000045,1.0245867950309517,1.0000730511436349
326,0,61.40533333333334,61.425,60.62,62.04,1.4200000000000017,0.09106022988505759,0.30176187612927113,61.406050081947676,-0.6358016909658799,0.9491504244030695,1.4200000000000017,1.0103238999611,1.0000116724163102,0.21066666666666667,0.21,0.15,0.25,0.1,0.0007167816091954025,0.026772777390390457,0.21230481231788725,-0.24947691677776648,-0.3179354504020293,0.1,1.1775522055791705,1.0077760078380724,8.004666666666667,8.0,7.93,8.11,0.17999999999999972,0.0015291954022988471,0.03910492810757804,8.004759001160915,0.5647593155748174,0.5001779729337708,0.17999999999999972,1.0131473038505996,1.0000115350829826,4.9606666666666674,4.965,4.85,5.05,0.20000000000000018,0.002130574712643675,0.046158148929995826,4.960874250909141,-0.3026425215693165,-0.0942528940638181,0.20000000000000018,1.017965734381299,1.0000418460373217,42.24100000000001,42.275,41.25,43.07,1.8200000000000003,0.2556231034482762,0.5055918348314935,42.24392480976801,-0.3296009400796477,-0.6254651901362989,1.8200000000000003,1.019554887334734,1.000069241016264
327,0,61.40833333333333,61.45,60.62,62.13,1.5100000000000051,0.1092281609195408,0.33049683950007874,61.409193041433134,-0.3058974160260403,0.42120327774278143,1.5100000000000051,1.0117377695890017,1.0000139998604936,0.21300000000000002,0.21,0.17,0.25,0.07999999999999999,0.0005527586206896551,0.023510819226255284,0.2142506320488538,0.22720475387628453,-0.865673609647498,0.07999999999999999,1.1668577012318664,1.0058715119664496,8.014333333333333,8.01,7.95,8.1,0.14999999999999947,0.0014874712643678132,0.03856774901867898,8.014423040161198,0.4030097654231299,-0.4582045864566373,0.14999999999999947,1.0106778690630587,1.0000111932988227,4.953333333333333,4.96,4.83,5.05,0.21999999999999975,0.0023195402298850556,0.04816160534995751,4.953559662841797,-0.4080367739220977,0.8568114212635591,0.21999999999999975,1.0194688958491067,1.0000456923637544,42.449,42.525000000000006,40.72,43.63,2.9100000000000037,0.4801265517241387,0.6929116478485109,42.45446647095372,-0.39415474357372676,-0.04327993342854741,2.9100000000000037,1.0276892781081244,1.0001287773788246
328,0,61.405333333333324,61.364999999999995,60.93,62.13,1.2000000000000028,0.11170160919540276,0.3342179067545645,61.40621255215143,0.2676512851007597,-0.7881558957511254,1.2000000000000028,1.0117868765678044,1.0000143182810088,0.21800000000000003,0.22,0.17,0.26,0.09,0.0006441379310344826,0.025379872557490957,0.2194234870442694,-0.12583346077430624,-0.8441900849129085,0.09,1.1849232892171848,1.0065297570838045,8.003333333333332,8.02,7.9,8.1,0.1999999999999993,0.002954022988505733,0.054350924449412384,8.003511729234862,-0.4574169466218062,-0.5111064729000274,0.1999999999999993,1.0120557417830338,1.000022290200108,4.933666666666667,4.9399999999999995,4.83,5.02,0.1899999999999995,0.0019412643678160951,0.04405978174952862,4.9338568415929265,-0.4448019896421061,0.0466225223643959,0.1899999999999995,1.0174595982763175,1.0000385463670547,42.49033333333333,42.525,40.72,43.63,2.9100000000000037,0.4679550574712651,0.6840724065998168,42.495656052511215,-0.40367129560412174,-0.028821966244859887,2.9100000000000037,1.0266931741467198,1.0001252689437883
329,0,61.27733333333333,61.230000000000004,60.85,61.89,1.0399999999999991,0.08608919540229895,0.2934096034595646,61.27801236985417,0.4592758884983851,-0.6412144745996318,1.0399999999999991,1.0099870672444804,1.0000110813653906,0.21733333333333335,0.22,0.15,0.26,0.11000000000000001,0.0006547126436781608,0.025587353197979678,0.2187845210856259,-0.5679761210755118,0.3124903131030563,0.11000000000000001,1.1883838889052099,1.0066772442590148,7.979666666666666,7.985,7.9,8.07,0.16999999999999993,0.0027067816091953926,0.05202673936732334,7.979830616414528,-0.009576453507912386,-1.3936442419187027,0.16999999999999993,1.0112996613487,1.000020545939412,4.955333333333332,4.96,4.84,5.08,0.2400000000000002,0.0030740229885057495,0.05544387241621701,4.955633158336076,0.1198974543730323,-0.2605374497074453,0.2400000000000002,1.0250960548713581,1.0000605055164962,42.41966666666667,42.28,41.48,43.88,2.4000000000000057,0.34316195402298993,0.585800268029121,42.423576503323396,0.39970353382257706,-0.2917078169999101,2.4000000000000057,1.0343305212978098,1.0000921703767134
330,0,61.42566666666667,61.45,60.85,61.9,1.0499999999999972,0.07981850574712629,0.2825216907551105,61.42629472248292,-0.26580288779382727,-0.47357382196840003,1.0499999999999972,1.007711767080486,1.0000102246479416,0.23166666666666663,0.22,0.15,0.35,0.19999999999999998,0.002531609195402299,0.05031509907972257,0.23688956639469513,1.005242731362913,0.7248389371351003,0.19999999999999998,1.4774817030854164,1.0225448909123533,7.996666666666669,7.99,7.91,8.11,0.1999999999999993,0.002629885057471255,0.05128240495015084,7.996825620207058,0.49413214415177453,-0.06594296219525608,0.1999999999999993,1.0141524131158948,1.0000198774748297,4.973666666666666,4.98,4.88,5.08,0.20000000000000018,0.00230678160919541,0.04802896635568384,4.973890831130093,-0.048133660690632914,-0.07173807839659396,0.20000000000000018,1.021333232367265,1.000045070262736,42.614999999999995,42.730000000000004,41.48,43.88,2.4000000000000057,0.2696603448275875,0.5192883060762946,42.61805833994161,0.00904151128490616,0.09741891982627182,2.4000000000000057,1.0296104916369617,1.0000717667474273
331,0,61.772,61.735,61.3,62.46,1.1600000000000037,0.0974579310344828,0.3121825283940195,61.77276255222308,0.378674278704139,-0.622463581062473,1.1600000000000037,1.0111252503430768,1.0000123446257703,0.326,0.36,0.17,0.44,0.27,0.008390344827586205,0.09159882547056052,0.3382109795182094,-0.47823544877489843,-1.301186905780711,0.27,1.300963087084848,1.0374569923871453,8.080333333333332,8.055,7.94,8.25,0.3099999999999996,0.008361954022988508,0.09144372052245309,8.080833496614073,0.42260825232672006,-1.0259476039780073,0.3099999999999996,1.0209342889513575,1.0000618988425487,5.016333333333335,5.03,4.88,5.12,0.2400000000000002,0.004299885057471266,0.0655735088085979,5.016747618394478,-0.38836252483996236,-0.5689676942467932,0.2400000000000002,1.020581537972318,1.0000825872272863,43.074333333333335,42.935,41.73,44.69,2.960000000000001,0.4619771264367814,0.6796889924346144,43.079516826445484,0.5849740001081765,0.32559193508711815,2.960000000000001,1.0373839655640213,1.000120338324729
332,1,61.89366666666667,61.93,60.72,62.46,1.740000000000002,0.16586540229885074,0.4072657637205106,61.89496191128968,-0.8380721773912182,0.8424695136670746,1.740000000000002,1.0091289835434452,1.000020926933122,0.3503333333333333,0.37,0.23,0.44,0.21,0.0039481609195402305,0.06283439280792193,0.35573866812591515,-0.348413997493182,-1.0508455227544897,0.21,1.2368630104733518,1.0154291192937637,8.278,8.24,8.0,8.69,0.6899999999999995,0.030382068965517237,0.17430452938898988,8.279773748921727,0.44048891210131047,-0.4549680724212677,0.6899999999999995,1.0495455870556483,1.000214272640943,5.111666666666666,5.09,5.02,5.27,0.25,0.005014367816091953,0.07081220103973575,5.11214077792595,0.8325827921126762,-0.18387930664420304,0.25,1.0308792791379457,1.0000927508169448,43.903666666666666,43.91,41.73,45.97,4.240000000000002,0.9981067816091943,0.9990529423454967,43.9146534010384,0.2780919006922889,-0.08470069755907605,4.240000000000002,1.0468032066698036,1.000250246396392
333,1,62.36366666666667,62.265,60.72,66.22,5.5,0.9569757471264356,0.9782513721566843,62.37108301662452,2.0960156988497896,7.642723762657292,5.5,1.0617099591223962,1.0001189210056793,0.48100000000000004,0.375,0.23,1.2,0.97,0.05623689655172412,0.23714319840915557,0.5345309470305095,1.2136928658085089,1.2947029566165131,0.97,2.244958887163379,1.1112909501673793,8.736333333333333,8.649999999999999,8.2,11.03,2.83,0.272134367816092,0.5216649957741961,8.751376082270337,3.0272772505502106,12.757247419175325,2.83,1.260373214030419,1.0017218606894964,5.304333333333333,5.25,5.06,6.32,1.2600000000000007,0.06008057471264371,0.2451133915408208,5.309805081168235,2.5689400115817462,9.536302700329085,1.2600000000000007,1.1902508478916722,1.0010315618365302,46.106,45.724999999999994,42.95,54.87,11.919999999999995,6.534879999999997,2.556341135294739,46.17445491466756,1.5304502921530676,3.5504909633027477,11.919999999999995,1.1883193878823735,1.0014847289868467
334,1,63.80900000000001,63.584999999999994,61.67,68.0,6.329999999999998,2.306774827586206,1.518807040932523,63.8264707103043,1.0910075690615706,1.3048687887701602,6.329999999999998,1.0653886897277858,1.000273796961311,0.8109999999999999,0.81,0.38,1.43,1.0499999999999998,0.06251275862068964,0.250025515939253,0.8474373133158581,0.7094411413210322,0.9740365991272184,1.0499999999999998,1.6874404484323293,1.0449288696866317,9.498000000000001,9.265,8.61,11.75,3.1400000000000006,0.6402096551724136,0.8001310237532435,9.530523245516656,1.6854153596221204,2.8200553556613652,3.1400000000000006,1.232880891983284,1.0034242204165778,5.653666666666666,5.59,5.18,6.45,1.2700000000000005,0.10997574712643679,0.33162591443739253,5.663060715431777,0.9184110898285268,0.6278364083818566,1.2700000000000005,1.1389600649033875,1.0016615851833814,49.71199999999999,49.215,44.16,56.96,12.800000000000004,10.00816827586207,3.1635689143532293,49.80921106247987,0.560504872588484,-0.02737926562408166,12.800000000000004,1.1435635856297803,1.0019554848422891
335,1,65.34466666666667,64.805,62.21,71.83,9.619999999999997,3.5569843678160957,1.8859969161735382,65.37097123341522,1.5458983265160464,3.691137163403681,9.619999999999997,1.098805764159783,1.0004025510893297,1.0486666666666666,0.975,0.81,1.53,0.72,0.05103954022988505,0.22591932239161186,1.0719328337167398,0.9080548424965043,-0.4416664308026981,0.72,1.4273282353848538,1.0221864275747679,10.408,10.05,9.22,13.26,4.039999999999999,1.00803724137931,1.004010578320423,10.454707073849558,1.384361836663031,1.4606961333083417,4.039999999999999,1.2683282186994356,1.0044876127833935,6.069333333333333,6.005,5.54,7.17,1.63,0.1602133333333334,0.40026657783698777,6.082078592060448,1.1762587571900838,1.185046304596943,1.63,1.1788732900228758,1.002099943770944,52.92433333333334,52.385,47.29,59.98,12.689999999999998,8.825018505747122,2.970693270222815,53.00486685201652,0.685343162349362,0.38478152530997933,12.689999999999998,1.131594201858053,1.0015216728036225
336,1,66.61266666666667,65.945,62.21,71.83,9.619999999999997,5.708144367816091,2.3891723185689413,66.65407139352655,0.7609939900594155,0.12383407380050482,9.619999999999997,1.0776536001216594,1.0006215743781446,1.4286666666666663,1.4449999999999998,0.85,2.21,1.3599999999999999,0.14376367816091953,0.37916180999794735,1.4765026244473798,0.34392443272338774,-0.6540169435868366,1.3599999999999999,1.4967802721157715,1.033482938250616,11.379333333333333,11.075,9.97,13.6,3.629999999999999,1.2180891954022983,1.1036707821639107,11.430954174229436,0.697618563483857,-0.5940280579121815,3.629999999999999,1.1897519483247145,1.004536367762854,6.459,6.285,5.69,7.42,1.7299999999999995,0.20383689655172413,0.4514829969685726,6.474235347385306,0.7940361461157452,-0.16876918170773036,1.7299999999999995,1.146081290201576,1.0023587780438623,57.43200000000001,57.87,51.05,68.96,17.909999999999997,22.40158896551724,4.733031688623819,57.62021774805552,0.6075596166486426,-0.27079907700790296,17.909999999999997,1.1968021415942522,1.0032772278182114
337,1,68.23533333333333,67.88499999999999,64.19,71.67,7.480000000000004,5.273846436781611,2.2964856709288677,68.27267950407882,-0.13965206398420005,-1.084140366117072,7.480000000000004,1.0497610540643598,1.0005473142567218,1.8266666666666667,1.76,1.32,2.43,1.11,0.09085747126436783,0.3014257309261567,1.8505512692168244,0.61958867681494,-0.4027646020179563,1.11,1.31312222494025,1.0130755123449768,12.342999999999998,12.235,10.73,14.32,3.59,1.0299320689655176,1.0148556887388067,12.383264916814143,0.3091149504659351,-0.7787545198431927,3.59,1.1563993903220253,1.0032621661520007,6.892999999999999,6.875,6.18,7.95,1.7700000000000005,0.2398355172413794,0.4897300452712488,6.909796668499008,0.2768240799290503,-0.8842105191523757,1.7700000000000005,1.1505403677423915,1.0024367718698692,62.93500000000001,62.33,54.16,71.24,17.08,19.79789482758621,4.449482534810785,63.08686226148832,0.1409393498524379,-0.19859111356390846,17.08,1.1292366975665675,1.0024130016920365
338,1,70.30266666666667,70.255,66.51,76.72,10.209999999999994,6.640889195402297,2.5769922769388147,70.34830820045829,0.8362293458664836,0.26359196682679187,10.209999999999994,1.0905734901454276,1.0006492148300439,2.1246666666666667,2.02,1.58,3.22,1.6400000000000001,0.17625333333333337,0.41982536051712427,2.1643905993758765,1.1215595883980378,1.1889586509040972,1.6400000000000001,1.4877166815123477,1.0186965481844414,13.473333333333331,13.149999999999999,11.74,16.55,4.8100000000000005,1.5455816091954029,1.2432142249811184,13.528664876229781,0.8457119985508972,0.15879135260875143,4.8100000000000005,1.223328403165547,1.0041067448958276,7.4626666666666654,7.295,6.62,8.86,2.2399999999999993,0.33685471264367806,0.5803918612831145,7.484451883738714,0.7730287359954956,0.18614098873224094,2.2399999999999993,1.183787421928639,1.0029192268722595,67.46866666666666,65.725,61.3,79.46,18.159999999999997,23.181577471264372,4.814725067048416,67.634531417021,0.6410998385689883,-0.41320574924478537,18.159999999999997,1.174843653607438,1.0024583967425027
339,1,71.39533333333334,70.945,67.38,76.72,9.340000000000003,5.541411954022985,2.3540203809701787,71.43283782687062,0.42273022067952354,-0.5538904876473021,9.340000000000003,1.07401584948849,1.0005253073525433,2.5923333333333334,2.605,1.78,3.36,1.5799999999999998,0.2158185057471264,0.46456270378402786,2.632264551040922,-0.07287313374361737,-1.0518951644327832,1.5799999999999998,1.2764674427087113,1.0154035814739315,14.457333333333334,14.525,12.59,16.55,3.960000000000001,1.033716781609196,1.0167186344358974,14.491851043488774,0.10400149123605161,-0.6108599668761023,3.960000000000001,1.1420211227906567,1.002387557190499,7.864333333333334,7.9399999999999995,7.14,8.86,1.7199999999999998,0.21606678160919532,0.46482984156484114,7.87760136928325,0.3571401348085612,-0.5027468548347409,1.7199999999999998,1.1247078374068749,1.001687115154908,71.15599999999999,71.385,63.15,80.23,17.080000000000005,24.28986620689655,4.928475038680479,71.3208001918094,0.03417575765997046,-0.9191775389978476,17.080000000000005,1.1249172721594585,1.00231604069663
340,1,73.00866666666667,73.225,68.68,77.07,8.389999999999986,5.634280919540226,2.373664028362107,73.04595731455643,-0.01670526751186666,-0.5651710790649651,8.389999999999986,1.0550891908790365,1.0005107701536315,2.9989999999999997,3.0,2.39,3.45,1.06,0.08525758620689654,0.2919890172710209,3.012709190523816,-0.159466814046571,-0.8908409617258148,1.06,1.1451486956828227,1.004571253925914,15.483999999999998,15.399999999999999,13.84,17.73,3.8900000000000006,1.021231724137931,1.010560104168936,15.515845019420203,0.3801407817187751,-0.6791151695049926,3.8900000000000006,1.1427028291278032,1.0020566403655518,8.313666666666666,8.325,7.47,9.58,2.1100000000000003,0.2394447126436781,0.48933088257709434,8.327575677630715,0.41890151401360115,0.13237984885429954,2.1100000000000003,1.1503948292818893,1.001673029665697,76.056,76.785,63.9,85.0,21.1,29.383638620689656,5.420667728305219,76.24250336918378,-0.3127901946591798,-0.5343546160275761,21.1,1.114863707824629,1.0024521848267565
341,1,76.05033333333336,76.445,72.09,84.07,11.97999999999999,9.411224022988495,3.0677718335933157,76.11012230095723,0.8167833585875565,0.4066967775337549,11.97999999999999,1.1045836934483897,1.0007861762730457,3.4843333333333333,3.41,2.74,4.78,2.04,0.2625219540229885,0.5123689627826694,3.520561034835215,0.7505205958593338,0.22132288643566378,2.04,1.3577381425014081,1.010397312207562,17.012666666666668,16.86,14.98,20.93,5.949999999999999,1.9987374712643677,1.413767120591071,17.06935675413693,0.96732308506553,1.0086182302881141,5.949999999999999,1.2261739151317113,1.0033322281909711,9.120000000000001,8.975,8.29,10.63,2.3400000000000016,0.44803448275862096,0.6693537799688749,9.143713687556058,0.6452118947256497,-0.5593877707663748,2.3400000000000016,1.1625473372451143,1.0026001850390414,83.01233333333332,83.16499999999999,72.17,97.12,24.950000000000003,35.66745988505749,5.972224031720301,83.21974543340059,0.5511923773518382,0.46566132742202493,24.950000000000003,1.1670307268330153,1.002498569691258
342,1,77.57466666666667,77.44,72.09,84.07,11.97999999999999,8.830791264367809,2.9716647294686203,77.62966791117942,0.05322260202181061,-0.0834432771390321,11.97999999999999,1.0829622522176614,1.0007090103880059,4.0906666666666665,4.195,3.12,4.81,1.6899999999999995,0.18937885057471257,0.4351768038104887,4.112981886660821,-0.4977636832310297,-0.23738870092568565,1.6899999999999995,1.1694678295568819,1.0054551548225605,18.224333333333334,18.345,15.84,20.93,5.09,1.4235771264367818,1.193137513632348,18.262049446872055,0.024882799541719045,0.1032550106936494,5.09,1.1460926146810382,1.0020695469540022,9.738999999999999,9.68,8.44,10.63,2.1900000000000013,0.2695196551724139,0.5191528244865994,9.75236672129728,-0.5413620580348574,0.31092981034866485,2.1900000000000013,1.0899918249368268,1.0013724942291078,89.45233333333333,89.76,75.49,97.8,22.310000000000002,32.784584022988504,5.725782393960541,89.6293015890079,-0.38182545675619467,-0.4026322596660554,22.310000000000002,1.0911610183961777,1.0019783525938346
343,1,79.384,78.75999999999999,73.11,87.06,13.950000000000003,12.00621793103448,3.4649989799471053,79.45706681388803,0.5602888178130191,-0.07456395757429135,13.950000000000003,1.095686054003482,1.0009204224262829,4.627999999999999,4.49,3.9,5.75,1.85,0.23132,0.48095737856903703,4.6520955851458305,0.8506853579690749,-0.08873889171112648,1.85,1.2360021187784243,1.005206479072133,19.72533333333333,19.37,17.38,23.35,5.970000000000002,2.5694119540229887,1.6029385371944205,19.788191933574932,0.8264937026077729,-0.04220423196955725,5.970000000000002,1.179996640338913,1.0031866939422198,10.344,10.21,9.42,11.9,2.4800000000000004,0.48141103448275874,0.6938379021664633,10.366469987416162,0.5869377629590852,-0.48995881532046015,2.4800000000000004,1.1479317467224028,1.0021722725653677,97.05166666666666,95.29499999999999,83.33,112.4,29.070000000000007,51.46322126436782,7.1737870936045915,97.30762448715586,0.46695708918911377,-0.2864850441754565,29.070000000000007,1.155099619298961,1.0026373356510023
344,1,82.52300000000001,83.37,75.38,90.11,14.730000000000004,14.937849310344836,3.8649513981866366,82.6104439523236,-0.11693309283559147,-0.3761513191688919,14.730000000000004,1.090782178243765,1.001059631282474,5.207,5.245,4.1,6.09,1.9900000000000002,0.2875665517241378,0.5362523209498844,5.2336249387972,-0.32443192651154534,-0.7424602162443095,1.9900000000000002,1.163629429165708,1.0051132972531591,21.612666666666666,21.810000000000002,18.93,25.28,6.350000000000001,2.460896091954023,1.5687243518075515,21.667630850341407,0.10914290919991168,-0.5325981580303276,6.350000000000001,1.166717310933035,1.0025431467815822,11.21766666666667,11.21,9.42,13.49,4.07,0.6822047126436782,0.8259568467200198,11.247022272583974,0.34698138130360373,1.2128175633989873,4.07,1.1994285841225338,1.0026169083811818,104.80433333333335,105.35499999999999,90.9,124.3,33.39999999999999,58.94169436781608,7.677349436349506,105.07580719017422,0.20477627769958387,0.3763348727848981,33.39999999999999,1.182955461622411,1.0025902922923753
345,0,61.84400000000001,61.795,61.15,62.88,1.730000000000004,0.20759724137931082,0.4556284027355086,61.8456224265981,0.5701425403315532,-0.2854643428504873,1.730000000000004,1.0167251542278448,1.0000262341795176,0.21633333333333338,0.22,0.16,0.3,0.13999999999999999,0.0007619540229885058,0.027603514685425583,0.21802905005220444,0.7369665057084258,1.7140325263443614,0.13999999999999999,1.3759634320663627,1.007838444000945,8.139999999999999,8.155000000000001,7.99,8.25,0.2599999999999998,0.004655172413793104,0.0682288239221013,8.14027640808345,-0.6951398060549671,-0.21167783656677797,0.2599999999999998,1.0134790990398794,1.0000339567670087,4.875333333333334,4.85,4.75,5.04,0.29000000000000004,0.005915402298850585,0.07691165255571217,4.875919742298199,0.6287548582929994,-0.34482079530042675,0.29000000000000004,1.0336511399641013,1.000120280794106,41.01733333333333,40.895,39.86,42.11,2.25,0.3781857471264366,0.6149680862666262,41.02178949452758,0.15338662905694672,-1.042837060077056,2.25,1.026527621512406,1.000108640928898
346,0,61.816,61.879999999999995,61.18,62.35,1.1700000000000017,0.10129379310344844,0.31826685831774637,61.81679200131089,-0.3706812339839234,-0.549042799281243,1.1700000000000017,1.0086256174321988,1.000012812238108,0.21733333333333335,0.22,0.19,0.28,0.09000000000000002,0.0005029885057471265,0.022427405238839522,0.21844907873461036,0.9080689672343775,0.8029919244216783,0.09000000000000002,1.2817632448803629,1.0051337978586365,8.150666666666668,8.16,7.99,8.24,0.25,0.0032064367816091867,0.0566254075624113,8.150856805677957,-1.1533461819159343,1.4560214291783957,0.25,1.0109366654877245,1.000023328031812,4.885,4.89,4.75,4.99,0.2400000000000002,0.0035844827586206944,0.0598705500110087,4.885354644240273,-0.3253773261968794,-0.4542453787283067,0.2400000000000002,1.0214202168276774,1.000072598616228,41.11366666666666,41.004999999999995,40.35,42.11,1.759999999999998,0.25800333333333303,0.5079402852042089,41.11669964868289,0.3647493700418216,-1.0464801441896174,1.759999999999998,1.0241580759108648,1.0000737706524894
347,0,62.060666666666656,62.11,61.19,63.05,1.8599999999999994,0.1544409195402297,0.39298971938236466,62.06186945299021,-0.015097361180279163,0.7396872188970547,1.8599999999999994,1.015921701291294,1.0000193808153885,0.21766666666666662,0.22,0.17,0.28,0.11000000000000001,0.00050816091954023,0.022542424881547903,0.21879213879844953,0.5629279005602976,1.334025943779804,0.11000000000000001,1.279753475319947,1.0051706223512231,8.175666666666666,8.155000000000001,8.07,8.39,0.3200000000000003,0.005652988505747126,0.07518635850835659,8.17600085616434,1.1674655162460608,1.6851172191639945,0.3200000000000003,1.0261740608398193,1.0000408761158324,4.9223333333333334,4.92,4.79,5.02,0.22999999999999954,0.0030254022988505684,0.055003657140689916,4.922630394413133,-0.18017696537421266,-0.07587564415028769,0.22999999999999954,1.0197799952028441,1.0000603496471456,40.97833333333333,40.915,39.48,41.93,2.450000000000003,0.2621247126436788,0.5119811643446259,40.981424938623114,-0.5160999821121771,1.3828439713484517,2.450000000000003,1.0231464636185186,1.0000754448763114
348,0,62.011333333333326,61.965,61.15,63.05,1.8999999999999986,0.1722188505747125,0.4149925909877338,62.01267563974321,0.26404225871905024,0.2544125893312188,1.8999999999999986,1.0167276181773388,1.0000216461465627,0.2113333333333334,0.215,0.17,0.24,0.06999999999999998,0.0004326436781609193,0.020800088417141867,0.2123205124334434,-0.5594109770189172,-0.22514841409034858,0.06999999999999998,1.130366525821349,1.0046711944800157,8.186333333333334,8.18,8.08,8.39,0.3100000000000005,0.005927471264367819,0.07699007250527706,8.186683292599838,0.8430458227110831,0.6707368605242543,0.3100000000000005,1.0248350522590688,1.0000427492080097,4.919,4.91,4.77,5.02,0.25,0.003492068965517241,0.05909373034017434,4.919343113329936,-0.21147047389002455,0.10102271480457992,0.25,1.0204614486835273,1.000069752659064,41.02700000000001,40.879999999999995,39.48,42.08,2.6000000000000014,0.4236837931034486,0.6509099731172112,41.03199105576038,-0.23816273004770733,-0.40530590359361396,2.6000000000000014,1.0255412646882143,1.000121652954405
349,0,61.80800000000001,61.805,61.15,62.56,1.4100000000000037,0.14489931034482806,0.3806564203383782,61.80913308996764,0.18864386644630216,-0.6396742446307222,1.4100000000000037,1.0121481546900104,1.000018332415992,0.2046666666666667,0.21,0.15,0.25,0.1,0.0007291954022988505,0.027003618318641124,0.2063815237208344,-0.5912223031585411,-0.12992359283161514,0.1,1.2113487462093113,1.0083787803949562,8.168,8.175,8.03,8.3,0.27000000000000135,0.004623448275862078,0.06799594308384933,8.168273583403861,0.07271271737384298,-0.686862937930576,0.27000000000000135,1.0161265921435074,1.00003349454014,4.9046666666666665,4.9,4.77,5.0,0.23000000000000043,0.0032188505747126534,0.05673491495289874,4.904983859980241,-0.20754867801902915,-0.16984327746327788,0.23000000000000043,1.0193713461108396,1.0000646717371704,41.06533333333333,41.08,39.9,42.13,2.230000000000004,0.44892229885057533,0.670016640726613,41.07061674725618,-0.12149061525952849,-1.149419781521067,2.230000000000004,1.0257941890491478,1.0001286587370415
350,0,61.87333333333333,61.83,61.16,62.56,1.4000000000000057,0.13582298850574756,0.3685417052461601,61.87439432700197,-0.02828613538625563,-0.8833218900738182,1.4000000000000057,1.011080604189427,1.0000171478343172,0.20400000000000001,0.2,0.15,0.27,0.12000000000000002,0.0009558620689655172,0.030917019082788644,0.20625227271475097,-0.11821697629620725,-0.3184104694102623,0.12000000000000002,1.3090764840851612,1.011040552523289,8.162333333333333,8.165,8.01,8.3,0.2900000000000009,0.005673678160919564,0.07532382200153923,8.162669293803345,-0.1062597395859033,-0.831877449247123,0.2900000000000009,1.0168242398722327,1.00004115985666,4.901,4.905,4.8,5.0,0.20000000000000018,0.0042506896551724295,0.06519731325117953,4.901419182236916,-0.21288130864130841,-1.377955561571877,0.20000000000000018,1.0201127090130033,1.0000855299401992,40.939,40.965,39.9,42.13,2.230000000000004,0.3128920689655179,0.5593675615956988,40.94269389443413,0.008486487306191812,-0.5697692905441123,2.230000000000004,1.0289992179954548,1.0000902292296863
351,0,61.88333333333333,61.83,61.43,62.53,1.1000000000000014,0.08094712643678185,0.2845120848694864,61.88396555920874,0.45283226939967347,-0.41075607040932693,1.1000000000000014,1.010439448004882,1.0000102164159774,0.20833333333333331,0.21,0.14,0.27,0.13,0.000841954022988506,0.029016444010052402,0.2102775943049251,-0.2582640867157222,0.16355428052244392,0.13,1.2840169723858978,1.0093324526636405,8.153,8.15,8.01,8.28,0.2699999999999996,0.005125172413793112,0.07159030949641935,8.15330382932792,-0.016058638904045127,-0.8424469294244545,0.2699999999999996,1.0155392431490589,1.000037265954608,4.874333333333334,4.87,4.79,4.99,0.20000000000000018,0.003542643678160933,0.059520111543586114,4.874684605182165,0.21673920409865213,-1.2874953749401765,0.20000000000000018,1.023655970418116,1.00007206561899,40.879,40.96,39.9,41.83,1.9299999999999997,0.23487137931034488,0.484635305472419,40.88177691017519,-0.4379453903684163,-0.24596844838394993,1.9299999999999997,1.0231942728885839,1.0000679299927884
352,0,61.84166666666667,61.805,60.88,62.53,1.6499999999999986,0.10489712643678153,0.32387825866640313,61.842486501325816,-0.6305832162565391,1.6243582973815922,1.6499999999999986,1.0111171710189797,1.0000132569948925,0.21899999999999997,0.22,0.14,0.27,0.13,0.0008162068965517242,0.02856933489865881,0.22079402165819617,-0.5196198260352394,1.0304921695380767,0.13,1.2228591968761635,1.008191879717791,8.139333333333333,8.135000000000002,8.01,8.28,0.2699999999999996,0.003668505747126432,0.06056819088536847,8.139551175177495,0.06298266127735644,0.04745082109493248,0.2699999999999996,1.0172551067988638,1.0000267640892984,4.879333333333333,4.895,4.79,4.97,0.17999999999999972,0.0021236781609195463,0.04608338269831704,4.879543694513521,-0.31439972777470765,-0.7498733294905007,0.17999999999999972,1.018537861560331,1.0000431126889304,40.775999999999996,40.8,39.8,42.35,2.5500000000000043,0.34341793103448304,0.586018712188001,40.78007045931464,0.275999694817217,0.3993057131453597,2.5500000000000043,1.0384974700387446,1.0000998248801904
353,0,61.88099999999999,61.92,60.88,62.44,1.5599999999999952,0.10946448275862032,0.33085417143905005,61.88185498727932,-0.8143373250716512,1.7036737293657565,1.5599999999999952,1.0090195262057902,1.0000138166364365,0.22766666666666663,0.23,0.17,0.28,0.11000000000000001,0.0008185057471264368,0.02860953944275295,0.22939776226749323,-0.25947694731990273,-0.3842813355166479,0.11000000000000001,1.2205873206099596,1.0076036409992384,8.145333333333333,8.145,8.01,8.27,0.2599999999999998,0.00447402298850575,0.06688813787590256,8.145598811628277,-0.3074709340228886,0.1074228454092836,0.2599999999999998,1.0152721968327403,1.0000325926863984,4.897666666666666,4.9,4.79,5.01,0.21999999999999975,0.0026874712643678205,0.051840826231531266,4.8979318764828355,-0.18325955764694382,0.029534968855392307,0.21999999999999975,1.0228807027829958,1.000054150238107,40.84966666666667,40.85,39.71,42.35,2.6400000000000006,0.46169988505747095,0.6794850145937517,40.855129135356634,0.2602472036418338,-0.3828223095645358,2.6400000000000006,1.0365895518207942,1.0001337212549257
354,0,61.991666666666674,61.955,61.36,62.55,1.1899999999999977,0.10451781609195351,0.3232921528462352,61.99248156026665,0.14152092288784912,-0.7701709265620886,1.1899999999999977,1.0089933234757082,1.0000131452119905,0.2616666666666666,0.24,0.18,0.43,0.25,0.004655747126436782,0.06823303544791762,0.27012959852633694,0.921305799559807,-0.14452761024517846,0.25,1.5918285235894878,1.0323424147503326,8.160666666666668,8.16,8.01,8.27,0.2599999999999998,0.005034022988505756,0.07095084910348681,8.160964812242893,-0.5147202492187649,-0.2210120956695767,0.2599999999999998,1.0133605756507533,1.0000365344632252,4.906999999999999,4.915,4.79,5.01,0.21999999999999975,0.003552758620689656,0.05960502177408927,4.907349929782198,-0.3599142641245311,-0.8545094474159778,0.21999999999999975,1.0209176177950607,1.0000713123664557,41.23733333333333,41.230000000000004,39.71,42.85,3.1400000000000006,0.7237374712643675,0.8507276128493582,41.24581522207233,0.05581706720874358,-0.8327441002155065,3.1400000000000006,1.0388932736397753,1.0002056847049356
355,0,62.166000000000004,62.144999999999996,61.31,63.09,1.7800000000000011,0.18336275862068968,0.4282087792428942,62.16742560752107,0.11622021979429233,-0.6046384231066906,1.7800000000000011,1.0148401575819366,1.00002293227039,0.32833333333333325,0.35,0.2,0.43,0.22999999999999998,0.004497126436781609,0.06706061762899003,0.334888040992807,-0.6013619568454943,-0.81634562536546,0.22999999999999998,1.284011213793197,1.0199635766278388,8.27,8.24,8.03,8.65,0.620000000000001,0.021813793103448307,0.1476949325584609,8.27127479090537,0.7688265250224259,0.2521905741266979,0.620000000000001,1.045788009547338,1.0001541464214474,4.9656666666666665,4.96,4.82,5.16,0.33999999999999986,0.0071426436781609265,0.08451416258924256,4.966361847469433,0.23246448357404564,-0.013645837823325735,0.33999999999999986,1.0389899404187057,1.000139997476559,42.06633333333334,42.17,39.93,44.15,4.219999999999999,1.4074447126436787,1.186357750699037,42.082501470326115,0.1359383782813226,-0.7587408059516596,4.219999999999999,1.0491296490806696,1.0003843486159028
356,1,62.38066666666667,62.355000000000004,61.31,63.6,2.289999999999999,0.2403650574712649,0.490270392203389,62.38252901788021,0.29650637312616696,0.5239224397447781,2.289999999999999,1.019516217141034,1.0000298546218414,0.34199999999999997,0.35,0.21,0.52,0.31000000000000005,0.00595448275862069,0.07716529504006765,0.35031414473298106,0.3161384543720814,-0.38952249995770494,0.31000000000000005,1.4843819692075468,1.024310364716319,8.524,8.52,8.2,8.98,0.7800000000000011,0.045617931034482744,0.21358354579527597,8.52658626493237,0.5557056685331982,-0.2961663097687288,0.7800000000000011,1.053176467226093,1.000303409776205,5.0776666666666666,5.05,4.91,5.26,0.34999999999999964,0.010287471264367812,0.10142717221912387,5.0786458168820285,0.42191329446657816,-0.7861200760818354,0.34999999999999964,1.0357091613900555,1.0001928346777447,43.19966666666665,43.23,40.65,45.84,5.190000000000005,1.8915550574712658,1.3753381611339321,43.220824880297386,-0.01842814266052278,-0.5410796678932872,5.190000000000005,1.0605998410941155,1.0004897772428198
357,1,62.90833333333333,62.705,61.61,64.66,3.049999999999997,0.6185867816091961,0.7865028808651601,62.91308584070566,0.47439560849564716,-0.7090396104604482,3.049999999999997,1.0277671033927263,1.0000755465471824,0.5506666666666666,0.52,0.21,1.03,0.8200000000000001,0.06631678160919541,0.25752044891463555,0.6060858025065429,0.16813600313498817,-1.4902295910060614,0.8200000000000001,1.6994293476935238,1.1006400771910585,8.937999999999999,8.934999999999999,8.41,9.53,1.1199999999999992,0.10996137931034482,0.3316042510438381,8.943944320041354,0.10948837026122892,-1.2015210942390298,1.1199999999999992,1.0655254168617114,1.000665061539646,5.312333333333333,5.24,5.0,5.85,0.8499999999999996,0.0541771264367816,0.23275980416897932,5.317260259444394,0.558976871791962,-0.7113535451789228,0.8499999999999996,1.100190646039822,1.000927450482097,45.53666666666667,45.760000000000005,41.75,50.26,8.509999999999998,4.389002298850577,2.094994582057571,45.58322842157336,-0.03697322476454633,-0.6524181582657,8.509999999999998,1.1025985157342046,1.0010225112709177
358,1,64.23266666666667,64.045,62.04,68.72,6.68,2.167523678160922,1.4722512279366324,64.2489746221681,0.9096410377225983,1.5373215837838652,6.68,1.0695890542086446,1.0002538888130872,0.8573333333333333,0.85,0.52,1.4,0.8799999999999999,0.025965057471264364,0.16113676635474714,0.8718486107117451,0.6799639772727735,4.146701333472068,0.8799999999999999,1.6057833697264154,1.0169307278908382,9.670666666666667,9.489999999999998,8.85,12.25,3.4000000000000004,0.45955816091954016,0.6779071919662308,9.693607859477984,1.9948212161650363,6.210926176131787,3.4000000000000004,1.2637193682249575,1.0023722452238366,5.658666666666666,5.64,5.18,6.71,1.5300000000000002,0.08598436781609196,0.29323091210868607,5.6660062360243355,1.2965699056112312,4.690828121012103,1.5300000000000002,1.1842556680114429,1.001297049250295,48.727999999999994,48.18,45.68,54.57,8.89,5.200671724137931,2.2804981307025733,48.77955821858169,1.0141697893977955,0.36794540740867854,8.89,1.118706318648301,1.0010580819771322
359,1,65.31466666666667,65.215,62.65,68.72,6.07,1.6266188505747137,1.2753896857724363,65.32670265672377,0.19685660933993576,1.1610612494392099,6.07,1.0519434963847356,1.0001842769881768,1.0426666666666666,0.99,0.8,1.4,0.5999999999999999,0.03170298850574713,0.1780533305101231,1.0572606112023657,0.5557710844456811,-0.8121266719649283,0.5999999999999999,1.32417682562472,1.0139967498743916,10.356333333333334,10.315,9.43,12.25,2.8200000000000003,0.32166540229885066,0.5671555362498463,10.37133469392119,1.1853611996160123,2.892567553360136,2.8200000000000003,1.18114016773366,1.0014485204468624,6.009666666666666,5.92,5.46,6.71,1.25,0.08971367816091957,0.29952241679199837,6.0168776509637185,0.33375438781627526,-0.3245473136937478,1.25,1.1151963508723273,1.0011998975479037,52.01999999999999,52.19,46.43,57.45,11.020000000000003,8.802420689655174,2.9668873739417836,52.10172172459051,0.14235286755143006,-0.9840811156326601,11.020000000000003,1.1026507013276925,1.0015709674085067
360,1,66.50566666666667,66.28999999999999,63.76,69.76,6.000000000000007,3.314784022988505,1.8206548335663475,66.5297526675096,0.5571855233960528,-0.862851515806637,6.000000000000007,1.0485534246404606,1.00036216464025,1.4920000000000002,1.4900000000000002,0.83,2.32,1.4899999999999998,0.15994068965517239,0.39992585519715074,1.5429430752083284,0.324039119585394,-0.8373512669571257,1.4899999999999998,1.5036199567419253,1.0341441522844024,11.257,11.129999999999999,9.91,13.62,3.709999999999999,0.8516010344827585,0.9228223201043408,11.293505360751963,1.0382720999986415,0.7432808273080318,3.709999999999999,1.2060028808533836,1.003242903149326,6.474,6.395,5.86,7.37,1.5099999999999998,0.14745931034482757,0.3840043103206363,6.484999614494977,0.5527368145910254,-0.25308430298418294,1.5099999999999998,1.1364688416521893,1.001699044562091,57.31499999999999,57.59,49.56,65.83,16.269999999999996,19.020494827586205,4.3612492278688,57.47517466988103,0.11485792921385705,-0.704686370607785,16.269999999999996,1.1453640702808892,1.0027946378763157
361,1,68.00800000000001,68.28,64.39,70.7,6.310000000000002,3.186671724137929,1.7851251284259961,68.0306439285513,-0.3936496929804933,-0.9043186862448978,6.310000000000002,1.039237554097712,1.0003329597775452,1.8810000000000002,1.835,1.56,2.72,1.1600000000000001,0.06067827586206896,0.24632960817179278,1.8965275285812928,1.5050613056491826,3.3367881532183663,1.1600000000000001,1.4342001152151533,1.0082549327917558,12.254666666666669,12.254999999999999,11.15,14.07,2.92,0.5624740229885055,0.7499826817923901,12.276831024331972,0.47432544585647335,-0.0914813373875698,2.92,1.1460612247667228,1.001808646311498,6.930666666666665,6.91,6.38,7.6,1.2199999999999998,0.11639264367816092,0.3411636611337159,6.938778951179619,0.14123262011329213,-0.5315637883958351,1.2199999999999998,1.0952935744851724,1.0011704912244546,61.51499999999999,61.195,57.73,72.38,14.649999999999999,9.409412068965512,3.067476498518858,61.58888690340166,1.5492140460741812,4.12270025057513,14.649999999999999,1.175212016958896,1.0012011201073179
362,1,69.08533333333334,68.91,65.97,71.63,5.659999999999997,2.1034188505747142,1.4503168104158188,69.10004766037912,-0.36285848093585815,-0.6001266630956819,5.659999999999997,1.0366128884896777,1.0002129877115131,2.1149999999999998,2.0,1.56,3.23,1.67,0.13806724137931037,0.3715740052523997,2.1463201066010633,1.197641195944722,1.4008153870045268,1.67,1.5049013379067042,1.014808561040692,13.116333333333333,13.22,11.9,14.96,3.0600000000000005,0.6313688505747128,0.7945872202437646,13.139578506684808,0.4978341648678841,-0.5869926137830968,3.0600000000000005,1.1385448926226247,1.0017722310618928,7.3839999999999995,7.45,6.74,8.16,1.42,0.14885241379310346,0.3858139626725599,7.393736989281311,0.04214395504894769,-0.6950888940839537,1.42,1.1036367687719404,1.001318660520221,64.816,64.075,56.35,75.62,19.270000000000003,23.382548965517234,4.835550533860363,64.99012991729334,0.6162356701055934,-0.2541052796008536,19.270000000000003,1.1635612991731863,1.002686526741751
363,1,70.34866666666667,70.24,67.91,75.53,7.6200000000000045,2.4148533333333324,1.5539798368490283,70.36525605723324,1.1708334727989194,3.234590254922871,7.6200000000000045,1.0733990641427624,1.0002358167020446,2.622666666666666,2.5949999999999998,1.93,3.43,1.5000000000000002,0.21385471264367817,0.4624442805827294,2.661786367585999,0.05942252095970864,-0.9632000695289644,1.5000000000000002,1.2886082977089937,1.0149160018756989,14.182666666666668,14.26,12.55,16.6,4.050000000000001,0.6533167816091955,0.808280138076642,14.204913703832677,0.5649057454972578,1.5518417248155592,4.050000000000001,1.168609704085784,1.0015686074903174,7.925333333333333,7.800000000000001,7.33,8.96,1.6300000000000008,0.1689774712643679,0.41106869409426927,7.935631879903032,0.8306178201026843,0.39642023182111696,1.6300000000000008,1.1290846318982082,1.001299446488438,71.04566666666666,71.17,56.35,85.27,28.919999999999995,33.07262540229885,5.750880402364394,71.27030908216034,-0.08750915052657286,0.9508397187405655,28.919999999999995,1.196430899460543,1.0031619439444162
364,1,72.33200000000001,71.87,69.29,77.59,8.299999999999997,5.077906206896554,2.253421000811112,72.36592338018404,0.7835686906845815,-0.16522288147665254,8.299999999999997,1.0721897320700322,1.0004689954678985,3.1483333333333334,3.17,2.54,3.72,1.1800000000000002,0.11874540229885062,0.34459454769170483,3.166510697913399,-0.1548572123606549,-1.0445589514409508,1.1800000000000002,1.174794704610134,1.0057736467697402,15.334666666666669,14.915,14.08,17.1,3.0200000000000014,0.8343222988505753,0.9134124472824833,15.360941160402033,0.3392233691017431,-1.366112021348563,3.0200000000000014,1.1132130395812578,1.0017134049475283,8.540666666666668,8.629999999999999,7.75,9.35,1.5999999999999996,0.23560643678160925,0.48539307450931896,8.55398971240906,-0.1263682665546386,-1.077820582382422,1.5999999999999996,1.0930571948708552,1.0015599538376072,77.75366666666666,77.49000000000001,69.82,85.27,15.450000000000003,21.666555057471278,4.65473469249014,77.88823413498773,-0.042481263662017495,-1.1816266125048889,15.450000000000003,1.0947738249171108,1.001730689677928
365,1,74.26500000000001,74.485,70.48,79.83,9.349999999999994,4.547446551724136,2.13247427926438,74.29458991070615,0.25796109023142894,0.3604085546568325,9.349999999999994,1.074506233844844,1.00039843682362,3.6013333333333337,3.61,2.92,4.47,1.5499999999999998,0.15692229885057468,0.39613419298335595,3.622332581822566,0.47576261730188324,0.026645908071154523,1.5499999999999998,1.2340114826648338,1.005830964963689,16.413,16.43,14.91,17.78,2.870000000000001,0.644049310344828,0.8025268284268309,16.431955148429537,-0.24204931388057732,-0.23613261279984998,2.870000000000001,1.0820380070048634,1.0011548862748758,9.248333333333333,9.215,8.5,10.41,1.9100000000000001,0.23195919540229878,0.481621423321574,9.260447973325409,0.45542564614621744,-0.17850615607076925,1.9100000000000001,1.1241356822030488,1.001309926832807,83.11699999999999,82.555,74.98,94.5,19.519999999999996,18.44946999999999,4.295284623863708,83.22421628748852,0.5449657010484059,0.8173795527845313,19.519999999999996,1.1354868115977275,1.0012899441448624
366,1,75.43266666666666,75.235,70.55,80.19,9.64,6.101978850574709,2.470218381150685,75.47175484908244,0.22927490263696848,-0.4827230042035353,9.64,1.062516701252706,1.0005181864057453,4.116666666666666,4.165,3.14,5.05,1.9099999999999997,0.214271264367816,0.46289444192797996,4.141747618256493,-0.0254898498583938,-0.594096979096296,1.9099999999999997,1.219292063509617,1.006092538847731,17.60666666666667,17.53,15.91,19.68,3.7699999999999996,1.0843540229885058,1.0413232077450814,17.636408931525715,0.21867513064883023,-0.6666385128841363,3.7699999999999996,1.1158734227817373,1.00168926154065,9.894333333333334,9.870000000000001,9.13,11.18,2.049999999999999,0.22833574712643667,0.4778448986087815,9.90548114261325,0.4621926235474121,0.26768260681548783,2.049999999999999,1.1286680413638654,1.0011266862459909,88.165,87.815,77.46,98.27,20.810000000000002,26.795894827586203,5.17647513541659,88.31177680996649,0.15883150917718003,-0.341231904162667,20.810000000000002,1.1127621201808915,1.0016647968010717
367,1,78.16733333333335,78.47,71.76,86.5,14.739999999999995,11.782075402298853,3.432502789845749,78.24015171253185,-0.01203364438647467,0.10745483937814493,14.739999999999995,1.1055704533628243,1.0009315704667574,4.698333333333333,4.73,3.48,5.71,2.23,0.2732212643678161,0.5227057148796214,4.726356948009745,0.009817655837665744,-0.14987192374968838,2.23,1.2081186551947718,1.0059645863092754,19.461333333333332,19.34,16.85,22.05,5.199999999999999,1.9740602298850567,1.405012537269706,19.510298647979056,0.0632978145122324,-0.9693358674092076,5.199999999999999,1.1301723462999893,1.0025160308292884,10.689666666666662,10.69,9.62,11.8,2.1800000000000015,0.4278860919540231,0.6541300267943853,10.708996062501221,0.1709044698213048,-1.0870735720629943,2.1800000000000015,1.101877331089798,1.0018082318595427,96.22633333333333,96.075,81.42,113.16,31.739999999999995,57.749348160919574,7.599299188801528,96.51596550139601,0.3878201614011667,-0.1871865349848849,31.739999999999995,1.1724485105872275,1.0030099054804404
368,0,62.291000000000004,62.355000000000004,61.9,62.73,0.8299999999999983,0.04642999999999975,0.21547621678505438,62.29136026234564,-0.07072060327681591,-0.5089772787870883,0.8299999999999983,1.0070417428003977,1.00000578353768,0.19400000000000003,0.195,0.14,0.24,0.09999999999999998,0.000576551724137931,0.02401149150173581,0.1954311472957505,-0.04419449188994415,0.18630153388400572,0.09999999999999998,1.2280539889417033,1.0073770479162396,7.984333333333333,8.0,7.87,8.04,0.16999999999999904,0.0021909195402298612,0.04680725948215577,7.984465960016779,-0.879564484832439,-0.17786777780583662,0.16999999999999904,1.0069552604095644,1.0000166108650415,4.970333333333333,4.97,4.92,5.04,0.1200000000000001,0.0014378160919540244,0.037918545488375796,4.970473149845327,0.3058283119705866,-1.2455838073210712,0.1200000000000001,1.0139879741945363,1.0000281302083016,42.87266666666665,42.86,41.31,44.11,2.799999999999997,0.4593926436781613,0.677785101398785,42.877845406068,-0.16040677513283552,-0.22246571993113307,2.799999999999997,1.028736392471755,1.0001207934986085
369,0,62.24933333333335,62.31,61.71,62.75,1.0399999999999991,0.049620229885057356,0.22275598731584603,62.249718607128386,-0.19358680859635802,0.4845274401920192,1.0399999999999991,1.0080366852102416,1.000006189203553,0.19333333333333338,0.2,0.14,0.25,0.10999999999999999,0.0006367816091954022,0.025234532077995864,0.1949187865069279,-0.1696309238034558,0.28530095717209036,0.10999999999999999,1.2825854525372513,1.00820061986342,7.976,7.98,7.84,8.05,0.21000000000000085,0.002314482758620678,0.04810907147951079,7.976140252862492,-0.8031829970720288,0.7618941383055486,0.21000000000000085,1.0092600863069079,1.0000175843608943,4.969333333333333,4.975,4.9,5.07,0.16999999999999993,0.0022340229885057473,0.04726545237809268,4.96955061683985,0.3070588263958043,-1.043422258551098,0.16999999999999993,1.0202129711325942,1.000043724880571,42.856666666666676,42.835,41.31,44.11,2.799999999999997,0.43289885057471267,0.6579504924952276,42.861548579894624,-0.031582700791630114,-0.004999361636370825,2.799999999999997,1.0291275388190475,1.0001139125743475
370,0,62.31499999999998,62.36,61.71,62.75,1.0399999999999991,0.06781206896551703,0.26040750558598924,62.31552596798544,-0.8193314304309951,0.6579395158704853,1.0399999999999991,1.0069721634418647,1.000008440471563,0.19733333333333336,0.2,0.15,0.25,0.1,0.000544367816091954,0.023331691239426987,0.1986621923433512,-0.1080295276131717,0.3800176337655228,0.1,1.2584176035262955,1.0067340828210363,7.974666666666666,7.98,7.84,8.05,0.21000000000000085,0.0023636781609195365,0.048617673339224454,7.974809924589635,-0.8933563320530373,1.1673316706517145,0.21000000000000085,1.009428447338729,1.0000179641267726,4.978333333333334,4.985,4.9,5.07,0.16999999999999993,0.0022764367816091946,0.047712019257302396,4.978554341707373,-0.22204816871897926,-0.9006233796794132,0.16999999999999993,1.0183679140602222,1.0000443940490202,42.83633333333333,42.725,41.77,44.06,2.289999999999999,0.34943091954023003,0.5911268218751624,42.84027587057145,0.4399386494924664,-0.5090647331472589,2.289999999999999,1.0284714349906048,1.000092037224742
371,0,62.184666666666665,62.2,61.68,62.72,1.0399999999999991,0.09585333333333335,0.3096018949123751,62.18541168687931,-0.012214899601296856,-1.3333243173047302,1.0399999999999991,1.0085966836693545,1.0000119807703824,0.19933333333333333,0.20500000000000002,0.11,0.24,0.13,0.0007926436781609193,0.028153928290043637,0.20124611797498107,-0.9900618358913651,2.3208139423775727,0.13,1.1925695879998879,1.0095959095734837,7.962,7.96,7.87,8.05,0.1800000000000006,0.0020786206896551648,0.045591892806234366,7.962126181701301,-0.20191335212742034,-0.4063435142729266,0.1800000000000006,1.0110364764754236,1.000015847990618,4.986000000000001,5.0,4.9,5.05,0.14999999999999947,0.0017351724137930971,0.041655400775806935,4.986168201468271,-0.5981721820427043,-0.6187339979890703,0.14999999999999947,1.0128017740181594,1.0000337347509567,42.892,42.879999999999995,41.7,44.06,2.3599999999999994,0.3283406896551726,0.5730102003063929,42.89569978447723,0.01724817702682245,0.026829348157904498,2.3599999999999994,1.0271425858855927,1.0000862581478418
372,0,62.03166666666665,62.019999999999996,61.37,62.6,1.230000000000004,0.08817988505747167,0.29695098089999916,62.032353735772425,0.02948426169465171,-0.450019409240503,1.230000000000004,1.0091508096991688,1.0000110761026213,0.19233333333333336,0.195,0.11,0.24,0.13,0.0009081609195402299,0.03013570837959894,0.1946021582614129,-0.750223962913598,0.8665670831474697,0.13,1.2332853969564064,1.0117963167837758,7.957666666666666,7.96,7.87,8.04,0.16999999999999904,0.0013840229885057394,0.03720245944162481,7.957750729111,0.054775932935197676,0.14280238769625964,0.16999999999999904,1.0103357435648386,1.0000105637051482,4.983666666666666,4.98,4.91,5.05,0.13999999999999968,0.0016171264367816005,0.040213510624933016,4.983823498747389,-0.11722962165617386,-0.9565922421050388,0.13999999999999968,1.0132782594065064,1.0000314692155823,42.828666666666656,42.85,41.7,44.32,2.6199999999999974,0.2938602298850574,0.5420887656879244,42.83198283214698,0.37666010093908187,1.4435748394921184,2.6199999999999974,1.0347407957666674,1.0000774286415715
373,0,62.158333333333324,62.21,61.37,62.6,1.230000000000004,0.09556609195402334,0.30913765858274744,62.15907643565286,-0.6919699730999542,0.05014458884788153,1.230000000000004,1.0070934703285623,1.0000119549910638,0.187,0.19,0.14,0.24,0.09999999999999998,0.0006286206896551723,0.025072309220635667,0.18861777929629717,-0.2675124398269325,-0.41601902647558964,0.09999999999999998,1.2724145141322398,1.0086512261834073,7.967666666666668,7.965,7.92,8.04,0.11999999999999922,0.0011081609195402252,0.03328905104595541,7.967733889465268,0.3688988010518242,-0.6852047294378183,0.11999999999999922,1.0090698448940771,1.000008436949161,4.973999999999999,4.975,4.85,5.05,0.20000000000000018,0.0022524137931034475,0.047459601695583664,4.974218866649651,-0.5909192129741465,0.31533826678009635,0.20000000000000018,1.0152347806523823,1.000044002141064,42.754000000000005,42.665,41.82,44.32,2.5,0.31845241379310285,0.5643158812164538,42.757599948235324,0.9084163206161403,1.3247210251747257,2.5,1.0365408735208759,1.000084201436949
374,0,62.18933333333334,62.21,61.25,62.6,1.3500000000000014,0.07593747126436778,0.2755675439241127,62.18992351391555,-1.3207467854403372,3.5651952000341502,1.3500000000000014,1.006593937778243,1.0000094900612466,0.194,0.195,0.15,0.24,0.09,0.0005213793103448275,0.022833731853221618,0.19529464918425182,-0.15938944215110673,-0.4968457596638487,0.09,1.2289123178872692,1.0066734494033598,7.973666666666666,7.97,7.92,8.04,0.11999999999999922,0.0010998850574712549,0.033164515034465,7.973733337235033,0.26805809946915077,-0.702902615063083,0.11999999999999922,1.0083106193751827,1.0000083613438027,4.971333333333333,4.975,4.85,5.05,0.20000000000000018,0.002142988505747128,0.04629242384826191,4.971541679063615,-0.8553261487326338,0.7598456695357756,0.20000000000000018,1.0157814871122959,1.0000419094267698,42.786666666666655,42.75,41.76,43.98,2.219999999999999,0.269747126436781,0.5193718575710288,42.78971371720077,0.275668702274248,0.16801292858970296,2.219999999999999,1.0278171125580762,1.0000712149548328
375,0,62.074666666666666,62.125,61.25,62.6,1.3500000000000014,0.09372229885057463,0.30614097871826085,62.0753964143605,-0.8283616468559142,0.6873916913669653,1.3500000000000014,1.0084510710513666,1.000011755966371,0.195,0.2,0.14,0.23,0.09,0.0004120689655172413,0.02029948190268021,0.196018706590298,-0.5035182495073923,0.48459813656501316,0.09,1.1733574004277403,1.0052241363605026,7.974999999999999,7.97,7.89,8.08,0.1900000000000004,0.001384482758620685,0.03720863822582983,7.975083907604567,0.5658624832505349,1.6081374361455305,0.1900000000000004,1.013155484457711,1.0000105213297263,4.980999999999999,4.985,4.88,5.05,0.16999999999999993,0.0013610344827586227,0.036892200839183105,4.9811320667762535,-0.4778598767059938,0.728515162579348,0.16999999999999993,1.0138257593455693,1.0000265141088647,42.79266666666667,42.87,41.76,43.72,1.9600000000000009,0.29818574712643675,0.5460638672595329,42.796034473612934,-0.3466789440094353,-0.8481039588016195,1.9600000000000009,1.0215899799537913,1.0000787005627039
376,0,62.240666666666655,62.29,61.43,62.95,1.5200000000000031,0.11615816091954037,0.34081983645254627,62.2415686927421,-0.1345566731375852,0.3304624183137115,1.5200000000000031,1.0113819642103672,1.0000144925516348,0.24566666666666664,0.21,0.14,0.42,0.27999999999999997,0.005715057471264367,0.0755979991220956,0.25666450215537534,0.923717582071312,-0.27765202523134747,0.27999999999999997,1.6363774361978085,1.0447673086378915,7.999666666666667,7.98,7.89,8.11,0.21999999999999975,0.0031136781609195237,0.055800341942675614,7.999854790348801,0.4923358941817862,-0.29231378828375476,0.21999999999999975,1.0137684011194903,1.0000235164401183,4.981999999999999,4.985,4.91,5.05,0.13999999999999968,0.001278620689655172,0.03575780599610625,4.982124045023368,-0.34482252878487607,-0.10842512837677765,0.13999999999999968,1.0136238990364828,1.0000248986397768,42.974,43.15,41.44,44.54,3.1000000000000014,0.5537765517241384,0.7441616435453647,42.98022793486946,0.06853786232596228,-0.13059850855975697,3.1000000000000014,1.0362904558694792,1.0001449233226942
377,0,62.553666666666665,62.545,61.93,63.27,1.3400000000000034,0.1258722988505749,0.3547848627697846,62.55463923643074,0.25471341646756646,-0.8650264915639752,1.3400000000000034,1.0114357747451073,1.000015547765877,0.29366666666666663,0.3,0.16,0.42,0.26,0.00497574712643678,0.07053897593839012,0.30174492539229225,-0.09407842747983765,-1.0150710042955426,0.26,1.3919041039512654,1.0275082589975901,8.075,8.06,7.94,8.26,0.3199999999999994,0.006129310344827581,0.0782899121523813,8.075366864731286,0.42014747900601845,-0.20590442241529416,0.3199999999999994,1.0228637458039322,1.0000454321648653,5.009666666666666,5.0,4.91,5.15,0.2400000000000002,0.003858505747126436,0.06211687167852577,5.010038922004498,0.6626643645256038,0.32122202700163704,0.2400000000000002,1.0279361258813342,1.0000743074065803,43.26400000000001,43.265,41.44,44.78,3.3400000000000034,0.7323420689655177,0.855769869161983,43.272180747758334,-0.16829491668710092,-0.2931576979661159,3.3400000000000034,1.034845002636475,1.0001890890291771
378,1,62.635000000000005,62.68,61.86,63.27,1.4100000000000037,0.1443706896551726,0.3799614317995612,62.63611405038896,-0.530897473116926,-0.5302207188843768,1.4100000000000037,1.0101201353120517,1.000017786387626,0.25400000000000006,0.24,0.12,0.39,0.27,0.007031724137931034,0.08385537632096725,0.2670455641521374,0.1397912039938035,-1.1420589540462969,0.27,1.4604249324950955,1.0513604887879424,8.183666666666667,8.18,8.02,8.38,0.3600000000000012,0.008837816091954042,0.09400965956727023,8.184188617898132,0.07035986940137173,-0.6807879164056949,0.3600000000000012,1.0239255705414274,1.0000637796299292,5.087000000000001,5.07,4.94,5.36,0.41999999999999993,0.008814827586206902,0.0938873132335083,5.087837458095532,1.0009863093411673,1.2180614186993708,0.41999999999999993,1.0534927745129548,1.0001646271074367,43.49966666666666,43.425,41.48,45.75,4.270000000000003,1.097610229885057,1.047668950520658,43.51186072019138,0.2343532672823263,-0.05055860288518099,4.270000000000003,1.0514374527488324,1.0002803252176196
379,1,63.07833333333334,62.92,61.86,64.41,2.549999999999997,0.42970402298850596,0.6555181332263097,63.0816258245352,0.3260083669829548,-0.42612548017860696,2.549999999999997,1.0210580205900168,1.000052196864246,0.39933333333333343,0.405,0.12,0.71,0.59,0.04030988505747126,0.20077321797857217,0.4454585652261424,0.03438406127491731,-1.5713021771982216,0.59,1.5938631680357518,1.1155055890471008,8.407333333333332,8.365,8.13,8.86,0.7299999999999986,0.04206850574712641,0.20510608412996043,8.409751482653931,0.6845212902025684,-0.47165732423404894,0.7299999999999986,1.053538861198783,1.0002876238189595,5.203,5.19,4.98,5.44,0.45999999999999996,0.014014827586206901,0.11838423706814562,5.204301746312051,0.11620218491661154,-0.7529482151963447,0.45999999999999996,1.0452891214186366,1.0002501914879975,45.12666666666666,45.11,41.84,48.1,6.259999999999998,3.4553954022988536,1.858869388176279,45.16366083479062,-0.04652841712435701,-1.1792542532682702,6.259999999999998,1.06501552599889,1.0008197850817837
380,1,64.29266666666666,63.894999999999996,62.75,68.8,6.049999999999997,1.8840409195402281,1.37260370083292,64.30682877165276,2.1203591428607904,5.30921890382772,6.049999999999997,1.0698708257610097,1.000220275588498,0.626,0.59,0.42,1.26,0.8400000000000001,0.0331696551724138,0.18212538310848875,0.6511067500802,2.540499977289646,7.279869835578143,0.8400000000000001,1.9351665450324385,1.0401066295210863,8.945,8.785,8.35,11.69,3.34,0.5253982758620689,0.7248436216606096,8.97334441554541,2.830891850247358,8.625171802232575,3.34,1.302747276672927,1.0031687440520303,5.4639999999999995,5.405,5.16,6.57,1.4100000000000001,0.09489379310344827,0.30804836163084565,5.472387656833776,2.2927796952190436,6.338200966533744,1.4100000000000001,1.2005728416910586,1.0015350762872943,47.48766666666667,47.03,44.68,55.31,10.630000000000003,5.629618505747129,2.3726817118499333,47.54493085492922,2.0702266787202657,4.9773937560646875,10.630000000000003,1.1633206528107873,1.0012058749625352
381,1,65.82600000000001,64.995,63.54,69.83,6.289999999999999,4.2054455172413805,2.050718292999158,65.85687162324065,0.9604162421703275,-0.7372950987191094,6.289999999999999,1.0603297465978818,1.0004689882909585,0.8510000000000002,0.67,0.46,1.56,1.1,0.12165758620689657,0.3487944755968715,0.9174984105344997,0.7797290762097181,-0.8565895485269368,1.1,1.7002754250998684,1.078141492990011,9.796333333333333,9.245000000000001,8.56,11.81,3.25,1.2633688505747125,1.1239968196461734,9.858468609948167,0.9739500145463773,-0.775568824640803,3.25,1.197954821105029,1.006342707470295,5.868333333333335,5.62,5.3,6.8,1.5,0.23433850574712645,0.48408522570630724,5.887602511492546,0.9882846467530424,-0.7196917885896426,1.5,1.1549692742888913,1.0032835861674316,50.296,48.75,45.5,58.86,13.36,17.125348965517244,4.138278502652672,50.46030241685042,0.8402953371716881,-0.7102465124889128,13.36,1.1664614990564273,1.0032667094172583
382,1,66.23033333333335,65.595,63.05,69.83,6.780000000000001,3.917237816091958,1.979201307621829,66.25891424304103,0.5173886392451699,-0.9943434751982752,6.780000000000001,1.0538959292912655,1.0004315380622326,1.1593333333333333,1.2349999999999999,0.53,1.77,1.24,0.10631678160919542,0.32606254248103295,1.2028410812184072,-0.27900687995625595,-0.510971499209111,1.24,1.4715160860710663,1.0375282471694138,10.204333333333334,9.855,8.98,12.18,3.1999999999999993,0.9721909195402304,0.9859974236985766,10.250278207606529,0.8103024094784689,-0.8349565010051876,3.1999999999999993,1.1882604309180078,1.0045024866174366,6.030333333333334,5.875,5.52,6.8,1.2800000000000002,0.19314816091954032,0.4394862465647137,6.045794406031353,0.7049424648040893,-1.0786557820625575,1.2800000000000002,1.1247487994656653,1.0025638835937238,53.27066666666666,53.38,46.46,60.35,13.89,14.6939167816092,3.833264507128252,53.403820525002395,-0.026542551526851792,-0.9885287913954199,13.89,1.130068961484611,1.0024995718407077
383,1,66.70233333333334,66.65,63.05,73.15,10.100000000000009,4.185673678160927,2.045891902853356,66.73265634854748,1.150933415706508,2.9182001604293397,10.100000000000009,1.0961649663387363,1.0004546020161333,1.2863333333333338,1.26,0.82,1.87,1.0500000000000003,0.057375747126436775,0.23953235089740338,1.307714290916279,0.48837065156738035,0.3924598004842208,1.0500000000000003,1.4299759611021325,1.0166216306682654,10.403333333333334,10.2,9.47,12.99,3.5199999999999996,0.8120781609195403,0.9011537942657404,10.440993886279855,1.7268345821035123,2.5839118260385403,3.5199999999999996,1.2441344321702654,1.0036200467426968,6.113999999999999,6.074999999999999,5.57,7.26,1.6899999999999995,0.13936275862068964,0.37331321784888577,6.125007210880109,1.2800434027014564,2.166836776507216,1.6899999999999995,1.1853047270056687,1.00180032889763,54.78666666666666,54.285,49.39,62.44,13.049999999999997,9.960457471264363,3.156019244438215,54.87446844085751,0.7477466333347654,0.4412135185673005,13.049999999999997,1.137869792165667,1.0016026120867154
384,1,68.08500000000001,67.53,65.43,73.15,7.719999999999999,3.387129310344829,1.840415526544163,68.1090408829841,0.848595263813309,0.5726692727375529,7.719999999999999,1.074013068627359,1.0003531010205493,1.4149999999999998,1.415,0.82,1.93,1.1099999999999999,0.07828103448275862,0.2797874809257173,1.4414911261144365,0.03640086518305906,-0.48794907088640116,1.1099999999999999,1.3388913500996342,1.0187216438971285,10.775333333333332,10.704999999999998,9.87,12.99,3.120000000000001,0.48974298850574727,0.6998163962824444,10.797278669491988,1.7505983709395674,4.102449244115461,3.120000000000001,1.2030809241502314,1.0020366271260275,6.380666666666667,6.335,5.79,7.26,1.4699999999999998,0.09115126436781607,0.30191267672593025,6.387567612166621,0.7493540551062339,1.2548794107446923,1.4699999999999998,1.1365828811223269,1.001081539886107,56.12066666666667,55.760000000000005,50.42,62.44,12.019999999999996,7.815192643678157,2.7955666051228607,56.1879338767082,0.29992696247945133,0.28832876757660664,12.019999999999996,1.1112706179410432,1.001198617444106
385,1,69.06333333333333,69.055,65.61,75.58,9.969999999999999,3.847478160919539,1.9614989576646578,69.09025430550969,1.2954016034744897,3.2023220566393364,9.969999999999999,1.0939314199914991,1.0003898012284815,1.8003333333333336,1.835,1.06,2.88,1.8199999999999998,0.1371067816091954,0.3702793291681233,1.8367734391227097,0.5946814613611533,1.7238722334257766,1.8199999999999998,1.5679669243124301,1.0202407549283703,11.324333333333332,11.190000000000001,10.2,14.21,4.010000000000002,0.6210736781609196,0.7880822788014711,11.35081039691293,2.2410006436718786,6.534001022552669,4.010000000000002,1.2518929929324414,1.00233806819353,6.668666666666668,6.615,6.32,7.97,1.6499999999999995,0.11071540229885055,0.3327392406958496,6.67668630384864,2.3683691644167535,7.677611378558559,1.6499999999999995,1.1937059249594901,1.0012025848018553,59.96,59.175,54.85,71.2,16.35,17.08336551724138,4.133202815885204,60.097550033258436,1.085387002454554,1.0661017318987698,16.35,1.1847404754536148,1.0022940299075789
386,1,70.705,69.845,66.94,76.83,9.89,7.608074137931034,2.758273760512367,70.75698903053087,0.7406412122028889,-0.3349562633955445,9.89,1.0858291322550297,1.000735294965432,2.1286666666666663,2.075,1.81,2.98,1.17,0.08200505747126434,0.2863652518572467,2.1472059364051073,1.5284741464309493,2.5226108083455534,1.17,1.3878501123134803,1.008709334358804,12.291666666666668,11.99,10.96,14.52,3.5599999999999987,1.0829660919540227,1.040656567727328,12.33417758371699,0.9041157091158626,-0.288889798804981,3.5599999999999987,1.177216713594965,1.0034585152854498,7.109333333333334,6.984999999999999,6.39,8.58,2.1900000000000004,0.2684960919540231,0.5181660852989349,7.12756386619346,0.9863470037322823,0.6356277768301455,2.1900000000000004,1.2037773580248852,1.0025643097608956,63.943000000000005,62.915,56.98,73.68,16.70000000000001,17.653380344827596,4.201592596245809,64.07629970069537,0.5551775250088955,-0.4766319828152077,16.70000000000001,1.1498791338476808,1.0020846644776655
387,1,72.45133333333334,72.66999999999999,68.54,76.83,8.289999999999992,5.814398160919542,2.411306318351018,72.4901116474976,0.08235124209637232,-0.7331833265532861,8.289999999999992,1.059868694555283,1.0005352325813777,2.365666666666667,2.295,1.84,2.98,1.14,0.09436333333333334,0.30718615420186723,2.3848682702964257,0.4175030824738196,-0.8008060523426588,1.14,1.2495449065744846,1.0081167832731122,13.022333333333334,12.98,11.74,15.12,3.379999999999999,0.8287426436781608,0.9103530324429973,13.053056474762274,0.8420099271569678,0.009704638882149563,3.379999999999999,1.1583493896034316,1.0023592654743598,7.497666666666666,7.575,6.65,8.58,1.9299999999999997,0.1757150574712644,0.4191837991517139,7.508985506267363,0.33949619466895403,0.3000712795209588,1.9299999999999997,1.1426310508708155,1.0015096482817807,66.72433333333332,66.57,56.98,74.36,17.380000000000003,20.94643919540231,4.576728001028934,66.87589164514618,-0.1719484814905037,-0.6713604275159595,17.380000000000003,1.1119104085305607,1.0022714099076229
388,1,73.11466666666666,72.685,69.47,76.82,7.349999999999994,3.3730878160919557,1.8365968028100113,73.13696147183948,0.2743594045023816,-0.519863238026375,7.349999999999994,1.0503581014857806,1.000304929314312,2.7696666666666667,2.775,2.2,3.86,1.6599999999999997,0.15618264367816093,0.3951994985803511,2.7967892305284643,0.6951560359951849,0.8498804304149887,1.6599999999999997,1.3801540558959595,1.009792717726007,13.543333333333333,13.39,12.32,16.32,4.0,0.8035747126436784,0.8964232887669075,13.571980941139973,1.1171391743728074,1.9784083678932607,4.0,1.2024773738467398,1.0021152553142978,7.698333333333335,7.68,7.09,8.82,1.7300000000000004,0.15094540229885064,0.38851692665680687,7.707804486363156,0.574689394771838,0.9485244932510497,1.7300000000000004,1.1442947230439704,1.0012302861697104,71.30966666666667,72.265,59.96,83.42,23.46,21.900672298850584,4.679815412903652,71.45795414087924,-0.004733536932281926,1.08043635299813,23.46,1.1673997807932985,1.0020794862904876
389,1,74.88400000000001,74.80000000000001,70.7,81.46,10.759999999999991,8.279135172413788,2.8773486358823095,74.93741802330796,0.5609283563121916,-0.39941978155400815,10.759999999999991,1.087040388483405,1.0007133436155646,3.064333333333333,3.04,2.1,4.35,2.2499999999999996,0.24750816091954012,0.49750192051844394,3.103126917589203,0.6314151653425794,0.5788777492262724,2.2499999999999996,1.4018118225662144,1.0126597142138158,14.520333333333335,14.26,12.47,17.57,5.1,1.4517412643678163,1.2048822616205355,14.568576800772268,0.9582026510328988,0.5518040392656163,5.1,1.206020343666557,1.003322476580354,8.149999999999999,8.09,7.09,9.47,2.380000000000001,0.3505310344827586,0.5920566142547168,8.170761694399529,0.31661595915201907,-0.38082530993881125,2.380000000000001,1.1590106717334574,1.0025474471655864,76.02566666666667,74.62,70.37,92.07,21.69999999999999,29.182901264367814,5.402120071265338,76.21097119181725,1.5759343489909197,2.3422618074437054,21.69999999999999,1.2080937765281428,1.0024373942811058
390,1,77.34433333333332,77.59,70.95,81.56,10.61,5.700928850574706,2.3876617956852066,77.37995087014895,-0.5844761618391571,0.7613875223812467,10.61,1.0540197956039747,1.0004605060937317,3.439666666666667,3.38,2.1,4.57,2.47,0.4316033333333333,0.6569652451487318,3.4997890412613923,-0.19195807407301146,-0.7333873181802799,2.47,1.305792990983503,1.0174791281891826,15.396333333333335,15.18,13.49,17.88,4.389999999999999,1.2558998850574712,1.120669391505573,15.435709140388292,0.7052527663894166,-0.25212603396984257,4.389999999999999,1.158353000654573,1.0025574795116776,8.740999999999998,8.74,7.72,10.16,2.4400000000000004,0.29190586206896557,0.5402831313940549,8.757126050632518,0.11847523626921509,0.4887412142486989,2.4400000000000004,1.1601979851901474,1.0018448748006543,80.21066666666665,78.75,70.55,92.07,21.519999999999996,34.311689195402295,5.857618047927186,80.41715621267227,0.2801132818679148,-0.6717731128379496,21.519999999999996,1.1449049473536526,1.0025743402291334
391,0,61.668333333333344,61.620000000000005,61.04,62.26,1.2199999999999989,0.09397298850574712,0.30655014028009697,61.66906985407407,-0.41862499772969347,-0.2634797721570199,1.2199999999999989,1.009582277587845,1.0000119432567887,0.2166666666666667,0.21,0.17,0.27,0.1,0.0006643678160919539,0.025775333481682712,0.21814368353602784,0.3835569177480387,-0.5423546174016125,0.1,1.2377163327555518,1.0068170009355129,7.865,7.86,7.76,8.0,0.2400000000000002,0.0036741379310344918,0.060614667622898764,7.865225786121252,0.4523943571404751,-0.3589077771081093,0.2400000000000002,1.0171354539009632,1.0000287077077243,5.009333333333332,5.015,4.89,5.12,0.23000000000000043,0.00392367816091954,0.06263927011803011,5.009711901230782,-0.23847492872706272,-0.7817549108648687,0.23000000000000043,1.022014858527518,1.000075572510803,42.407,42.43,41.15,43.49,2.3400000000000034,0.3300424137931035,0.5744931799361098,42.41076148809403,-0.22877662930059994,-0.4920999972187614,2.3400000000000034,1.0254472797478287,1.0000886996980223
392,0,61.59766666666666,61.650000000000006,60.86,62.35,1.490000000000002,0.13427367816091937,0.3664337295622762,61.59872025185805,-0.3176606893745576,-0.6102836573519905,1.490000000000002,1.0121963531883489,1.0000171043035946,0.21366666666666667,0.21,0.16,0.3,0.13999999999999999,0.0009067816091954024,0.030112814700645345,0.2157081361469706,0.6687513666289466,1.3621639501657352,0.13999999999999999,1.3907681247386885,1.0095544593461963,7.8836666666666675,7.87,7.81,8.0,0.1900000000000004,0.0032860919540230052,0.05732444464644211,7.883868128442196,0.4470325048179953,-0.9821799304505716,0.1900000000000004,1.014730316345455,1.0000255543244085,5.010666666666666,5.025,4.89,5.13,0.2400000000000002,0.004261609195402304,0.06528100179533326,5.011077728393364,-0.35447288326107235,-0.8266450230430253,0.2400000000000002,1.0237318752676312,1.0000820373323638,42.48433333333333,42.45,40.91,43.51,2.6000000000000014,0.4053978160919545,0.6367085801934466,42.488945189700026,-0.3006715626568832,-0.12641175590344922,2.6000000000000014,1.0240310698639676,1.0001085542835404
393,0,61.578,61.59,60.86,62.35,1.490000000000002,0.1291475862068964,0.35937109817971785,61.57901368702382,-0.04833411991485767,-0.14716007075992144,1.490000000000002,1.0125202770686574,1.0000164618374066,0.20700000000000002,0.21,0.16,0.3,0.13999999999999999,0.0009458620689655171,0.03075487065434542,0.20919687696840344,0.8518024141132092,1.48634891445976,0.13999999999999999,1.434055825055702,1.0106129322145092,7.865666666666666,7.86,7.73,8.01,0.27999999999999936,0.004701264367816094,0.06856576673396203,7.865955546954653,-0.0903378707034768,-0.12511868790185066,0.27999999999999936,1.0183123909340062,1.00003672673916,5.004666666666665,4.99,4.89,5.13,0.2400000000000002,0.004805057471264368,0.0693185218485245,5.005130700924136,0.3851317230523046,-1.0971813697165642,0.2400000000000002,1.0249482594036572,1.0000927203125358,42.32833333333334,42.34,40.91,43.51,2.6000000000000014,0.3888695402298862,0.6235940508294529,42.33277347398821,0.02733893259521989,-0.259885680203797,2.6000000000000014,1.0278088683874007,1.0001048976018003
394,0,61.563,61.53,60.9,62.15,1.25,0.10336655172413786,0.3215066900145903,61.56381152917678,-0.05318296606679371,-0.6620316761494678,1.25,1.0095216403315999,1.0000131820927631,0.20299999999999996,0.2,0.14,0.25,0.10999999999999999,0.0009941379310344828,0.03152995291836768,0.20535335400231475,-0.17595308475203744,-0.8692533290566269,0.10999999999999999,1.2174137657239432,1.0115928768586935,7.835666666666666,7.835,7.7,8.01,0.3099999999999996,0.005294367816091941,0.0727624066128378,7.835993236342155,0.002821330239777012,-0.3059550555217121,0.3099999999999996,1.0222060890572018,1.000041677331283,4.9896666666666665,4.970000000000001,4.8,5.13,0.33000000000000007,0.004692988505747125,0.06850539034081278,4.990121241012086,-0.012744747575377061,1.0402897489787994,0.33000000000000007,1.0280311343616861,1.000091103148925,42.28566666666667,42.345,41.3,43.14,1.8400000000000034,0.27381850574712713,0.5232767009404558,42.28879634923021,-0.18294131219954912,-1.0065631225346385,1.8400000000000034,1.0201283489778323,1.0000740128466747
395,0,61.51733333333334,61.510000000000005,60.85,61.96,1.1099999999999994,0.09999264367816077,0.3162161344368133,61.51811895693821,-0.34681371969161884,-0.9535119475556448,1.1099999999999994,1.0071829413927806,1.0000127707682096,0.20833333333333334,0.215,0.14,0.25,0.10999999999999999,0.0008695402298850573,0.029487967544153622,0.21034099299312375,-0.6725752441675245,-0.0408391491784621,0.10999999999999999,1.1885462574010608,1.009636766366994,7.841666666666667,7.87,7.69,7.94,0.25,0.005517816091954019,0.07428200382295849,7.8420067584770665,-0.8207387585550522,-0.3740223443371291,0.25,1.0124959394375688,1.0000433698376705,4.9860000000000015,4.99,4.8,5.08,0.28000000000000025,0.003652413793103442,0.0604352032602145,4.986354045459133,-0.735962490870795,1.6623732366586657,0.28000000000000025,1.0187804463315528,1.0000710079139854,42.30533333333334,42.379999999999995,41.3,43.26,1.9600000000000009,0.3350671264367811,0.5788498306441673,42.309161261677914,-0.20665955065918265,-1.1303056394271171,1.9600000000000009,1.022473589879063,1.0000904833514588
396,0,61.62433333333333,61.625,60.85,62.49,1.6400000000000006,0.13968057471264406,0.3737386449280353,61.62542886936637,0.05996718982886465,-0.20452879968019078,1.6400000000000006,1.0140294541798054,1.000017777653303,0.21566666666666665,0.22,0.16,0.27,0.11000000000000001,0.0006943678160919539,0.026350859873862823,0.21721724916160165,-0.08638616411303839,-0.2431211114525338,0.11000000000000001,1.2429952089077878,1.0071897179054172,7.859333333333334,7.87,7.69,7.97,0.27999999999999936,0.005240919540229884,0.07239419548713753,7.859655632829384,-0.8014100055463589,0.33513388187751403,0.27999999999999936,1.0140393386587718,1.0000410085031872,5.011666666666667,5.015,4.9,5.14,0.23999999999999932,0.00390402298850574,0.062482181368016754,5.012043162889428,0.10311029916141755,-0.9006316300098551,0.23999999999999932,1.0255298753326787,1.0000751239553232,42.19166666666668,42.17,40.45,43.27,2.8200000000000003,0.49674540229885006,0.7048016758626855,42.19735682875567,-0.28984052090636936,-0.4567538333265224,2.8200000000000003,1.0254196767725834,1.0001348645962236
397,0,61.714666666666666,61.715,61.11,62.49,1.3800000000000026,0.11466712643678198,0.33862534818997525,61.715564703457645,0.26307343118769616,-0.40824998062484763,1.3800000000000026,1.0125484600240395,1.0000145514322525,0.21266666666666664,0.215,0.16,0.27,0.11000000000000001,0.0009167816091954021,0.03027840169486167,0.21474015305325023,0.03824895450032278,-0.8825737493322485,0.11000000000000001,1.257333554815185,1.00974993598707,7.8500000000000005,7.85,7.74,7.97,0.22999999999999954,0.003958620689655176,0.06291757059562278,7.850243732946555,0.0685316780205388,-0.7325951626507727,0.22999999999999954,1.0152551017684766,1.0000310487830006,5.011333333333332,5.005,4.85,5.14,0.29000000000000004,0.004356781609195403,0.06600592101618917,5.011753518812885,-0.2432608189979174,-0.17119891835911627,0.29000000000000004,1.0255891437409501,1.0000838470426139,42.212666666666664,42.29,40.45,43.32,2.8699999999999974,0.4734064367816095,0.6880453740718045,42.21808680332795,-0.35772301137697465,-0.12700715438275623,2.8699999999999974,1.0261005005225672,1.000128400716877
398,0,61.598333333333336,61.575,61.02,62.3,1.279999999999994,0.10614540229885015,0.3257996352036788,61.59916620106693,0.1318773280224046,-0.5302734189017939,1.279999999999994,1.0113773260606396,1.0000135209459173,0.21566666666666673,0.21,0.17,0.28,0.11000000000000001,0.0006598850574712644,0.02568822799399103,0.21714050750608466,0.34919939924086346,0.29243278094694514,0.11000000000000001,1.2894876373638113,1.0068338833357864,7.832666666666666,7.835,7.73,8.0,0.2699999999999996,0.003840919540229881,0.061975152603522335,7.832903676159945,0.5137889045296269,0.5955506038447922,0.2699999999999996,1.0213326156874143,1.0000302591063,4.991666666666668,4.995,4.85,5.08,0.23000000000000043,0.002869540229885056,0.053568089660590436,4.991944510909551,-0.4247544258537811,0.4930063428963156,0.23000000000000043,1.0176395168051267,1.00005566161794,42.27866666666667,42.260000000000005,41.17,43.91,2.739999999999995,0.4136326436781605,0.6431427863842993,42.28339508601455,0.4321258373584958,0.033043744283090426,2.739999999999995,1.0384691179758991,1.000111839367716
399,0,61.66100000000001,61.625,60.74,62.55,1.8099999999999952,0.1788162068965508,0.4228666538006406,61.66240164530301,-0.052380068279701396,-0.39154192245662767,1.8099999999999952,1.0143944823914364,1.00002273147213,0.2176666666666667,0.21,0.17,0.28,0.11000000000000001,0.0006874712643678163,0.026219673231522477,0.21918789504289085,0.715206399400142,0.02799052438437144,0.11000000000000001,1.2774428074379263,1.0069887980530972,7.855333333333332,7.85,7.73,8.0,0.2699999999999996,0.0038671264367816085,0.06218622385047679,7.855571271397135,0.041342806244432616,0.15115501567747058,0.2699999999999996,1.0183855156567343,1.0000302900021816,4.998666666666668,4.995,4.82,5.11,0.29000000000000004,0.004129195402298843,0.06425881575549648,4.999065912748101,-0.3214993789512551,0.8502963328430471,0.29000000000000004,1.0221909631095294,1.0000798705150906,42.26966666666667,42.245000000000005,41.17,43.91,2.739999999999995,0.4204998850574707,0.648459624847585,42.274474607419236,0.41695454250284725,-0.040785044963872696,2.739999999999995,1.038688248825539,1.000113744468119
400,0,61.755,61.790000000000006,60.74,62.55,1.8099999999999952,0.14830862068965464,0.38510858298622047,61.7561607453054,-0.46276221348677815,0.49779249674708703,1.8099999999999952,1.0128544139582858,1.0000187959728832,0.21500000000000002,0.21,0.17,0.27,0.1,0.000632758620689655,0.025154693810294233,0.21641780579856795,0.3063952658318869,-0.40271326997043166,0.1,1.2475868101689562,1.0065944455747347,7.876,7.88,7.79,7.96,0.16999999999999993,0.0018179310344827657,0.04263720247017581,7.87611156176278,-0.1951593614655931,-0.4639739007766268,0.16999999999999993,1.0106509966979753,1.00001416477435,5.015000000000001,5.015,4.82,5.13,0.3099999999999996,0.005039655172413785,0.07099052875147349,5.015485686019517,-0.47182956543593013,0.5590934970149282,0.3099999999999996,1.0228321484995337,1.0000968466639115,42.44733333333333,42.445,41.43,44.03,2.6000000000000014,0.4178271264367815,0.6463954876364636,42.45209072197348,0.2689817464485462,-0.3772004041552859,2.6000000000000014,1.0371691770933154,1.000112077444366
401,0,61.657999999999994,61.69,61.01,62.14,1.1300000000000026,0.11657517241379317,0.3414310653906483,61.65891381895511,-0.35280550101093555,-1.0699532614437703,1.1300000000000026,1.0078023784599495,1.0000148207686774,0.25799999999999995,0.24,0.17,0.39,0.22,0.0038372413793103443,0.06194547101532399,0.2650911792823996,0.9207584894746464,-0.4166090567909304,0.22,1.4711919161389222,1.027485191017053,7.8759999999999994,7.865,7.73,8.1,0.3699999999999992,0.006273103448275852,0.0792029257557816,7.876384957580475,1.211401839077163,3.016500562110169,0.3699999999999992,1.0283905679602812,1.000048877295642,5.016333333333334,5.025,4.9,5.13,0.22999999999999954,0.003761954022988498,0.061334770098113986,5.016695791720548,0.05612874550981457,-0.8588438858346508,0.22999999999999954,1.0225854253443964,1.0000722556423445,42.61333333333335,42.69,41.58,44.03,2.450000000000003,0.3179057471264367,0.5638313108780291,42.616938964062946,0.046104704433945716,0.052736754864746604,2.450000000000003,1.0331572625882077,1.0000846127361451
402,0,61.89399999999999,61.875,61.01,63.28,2.270000000000003,0.27981103448275857,0.5289716764466303,61.89618501975707,0.5501290167134448,0.4486023420134688,2.270000000000003,1.0223570318558604,1.000035302610222,0.32099999999999995,0.34,0.22,0.4,0.18000000000000002,0.003278275862068965,0.05725622989744404,0.32589875728514217,-0.4145766498582241,-1.3599717343543258,0.18000000000000002,1.2273750392058833,1.0152609261219383,7.968666666666667,7.99,7.73,8.25,0.5199999999999996,0.0177016091954023,0.1330473945457118,7.96974027180309,0.09643654827057224,-0.7930400740523629,0.5199999999999996,1.0351654782513386,1.0001347283280042,5.059,5.055,4.93,5.24,0.3100000000000005,0.008216206896551738,0.09064329482400636,5.05978490978948,0.24009835229232834,-1.0084855823574417,0.3100000000000005,1.0356171444880684,1.0001551511740423,42.829,42.86,41.58,44.38,2.8000000000000043,0.4297058620689659,0.6555195359933721,42.83384903710304,0.3952272235497822,0.054282554052100807,2.8000000000000043,1.0360964750461177,1.000113218545916
403,1,62.30733333333333,62.22,61.1,63.73,2.6299999999999955,0.3410340229885057,0.5839811837623757,62.30997876209984,0.4775447379085808,0.19890990700481748,2.6299999999999955,1.0227896280196438,1.0000424577433342,0.31266666666666676,0.335,0.17,0.47,0.29999999999999993,0.005896091954022988,0.07678601405218914,0.32165198584805904,-0.07674678796836999,-1.0112701780281972,0.29999999999999993,1.4612065856233112,1.0287376946099966,8.216666666666667,8.155000000000001,7.93,8.63,0.7000000000000011,0.04247126436781606,0.2060855753511537,8.219164596640383,0.57418262120502,-0.8201497281999512,0.7000000000000011,1.0499850560880055,1.0003040077047118,5.1693333333333324,5.19,4.95,5.43,0.47999999999999954,0.009040919540229885,0.09508375013760177,5.170178591370579,0.06216263197341786,1.4099075359034128,0.47999999999999954,1.0502538556527008,1.0001635139355003,43.434999999999995,43.45,41.44,46.38,4.940000000000005,1.061556896551726,1.030318832474553,43.44681112195309,0.5797159820151396,1.1952039088474322,4.940000000000005,1.067512178737666,1.000271926371661
404,1,62.748666666666665,62.475,61.1,67.02,5.919999999999995,1.255425747126436,1.1204578292494707,62.75833607311993,1.9051265261394907,6.395090755388221,5.919999999999995,1.0679059419598822,1.0001540974010592,0.502,0.43999999999999995,0.17,1.34,1.1700000000000002,0.07491310344827587,0.2737025821001254,0.5695787917400015,0.9680964130521543,1.2400593575438013,1.1700000000000002,2.3526156862449974,1.1346191070517957,8.624666666666666,8.55,8.09,10.91,2.8200000000000003,0.2448050574712644,0.49477778595169813,8.638374847157305,3.5141262762828482,16.174202900851167,2.8200000000000003,1.262969041403689,1.0015894156864773,5.367,5.295,5.14,6.23,1.0900000000000007,0.053656206896551775,0.23163809465748889,5.371829917883352,2.0031228297393153,5.548822099438562,1.0900000000000007,1.1597537701742409,1.0008999288025624,45.65566666666667,44.985,41.44,53.11,11.670000000000002,7.018170229885059,2.649182936281498,45.72990411098628,0.9519478633672938,0.7801363266649126,11.670000000000002,1.1613844601795416,1.0016260291381052
405,1,63.837333333333326,63.66,61.19,67.38,6.189999999999998,2.340999540229883,1.5300325291410908,63.855055346725166,0.6142473144007831,0.11690598298328725,6.189999999999998,1.0552022801348273,1.000277612056558,0.787,0.755,0.4,1.35,0.9500000000000001,0.042876896551724136,0.20706737201144013,0.8129063086645759,1.1358826968016058,2.2781452693289426,0.9500000000000001,1.6607079876372832,1.0329178000820531,9.237666666666666,9.135000000000002,8.49,11.17,2.6799999999999997,0.4449357471264368,0.667035041902925,9.260917341170906,1.4852647969147175,2.2624958796856562,2.6799999999999997,1.2061440123584688,1.0025169423560323,5.682,5.710000000000001,5.17,6.42,1.25,0.08532000000000008,0.29209587467131415,5.689253026540479,0.6481850165511812,0.4015164525937265,1.25,1.1284433949501933,1.0012764918233859,48.23833333333334,47.769999999999996,43.25,55.71,12.46,6.764821264367816,2.6009270009686576,48.30606721727614,0.9908005267416735,2.137040260136253,12.46,1.1532712805913525,1.001404150584448
406,1,65.45566666666667,65.005,62.59,70.23,7.640000000000001,3.42452195402299,1.850546393372236,65.48094890882386,1.0355434794446892,0.9222721229917177,7.640000000000001,1.0725256913700008,1.0003862498610845,0.9533333333333334,0.88,0.62,1.57,0.9500000000000001,0.06988505747126438,0.2643578209005067,0.98812954616285,0.8487718030107434,-0.4504845651340528,0.9500000000000001,1.5888604951614858,1.0364995239470454,10.049333333333333,9.665,9.13,12.37,3.2399999999999984,0.8807857471264364,0.9385018631448935,10.09160674356005,1.3814829060574765,0.6360969335670044,3.2399999999999984,1.2257711100260524,1.0042065885193097,6.062666666666667,5.955,5.5,6.91,1.4100000000000001,0.13767540229885056,0.37104636138742897,6.073632630751825,1.0257517967500505,0.22688119032642096,1.4100000000000001,1.1377046357748914,1.0018087690925597,50.95799999999999,49.39,46.93,59.3,12.369999999999997,14.242547586206896,3.773929992223875,51.092911054274445,0.8672130117517971,-0.7181393968378922,12.369999999999997,1.1606306780407836,1.0026474950797608
407,1,66.60600000000001,65.85,64.08,70.23,6.150000000000006,3.121707586206902,1.7668354723083024,66.62864914334274,0.7407737889592242,-0.4536888900483018,6.150000000000006,1.0540510861762997,1.0003400465925403,1.2853333333333337,1.34,0.67,1.94,1.27,0.13526022988505745,0.3677774189439279,1.335227820760687,-0.04766856423909375,-0.8543531114544209,1.27,1.4529355738669156,1.0388183252806171,10.812666666666669,10.61,9.56,12.84,3.2799999999999994,0.9645857471264366,0.9821332634253035,10.855698657080222,0.569548811265273,-0.7531821823312148,3.2799999999999994,1.1827889116676606,1.0039797759183877,6.412999999999999,6.375,5.88,7.26,1.38,0.14375275862068962,0.37914741014635667,6.423825184420884,0.4458882678730372,-0.7272978474256258,1.38,1.1301677414271818,1.0016880063029603,54.22166666666667,54.55,47.98,60.89,12.910000000000004,12.909152298850572,3.592930878663069,54.33661733429248,-0.12559271565044558,-0.9785610943036192,12.910000000000004,1.1206071151869736,1.002120013542418
408,1,67.37866666666666,66.99000000000001,64.95,70.37,5.420000000000002,2.701301609195401,1.643563691858457,67.39804136619996,0.3174937158219622,-1.2080990907143787,5.420000000000002,1.044095623159911,1.0002875494647163,1.5850000000000002,1.56,1.04,2.22,1.1800000000000002,0.07237758620689656,0.26903082761441405,1.6069194130385007,0.29678574311274647,-0.16239469990622046,1.1800000000000002,1.3815254094181575,1.0138292826741329,11.473333333333333,11.315,10.23,13.54,3.3099999999999987,0.7181471264367812,0.8474356178712229,11.503546699460419,0.6148494474884727,-0.2329737050300107,3.3099999999999987,1.1770282986407228,1.002633355560176,6.7330000000000005,6.73,6.1,7.45,1.3500000000000005,0.12563551724137934,0.35445100823862713,6.742012805287947,0.07403768480073962,-0.8412030390109377,1.3500000000000005,1.1050112503727016,1.0013386017062151,57.87333333333333,57.18,51.68,66.31,14.630000000000003,16.617995402298845,4.076517558198278,58.01195371070805,0.6270447554349365,-0.10054898349773023,14.630000000000003,1.1430402832263218,1.002395237484876
409,1,68.453,68.805,65.01,72.07,7.059999999999988,2.4890975862068943,1.5776874171415878,68.47057277887097,-0.10077102950686465,-0.030229641886520664,7.059999999999988,1.052568966127296,1.00025671305671,1.7996666666666665,1.77,1.34,2.73,1.39,0.0962654022988506,0.31026666320900576,1.825337411731504,0.8868207480748734,1.4169014602307914,1.39,1.4956138971645458,1.0142641665483445,12.171666666666665,12.22,10.88,13.97,3.09,0.6245385057471265,0.7902774865495832,12.196441694199173,0.5248815298408519,-0.009612876569700557,3.09,1.1454160443077723,1.0020354671394638,7.128333333333334,7.07,6.37,8.0,1.63,0.13548333333333334,0.36808060711389473,7.137513806174622,0.3564503567561733,0.15527466045003857,1.63,1.1208384624179986,1.0012878848970712,61.41166666666667,60.66,55.11,75.01,19.900000000000006,17.640793678160914,4.200094484432572,61.55034987715342,1.1588751883810429,2.2862407661812103,19.900000000000006,1.2186770692564757,1.0022582551168902
410,1,69.66866666666668,69.00999999999999,66.99,72.98,5.990000000000009,3.269763678160921,1.8082487876840734,69.69134728692413,0.5601012725949296,-0.7667983457576586,5.990000000000009,1.0471888238799039,1.0003255497965242,2.200666666666667,2.13,1.49,3.0,1.51,0.1562478160919541,0.3952819450619445,2.2347199675425404,0.43701863310169137,-0.47708230248168704,1.51,1.3424500803557131,1.0154740840090306,13.064000000000002,13.125,11.27,15.08,3.8100000000000005,0.7566179310344826,0.8698378762933254,13.091962928962689,0.14821007890446608,-0.28046348708564706,3.8100000000000005,1.151851718632603,1.0021404569016141,7.524333333333332,7.51,6.96,8.46,1.5000000000000009,0.1348736781609196,0.367251518936164,7.532992101416276,0.43877627642044814,-0.057250347365466414,1.5000000000000009,1.1230597199762677,1.0011507688056012,64.73400000000001,64.465,58.09,76.69,18.599999999999994,19.869976551724136,4.457575187444866,64.88218861906556,0.8972662358758025,0.9336235851505821,18.599999999999994,1.1819884876304054,1.0022891929907862
411,1,70.949,70.8,67.48,76.43,8.950000000000003,4.567230000000002,2.1371078587661416,70.98010700189174,0.37207560946182966,-0.13661741009283634,8.950000000000003,1.076780568927052,1.0004384417242207,2.6000000000000005,2.495,1.99,3.26,1.2699999999999998,0.11506206896551724,0.33920800250807354,2.6213024752337657,0.1427625758060295,-0.9970430249064601,1.2699999999999998,1.2436565527254826,1.0081932597052943,14.053333333333333,13.975000000000001,12.26,16.56,4.299999999999999,0.7713609195402293,0.8782715522776707,14.07983759376033,0.8962998036720977,1.8458291926235768,4.299999999999999,1.1761499299777993,1.0018859767856023,7.969666666666667,7.93,7.22,8.81,1.5900000000000007,0.17214126436781618,0.4148991014304757,7.980099623438294,0.055460730714428565,-0.7852611108933387,1.5900000000000007,1.103996242618853,1.0013090832036005,68.62800000000001,67.58,62.74,78.15,15.410000000000004,18.682278620689658,4.322300153933049,68.75944967784429,0.6029556520074075,-0.5015185268038578,15.410000000000004,1.1365710511959137,1.001915394268291
412,1,72.87100000000001,72.285,68.73,81.73,13.0,9.646167931034485,3.10582805883302,72.93495232054381,0.9953853162774123,0.9121004396062009,13.0,1.120587556440739,1.0008776100306542,2.866333333333333,2.885,2.19,3.32,1.13,0.12085850574712645,0.3476470994372403,2.886641069940402,-0.3924301125721655,-1.126760975227597,1.13,1.1501256718655863,1.0070849179929302,15.158333333333333,14.825,13.16,18.24,5.079999999999998,1.540759195402298,1.2412732154535109,15.207382088972446,0.9883160000336891,0.590967693835367,5.079999999999998,1.1994174864079097,1.0032357617793808,8.564666666666666,8.46,7.69,10.21,2.5200000000000005,0.2927154022988506,0.5410317941663416,8.581169694938641,1.0471777216566778,1.8196491763958056,2.5200000000000005,1.1898144848507166,1.0019268733874027,73.46933333333332,72.41,63.23,86.77,23.54,37.62013057471266,6.133525134432292,73.71640975160595,0.5150645744283825,-0.32793938578704473,23.54,1.1770784862200872,1.0033629870731455
413,1,75.01333333333335,75.58500000000001,69.73,81.73,12.0,9.317954022988506,3.052532395076014,75.07334768966503,0.12134042695183112,-0.22923114451725546,12.0,1.088668648930536,1.0008000491867892,3.3403333333333345,3.255,2.19,5.01,2.82,0.3151964367816092,0.5614235805357745,3.385633864827481,0.6626665377415762,1.7814322318980453,2.82,1.4797819847112412,1.013561679920411,16.36233333333333,16.43,14.2,18.25,4.050000000000001,1.2837978160919543,1.133048020205655,16.400212092124498,-0.11354501028281055,-0.8324334335203041,4.050000000000001,1.1127904869452137,1.0023149973796222,9.094333333333335,9.05,8.22,10.21,1.9900000000000002,0.27696333333333323,0.5262730596689643,9.109041113091982,0.1750077835828154,-0.8082439939875785,1.9900000000000002,1.1208644107803691,1.001617246610561,78.30366666666667,79.025,66.63,90.97,24.340000000000003,35.04909298850577,5.920227443984375,78.51971092237498,0.023056141698720292,-0.5654775902168705,24.340000000000003,1.158562594428467,1.0027590566943436
414,0,61.575666666666656,61.595,61.08,61.93,0.8500000000000014,0.0507633333333336,0.2253071976953546,61.57606512815403,-0.3560826361709671,-0.7411766742208235,0.8500000000000014,1.0057479293473748,1.0000064710868586,0.20966666666666667,0.21,0.16,0.26,0.1,0.0006791954022988503,0.026061377597871728,0.2112265766106781,-0.2991066333630251,-0.07421748528798089,0.1,1.2309057135325285,1.0074399520382102,7.962666666666666,7.955,7.9,8.06,0.16000000000000014,0.002206436781609188,0.04697272380445047,7.9628005961051995,0.5495183062515259,-0.4486386121916133,0.16000000000000014,1.0122066856656367,1.0000168196716175,5.014666666666667,5.01,4.92,5.1,0.17999999999999972,0.0018602298850574621,0.043130382389418506,5.014845959747917,0.0026237400633609877,-0.00880319270273855,0.17999999999999972,1.016980390013089,1.0000357537386166,41.551,41.55,40.5,42.58,2.0799999999999983,0.346519655172414,0.588659201212734,41.55503062205586,-0.19237106083729064,-0.5967036836128452,2.0799999999999983,1.0246653500815885,1.000097004213036
415,0,61.54399999999999,61.53,61.08,61.92,0.8400000000000034,0.05694206896551732,0.23862537368334769,61.54444719062801,0.09946851989028956,-1.0150114205888352,0.8400000000000034,1.00610213961641,1.000007266193748,0.21333333333333337,0.21,0.17,0.25,0.07999999999999999,0.0004436781609195402,0.021063669217862784,0.2143361845326169,-0.02284146639162857,-0.5067211775579796,0.07999999999999999,1.1663919489149808,1.0047008649966416,7.961333333333333,7.97,7.82,8.06,0.2400000000000002,0.0032257471264367813,0.056795661158549615,7.961529166351566,-0.34448725079459797,0.2967502516877545,0.2400000000000002,1.0123683317100198,1.000024598017698,5.023666666666667,5.025,4.94,5.1,0.15999999999999925,0.0019481609195402194,0.04413797593388509,5.023854098199907,-0.02575495671166922,-0.7960968457630284,0.15999999999999925,1.0151568696685234,1.0000373097073665,41.32,41.275,40.4,42.72,2.3200000000000003,0.3656000000000005,0.6046486583132393,41.32427631953563,0.2733367308655099,-0.5533887208752031,2.3200000000000003,1.0337749092003956,1.000103492728355
416,0,61.650333333333336,61.644999999999996,61.25,62.29,1.0399999999999991,0.067796436781609,0.2603774890070357,61.6508648493001,0.5490614211063725,0.18802129514630384,1.0399999999999991,1.0103670102968094,1.0000086214613615,0.20566666666666666,0.20500000000000002,0.14,0.26,0.12,0.0009288505747126437,0.03047704996735484,0.20783807799983783,-0.08924618373018146,-0.5781000358798019,0.12,1.2509738470551237,1.0105579157204432,7.966999999999999,7.98,7.81,8.1,0.29000000000000004,0.006063103448275873,0.07786593252684947,7.96736782130711,-0.34916047076006296,-0.6330685939784817,0.29000000000000004,1.0166469255176336,1.0000461681068296,5.034333333333335,5.035,4.96,5.13,0.16999999999999993,0.002011609195402299,0.04485096649351382,5.034526459029356,-0.006477318866536539,-0.7000366069415973,0.16999999999999993,1.0189637579120103,1.000038361722046,41.38233333333333,41.36,39.75,42.72,2.969999999999999,0.4166529885057475,0.6454866292230595,41.387199430097546,-0.2873634366126892,0.153118170396235,2.969999999999999,1.0322032074712746,1.0001175887479572
417,0,61.640333333333345,61.67,60.68,62.29,1.6099999999999994,0.1084791954022985,0.32936180015645183,61.64118393303836,-0.47390213956154165,1.4195625702727783,1.6099999999999994,1.01052569119481,1.0000137994014473,0.20233333333333337,0.20500000000000002,0.14,0.28,0.14,0.0011840229885057472,0.03440963511148799,0.20514222708485286,0.17978977681960115,-0.2510574387782962,0.14,1.3649066990200112,1.013882506185434,7.979666666666665,7.99,7.81,8.11,0.2999999999999998,0.006830919540229889,0.08264937713153009,7.980080408951612,-0.26352241095053486,-0.9317256757022663,0.2999999999999998,1.0162804864600927,1.000051849569942,5.0329999999999995,5.025,4.95,5.13,0.17999999999999972,0.0027113793103448304,0.052070906563500795,5.033260374747168,0.25972818204071746,-1.0211221353157172,0.17999999999999972,1.0192200716931303,1.000051733508279,41.464333333333336,41.525,39.75,42.34,2.5900000000000034,0.33334954022988533,0.5773643046031555,41.46821887502123,-0.8474346644191623,1.1298895206288053,2.5900000000000034,1.021022873627782,1.0000937080467847
418,0,61.594,61.495000000000005,60.68,62.18,1.5,0.1274455172413791,0.3569951221534814,61.59500006764618,-0.10072969118990996,-0.040532668176811004,1.5,1.0094975230410155,1.000016236445858,0.20099999999999998,0.2,0.15,0.28,0.13000000000000003,0.0010920689655172413,0.03304646676298756,0.20360910261249782,0.3726008005194562,-0.2356002430051074,0.13000000000000003,1.3751840974069163,1.012980610012427,7.963333333333336,7.96,7.82,8.11,0.28999999999999915,0.0063126436781609065,0.07945214709597788,7.9637164690865285,0.02491440100179414,-1.0567197163392337,0.28999999999999915,1.0183687517607278,1.000048112484704,5.031333333333334,5.025,4.87,5.11,0.2400000000000002,0.0029291954022988517,0.05412204174177884,5.031614717629587,-0.6515650570078696,1.26733891994059,0.2400000000000002,1.0155785541559392,1.000055926387224,41.51466666666667,41.565,40.43,42.18,1.75,0.21483954022988475,0.46350786425894086,41.5171678545956,-0.6387926863494443,-0.12587962450129808,1.75,1.015965254367201,1.0000602482960783
419,0,61.633,61.525000000000006,61.19,62.18,0.990000000000002,0.09498724137931044,0.3082000022376873,61.633744896769,0.503966874788083,-1.0188825225062195,0.990000000000002,1.0088629224809547,1.0000120860053705,0.19366666666666668,0.19,0.15,0.27,0.12000000000000002,0.0008722988505747125,0.02953470586572198,0.1958315602756614,0.7934047627500009,0.26011780659144446,0.12000000000000002,1.3787358872080464,1.0111784523700245,7.962333333333334,7.965,7.82,8.08,0.2599999999999998,0.004356436781609171,0.0660033088686406,7.962597775433175,-0.3540837459722046,-0.6588211896190312,0.2599999999999998,1.0147442113588914,1.0000332116339232,5.026,5.02,4.87,5.12,0.25,0.0023006896551724097,0.04796550484642489,5.02622124463299,-0.9425935038790502,2.7521860124096555,0.25,1.018657904378393,1.0000440200224812,41.29866666666667,41.39,40.25,42.05,1.7999999999999972,0.239874022988505,0.4897693569308976,41.30147390428902,-0.4382310536584971,-0.531278492932552,1.7999999999999972,1.0181234717541945,1.0000679740497438
420,0,61.450666666666656,61.5,60.8,62.08,1.2800000000000011,0.12039264367816123,0.3469764310124842,61.45161359422007,-0.0767730776192237,-0.5935302111256888,1.2800000000000011,1.0102257104252674,1.0000154095570444,0.19733333333333336,0.195,0.12,0.27,0.15000000000000002,0.0012754022988505744,0.035712775009099675,0.2004328649032721,0.16098013313887327,-0.08131387247785593,0.15000000000000002,1.3470844720515303,1.0157070856584733,7.972666666666666,7.975,7.81,8.1,0.29000000000000004,0.005496091954022978,0.07413563214826577,7.972999853672811,-0.3548686058297506,-0.10466099697013265,0.29000000000000004,1.0159287782087045,1.0000417911622392,5.034333333333334,5.04,4.95,5.14,0.1899999999999995,0.002080574712643671,0.04561331727295956,5.034533079972097,0.39482645572989916,-0.12525330638585785,0.1899999999999995,1.0209486993833572,1.0000396768798443,41.26466666666668,41.34,40.18,42.42,2.240000000000002,0.2965154022988507,0.5445322784728658,41.268139607530976,-0.11733723133701503,-0.21442409398073048,2.240000000000002,1.027911614224035,1.000084162581328
421,0,61.22700000000001,61.215,60.63,61.7,1.0700000000000003,0.08575965517241382,0.2928474947347404,61.22767699333366,0.10228387415019974,-0.8912438530404723,1.0700000000000003,1.0077142075260797,1.0000110571044416,0.18766666666666668,0.19,0.12,0.27,0.15000000000000002,0.00150816091954023,0.03883504756711687,0.19151153141956406,-0.053279017161816156,-0.6067860191110688,0.15000000000000002,1.409836775877914,1.0204877340296485,7.942000000000001,7.945,7.8,8.1,0.2999999999999998,0.005568275862068973,0.07462088087170354,7.942338866270228,0.16030642617529617,0.14435336888103123,0.2999999999999998,1.0198507185835815,1.0000426676240528,5.033666666666667,5.04,4.96,5.14,0.17999999999999972,0.0019205747126436758,0.043824362090550455,5.033851077124418,0.3673415656771334,-0.3634070283108475,0.17999999999999972,1.021087020900948,1.000036635413102,41.47133333333333,41.465,40.18,42.44,2.259999999999998,0.33030850574712634,0.5747247217121657,41.475182780388884,-0.09678174421094816,-0.38976062839082815,2.259999999999998,1.0232625188108229,1.000092821878299
422,0,61.397000000000006,61.35,60.63,62.09,1.4600000000000009,0.15212517241379295,0.3900322709902258,61.398197557691645,0.018056718792278,-0.8618484512101965,1.4600000000000009,1.0112674715191488,1.0000195051499525,0.1863333333333334,0.19,0.12,0.23,0.11000000000000001,0.0008585057471264369,0.029300268721061874,0.188547076349648,-0.5723132025575067,-0.1349151267645925,0.11000000000000001,1.2198545024027863,1.0118805528603647,7.956666666666667,7.96,7.8,8.11,0.3099999999999996,0.004181609195402296,0.06466536318155412,7.956920677414515,0.16365388281035195,0.7836606900804846,0.3099999999999996,1.0192385130871036,1.0000319242665916,5.0280000000000005,5.03,4.94,5.09,0.14999999999999947,0.001575172413793104,0.039688441816139675,5.028151416441898,-0.27757167543900296,-0.775465026966367,0.14999999999999947,1.0123004616280764,1.00003011464636,41.43366666666666,41.370000000000005,40.52,42.44,1.9199999999999946,0.32661712643678154,0.5715042663329658,41.43747655605169,0.32109721084119336,-0.9213823351288521,1.9199999999999946,1.0241936412945467,1.0000919515382427
423,0,61.597666666666676,61.709999999999994,60.72,62.11,1.3900000000000006,0.17059091954023012,0.4130265361211433,61.59900521382901,-0.8591992405960164,-0.2332638049218385,1.3900000000000006,1.0082955038705117,1.0000217304848507,0.20233333333333334,0.195,0.18,0.25,0.07,0.0004047126436781609,0.020117471105438697,0.20329781110479275,0.6373890552207702,-0.5468396951550609,0.07,1.229723028700658,1.004766776465203,7.994666666666666,7.985,7.89,8.11,0.21999999999999975,0.003080919540229873,0.05550603156621695,7.9948529275611655,0.29989190947636263,-0.4855953449940116,0.21999999999999975,1.0144026504905275,1.0000232981439083,5.0360000000000005,5.03,4.9,5.17,0.2699999999999996,0.0028110344827586183,0.05301918975954478,5.036269783613,-0.17794820869905842,1.3912519498257403,0.2699999999999996,1.026553425875264,1.0000535710113185,41.34166666666667,41.09,40.44,42.84,2.4000000000000057,0.47141436781609225,0.6865962189060556,41.34717769489634,0.6295359261932464,-0.8144511936676389,2.4000000000000057,1.0361045756525222,1.0001333044522396
424,0,61.63533333333334,61.709999999999994,60.72,62.11,1.3900000000000006,0.14668781609195428,0.3829984544250202,61.63648362239148,-1.0230874798421572,0.4005790236778872,1.3900000000000006,1.0076824041505914,1.0000186628188075,0.24033333333333332,0.22,0.18,0.38,0.2,0.003037816091954023,0.05511638678246265,0.24636693501090334,1.2080902390331132,0.7958628387169124,0.2,1.5424147724335757,1.0251051387416228,7.995666666666666,7.995,7.91,8.1,0.1899999999999995,0.002728850574712631,0.052238401341471306,7.99583162237258,0.14260350857546972,-0.8138892643351285,0.1899999999999995,1.013027835320588,1.0000206306381683,5.034333333333334,5.03,4.9,5.17,0.2699999999999996,0.0029909195402298768,0.054689300052477144,5.034620475600254,-0.011071634721169718,1.0352968733598047,0.2699999999999996,1.026889717915352,1.0000570368006858,41.49,41.35,40.44,42.9,2.460000000000001,0.5018344827586202,0.7084027687400863,41.49584565551915,0.4850489179171553,-0.8633651603915231,2.460000000000001,1.0338384318309246,1.0001408931192852
425,0,61.836,61.875,60.93,62.52,1.5900000000000034,0.10003862068965538,0.31628882479413556,61.83678193437948,-0.6439658743501658,1.3529824219530067,1.5900000000000034,1.0110487325544455,1.0000126452936717,0.29433333333333334,0.305,0.18,0.38,0.2,0.003818505747126438,0.0617940591572235,0.30053840575429513,-0.2547518525847651,-0.9589439646913074,0.2,1.2643974704206977,1.0210817862546833,8.03633333333333,8.04,7.88,8.25,0.3700000000000001,0.008203333333333347,0.09057225476564745,8.036826695489541,0.25615337925031945,-0.4132626700062003,0.3700000000000001,1.0265245615698166,1.0000613914500243,5.070000000000001,5.08,4.94,5.18,0.23999999999999932,0.0030620689655172324,0.0553359644852896,5.070291904811793,-0.31005759214516726,0.08889789886413091,0.23999999999999932,1.02163743177865,1.0000575749135683,41.86333333333334,41.79,40.74,42.9,2.1599999999999966,0.43564367816091926,0.6600330886864076,41.86836275757628,0.06355023193890925,-1.1866349526137778,2.1599999999999966,1.024640018727196,1.0001201391251597
426,1,61.933,61.94,61.33,62.7,1.3700000000000045,0.10785620689655219,0.3284146873946904,61.93384171840142,0.24347251350721608,0.016727380442470352,1.3700000000000045,1.0123705919145485,1.0000135907900702,0.2533333333333333,0.26,0.06,0.38,0.32,0.007788505747126437,0.08825251127943294,0.26778100505201385,-0.298626864797933,-0.8291614274921488,0.32,1.4190700342101887,1.0570302831000549,8.159333333333334,8.155000000000001,7.88,8.39,0.5100000000000007,0.013034022988505773,0.11416664569175085,8.160105391476264,-0.20250029734943867,0.13681619169175008,0.5100000000000007,1.028172995015956,1.000094622699109,5.14,5.12,5.04,5.25,0.20999999999999996,0.003165517241379313,0.05626292954849856,5.1402976567510175,0.18171982365479625,-0.8712648619521999,0.20999999999999996,1.0213416324451376,1.0000579098737388,42.08733333333334,42.275,39.51,43.44,3.9299999999999997,0.6511650574712649,0.8069479893222765,42.09481068572071,-1.0890907321092862,2.2832701125904356,3.9299999999999997,1.0319561792146412,1.0001776627739312
427,1,61.93566666666666,61.875,60.65,65.91,5.259999999999998,0.8179219540229884,0.904390377007069,61.9420492342103,2.9982701621272874,12.870658216828144,5.259999999999998,1.0640590812678217,1.000103051567653,0.37566666666666665,0.33499999999999996,0.06,1.17,1.1099999999999999,0.05699091954022989,0.23872771003850787,0.44296350489252123,1.2967507155254145,2.614445977861796,1.1099999999999999,2.6413011164066074,1.1791397645763653,8.409,8.29,8.07,10.6,2.5299999999999994,0.2011955172413792,0.44854823290408713,8.42055639491833,4.277652308851731,20.888848668162556,2.5299999999999994,1.2588241801215094,1.0013742888474646,5.241666666666666,5.205,5.07,6.09,1.0199999999999996,0.03076609195402298,0.17540265663331037,5.2445028363039325,4.11786380985862,19.99861538998847,1.0199999999999996,1.161215884534049,1.000541081647809,43.49433333333334,43.120000000000005,39.51,51.9,12.39,4.7571771264367815,2.18109539599642,43.54716565594903,1.9169055302633697,6.861832872943381,12.39,1.191811205579803,1.0012146943881355
428,1,63.301666666666655,62.815,60.65,68.07,7.419999999999995,4.036966091954019,2.009220269645421,63.33248300306355,0.8790780757388093,-0.18238554030706844,7.419999999999995,1.0748039042888509,1.0004868171411532,0.7010000000000001,0.635,0.35,1.26,0.91,0.0754644827586207,0.2747079954399229,0.7512323209234277,0.8126764117075127,-0.5634710642692262,0.91,1.6772441292877098,1.0716580897623789,9.171333333333335,8.73,8.18,11.36,3.1799999999999997,1.0517429885057472,1.0255452152419937,9.226594171198817,1.126337160271549,-0.2886309318939415,3.1799999999999997,1.2312235467623247,1.0060253875698353,5.573999999999999,5.359999999999999,5.16,6.51,1.3499999999999996,0.18276965517241373,0.4275156782767314,5.589825876834924,1.0060480251631492,-0.3325003088671621,1.3499999999999996,1.1646158831133568,1.002839231581436,46.81866666666667,45.33,42.28,54.57,12.29,12.94217057471264,3.597522838664494,46.952085292703806,1.0197307585309385,-0.34138607377447183,12.29,1.1622486980036217,1.0028496887146965
429,1,65.04666666666667,64.035,62.63,69.68,7.050000000000004,4.851050574712644,2.2025100623408385,65.08270271994958,0.6547296646203924,-1.0574183404733941,7.050000000000004,1.0706377745225573,1.0005540030739404,0.8583333333333333,0.76,0.41,1.42,1.01,0.08757298850574713,0.29592733653001224,0.9063056879441946,0.22915346488093638,-1.3212006416055735,1.01,1.5668002737807332,1.0558901218767316,9.906,9.14,8.63,12.0,3.369999999999999,1.324673103448276,1.1509444397746904,9.970423929469264,0.5472864653232684,-1.5022727435754306,3.369999999999999,1.2035596565289448,1.006503526092193,5.955333333333332,5.765000000000001,5.25,6.92,1.67,0.23443264367816088,0.4841824487506346,5.9743295300253845,0.4963567155506617,-1.0948127151611473,1.67,1.1582889703726464,1.0031897789139235,49.342,47.375,44.34,58.32,13.979999999999997,16.959733793103446,4.118219735893587,49.507851633183726,0.553190077998171,-1.119404435855136,13.979999999999997,1.1779949659724225,1.0033612669365597
430,1,65.07900000000001,64.035,60.17,69.68,9.510000000000005,6.444967931034485,2.5386941389293995,65.12684835508828,0.3197453582181829,-1.0119730912956477,9.510000000000005,1.0699120525545283,1.0007352349465768,1.0366666666666666,1.045,0.41,1.73,1.32,0.10805747126436784,0.32872096261779205,1.0858790601781274,-0.07381955606022492,-0.3387602727103243,1.32,1.5931792622616843,1.047471762229705,10.144666666666664,9.64,8.91,12.28,3.369999999999999,1.2791981609195402,1.1310164282270794,10.205430907119991,0.7064796468459459,-1.1182535111835175,3.369999999999999,1.203280891494023,1.005989772010251,6.071333333333333,5.9350000000000005,5.42,6.92,1.5,0.20281195402298852,0.45034648219230994,6.087457597388257,0.5471402907756941,-1.2438672046094774,1.5,1.1367635649682282,1.0026558027981098,50.856666666666655,50.349999999999994,44.61,58.32,13.71,16.257885057471267,4.032106776546383,51.01094490401056,0.39647294168740826,-1.0118710289735866,13.71,1.143284056191141,1.0030335892510436
431,1,64.95633333333333,64.61500000000001,60.17,68.69,8.519999999999996,4.337355057471264,2.082631762331321,64.98859912835994,0.05512069679737989,-0.16750179554780553,8.519999999999996,1.056954618522079,1.0004967305475976,1.1846666666666665,1.17,0.84,1.73,0.89,0.045411954022988504,0.21310080718521107,1.2030516752547804,0.6346728300149789,0.3046619960370256,0.89,1.4380097177734474,1.0155191406202424,10.144666666666666,9.81,9.35,12.47,3.120000000000001,0.7786188505747126,0.8823938183003736,10.181695667552956,1.6970316303170614,1.899378737706546,3.120000000000001,1.224746879808971,1.0036500953755296,6.1370000000000005,6.07,5.64,6.89,1.25,0.10922862068965516,0.33049753507349366,6.145596526511211,0.6210130707968308,-0.27803096391358606,1.25,1.1211279442569229,1.0014007701664023,52.10566666666668,51.175,46.32,58.28,11.96,10.402446091954024,3.2252823274798788,52.20207080822241,0.2451520013922128,-0.9894765149101068,11.96,1.116430806243423,1.0018501661666177
432,1,65.66933333333334,65.855,63.23,69.18,5.95000000000001,2.288020229885057,1.51262031914326,65.68617124885064,0.13388868178010416,-0.1851580198687417,5.95000000000001,1.0531897153498728,1.0002564045447488,1.2699999999999998,1.21,0.84,1.93,1.0899999999999999,0.06815172413793102,0.26105885186664524,1.2956774289922626,0.8186774795574533,0.7651545710885475,1.0899999999999999,1.4895682805102917,1.0202184480254037,10.488000000000001,10.254999999999999,9.35,13.06,3.710000000000001,0.7579544827586209,0.8706058136485311,10.522871914707189,1.3726129759081467,2.1033922907213025,3.710000000000001,1.2411060503118754,1.0033249346593427,6.384666666666666,6.33,5.82,7.46,1.6399999999999997,0.148736091954023,0.3856631845976784,6.395916405540856,1.0855861774416895,1.4244297990930823,1.6399999999999997,1.1663692154477374,1.0017619931409925,53.504000000000005,53.53,46.32,64.72,18.4,16.63825931034482,4.079002244464303,53.65409272988097,0.7381124498195931,1.237580816863419,18.4,1.206245352536848,1.0028052618473566
433,1,66.807,66.16499999999999,63.23,72.09,8.860000000000007,5.393614827586211,2.3224157309978355,66.84601017762141,0.6417322888647043,-0.03873841607729833,8.860000000000007,1.0784488080656482,1.0005839235053424,1.6396666666666666,1.585,0.98,2.52,1.54,0.19047919540229882,0.43643922303374477,1.6948854435231506,0.2372844051476048,-1.002359059988383,1.54,1.4868261507761182,1.0336768307724034,11.476333333333333,10.98,10.07,14.59,4.52,1.5088240229885057,1.228341981285548,11.539703491280298,1.263385302137962,0.6095461680996932,4.52,1.264330579293011,1.0055218122466785,6.7589999999999995,6.665,6.0,8.14,2.1400000000000006,0.3089127586206897,0.5557992071069279,6.781054244486374,0.9410420983314489,0.2531742748692545,2.1400000000000006,1.2004033158440777,1.0032629448862813,56.88066666666667,54.845,47.46,68.33,20.869999999999997,32.39233057471263,5.6914260580905935,57.15525196048624,0.5941736358520785,-0.7104391940175843,20.869999999999997,1.1955156815202095,1.0048273923269693
434,1,67.30433333333333,67.47999999999999,62.87,72.09,9.220000000000006,6.549735747126437,2.5592451518223958,67.35135259715774,0.05812898654458543,-0.7740702170113005,9.220000000000006,1.070357123058613,1.0006986067834822,1.9100000000000001,1.9,1.13,2.73,1.6,0.13684827586206894,0.369930095912821,1.9443216469161337,0.29772061633716207,0.0394834802476991,1.6,1.4040886724323733,1.0179694486471904,12.026666666666667,11.745000000000001,10.73,14.59,3.8599999999999994,1.156919540229885,1.075601943206633,12.073071964776267,0.911046393962168,0.016013664005530615,3.8599999999999994,1.2084745326265747,1.003858533656563,7.015333333333333,7.01,6.0,8.14,2.1400000000000006,0.2974257471264368,0.5453675339864272,7.035795145776584,0.34445039921472853,-0.5324579839239938,2.1400000000000006,1.1569410182282303,1.0029167270421815,59.923333333333325,59.03,52.23,68.5,16.270000000000003,25.66768505747127,5.066328557986668,60.130008925106054,0.2307155862028001,-1.244312581441299,16.270000000000003,1.1391982343677856,1.0034490002520897
435,1,67.84933333333333,67.965,62.87,76.83,13.96,7.8295443678160925,2.7981322999129423,67.90508518022295,0.8535267587612089,2.4211517597012246,13.96,1.131432201227492,1.0008217007323523,2.025,1.975,1.49,3.0,1.51,0.14557758620689656,0.3815463093870737,2.0594538110868137,0.8062108678333193,0.11064863390345403,1.51,1.4566969085928865,1.017014227697192,12.347000000000001,12.185,10.98,14.76,3.7799999999999994,0.8911458620689651,0.9440052235390253,12.381835485904343,1.2093504591919086,1.2554916540611156,3.7799999999999994,1.192068818617643,1.0028213724713972,7.244333333333333,7.23,6.41,8.62,2.209999999999999,0.2789081609195402,0.5281175635401082,7.262917916833886,0.646098470718209,0.2730710589524281,2.209999999999999,1.1868508082709688,1.0025653959647385,61.538666666666664,60.120000000000005,54.1,72.45,18.35,22.38043264367817,4.730796195533916,61.71419539565701,0.7523748984266174,-0.10838113465687327,18.35,1.1739600514195232,1.0028523323383187
436,1,69.21866666666666,69.195,64.11,76.83,12.719999999999999,7.144763678160917,2.6729690754217335,69.26853845722457,0.5042843247366752,1.0691584481607714,12.719999999999999,1.1091615574860854,1.000720496261479,2.427,2.31,1.63,3.53,1.9,0.2736768965517241,0.5231413733893775,2.4809037331854156,0.5852917703847175,-0.48006954153741344,1.9,1.4228685913046581,1.0222100260343698,12.981,12.77,11.3,15.26,3.959999999999999,0.9612299999999998,0.9804233779342473,13.016741143619628,0.5857951476388397,-0.18197605618377732,3.959999999999999,1.172336442096334,1.002753342856454,7.572666666666667,7.57,6.73,8.62,1.8899999999999988,0.22346850574712646,0.4727245558960593,7.586916369645839,0.010258024339096573,-0.3584155000411382,1.8899999999999988,1.13616647133312,1.0018817285384944,64.66066666666667,63.745000000000005,55.48,73.44,17.96,25.889482298850577,5.088170820525837,64.85389975424248,0.11236676182598339,-1.086450771978989,17.96,1.132391425624268,1.0029884178054016
437,0,61.462,61.41,60.93,62.06,1.1300000000000026,0.07862344827586183,0.28039873087419964,61.46261828678198,0.11987623408603967,-0.2049055203821757,1.1300000000000026,1.0097194315808458,1.000010059659334,0.20733333333333334,0.20500000000000002,0.18,0.25,0.07,0.00025471264367816094,0.015959719411009734,0.2079262689833426,0.5240597988346817,0.4146015754892449,0.07,1.2023492809368306,1.0028598182476332,8.001666666666667,7.995,7.92,8.1,0.17999999999999972,0.002166091954022986,0.04654129299904533,8.001797506394006,0.5265498507424218,-0.28995296715295815,0.17999999999999972,1.0122725542014184,1.0000163515593425,5.028666666666667,5.03,4.95,5.11,0.16000000000000014,0.0013429885057471235,0.036646807579202904,5.028795747161209,0.07346020419911922,-0.32201768562326816,0.16000000000000014,1.0161478526712149,1.0000256689303741,42.29933333333334,42.315,40.17,43.96,3.789999999999999,0.5963926436781606,0.7722646202424145,42.306147465035544,-0.4734091728788382,1.947640003024814,3.789999999999999,1.039092487358517,1.0001610931228753
438,0,61.445000000000014,61.394999999999996,60.93,62.14,1.2100000000000009,0.0819775862068966,0.2863172824104347,61.44564484159964,0.4689563264743367,0.5103895065970145,1.2100000000000009,1.011300315265473,1.00001049461469,0.20700000000000002,0.20500000000000002,0.17,0.25,0.07999999999999999,0.0004975862068965517,0.022306640421555005,0.20815859338494772,0.3650817868511818,-0.48564316755585013,0.07999999999999999,1.2010073470167766,1.005597069492501,8.002333333333333,8.0,7.91,8.08,0.16999999999999993,0.0020598850574712656,0.0453859566107322,8.002457747467338,-0.12943810400858322,-0.6583119953826917,0.16999999999999993,1.009689804679969,1.0000155472321413,5.027,5.03,4.95,5.16,0.20999999999999996,0.0017389655172413755,0.041700905472679795,5.027167194355087,0.9209802629235163,2.1692967405892345,0.20999999999999996,1.0264229934095028,1.0000332592709542,42.34933333333333,42.400000000000006,40.17,43.96,3.789999999999999,0.4777788505747119,0.6912154878000868,42.354785876765646,-0.5681069423264942,2.9719367013709004,3.789999999999999,1.0378992383034316,1.0001287515765456
439,0,61.58699999999999,61.655,60.98,62.25,1.2700000000000031,0.1174217241379315,0.3426685339186128,61.5879215160462,-0.012740289417945297,-0.8753589360604837,1.2700000000000031,1.0107501352157386,1.0000149628338157,0.21300000000000002,0.21,0.17,0.26,0.09,0.0006010344827586206,0.024516004624706298,0.21435951110226018,0.07853041545692967,-0.832544489039166,0.09,1.2129156232119183,1.0063826812312684,8.014666666666667,8.02,7.91,8.09,0.17999999999999972,0.0017085057471264405,0.04133407489138278,8.014769699332184,-0.2818313665775149,-0.06309696510032259,0.17999999999999972,1.0093864581878234,1.000012855514746,5.050666666666667,5.045,4.98,5.16,0.17999999999999972,0.0019167816091954066,0.043781064505050656,5.050850093466116,0.6836389039999503,0.4777337164202722,0.17999999999999972,1.0216102051167748,1.0000363173441358,42.342999999999996,42.33,41.14,43.58,2.4399999999999977,0.3181527586206892,0.5640503156817566,42.346631467764546,0.01821993033117371,-0.11570982761324178,2.4399999999999977,1.0291255405562618,1.0000857631193951
440,0,61.507,61.489999999999995,61.04,62.25,1.2100000000000009,0.1062010344827588,0.32588500192975867,61.50783454162568,0.39483609144103143,-0.7943635855609865,1.2100000000000009,1.012066193906925,1.000013568238179,0.21033333333333337,0.21,0.18,0.26,0.08000000000000002,0.0004171264367816091,0.020423673439947308,0.21128969055146382,0.6804445605528817,-0.2867394573842805,0.08000000000000002,1.2305380320327168,1.0045468647454696,8.005333333333333,8.0,7.96,8.09,0.1299999999999999,0.0012050574712643611,0.034713937709000414,8.005406090053562,0.692686991118945,-0.31396296504318455,0.1299999999999999,1.0105670979079429,1.000009088531008,5.053999999999999,5.05,4.99,5.15,0.16000000000000014,0.0014524137931034536,0.03811054700609076,5.054138897972631,0.28610297568807913,-0.1410240090729462,0.16000000000000014,1.0189668515176387,1.0000274827804971,42.205333333333336,42.33,40.66,43.26,2.6000000000000014,0.3202947126436787,0.5659458566361969,42.209001172735654,-0.8256518340511062,0.7869699853089234,2.6000000000000014,1.0248998743884805,1.000086904642438
441,0,61.38466666666667,61.33,60.98,61.93,0.9500000000000028,0.06855678160919537,0.2618334997841097,61.385206469745896,0.45495672406216514,-0.5731386680938932,0.9500000000000028,1.0088749971138828,1.0000087937771522,0.2026666666666667,0.2,0.18,0.24,0.06,0.00022712643678160927,0.015070714541175851,0.20320761140600355,0.7419235929901845,0.0376027658682605,0.06,1.1810581224759649,1.002669135226991,7.996333333333335,7.99,7.92,8.08,0.16000000000000014,0.0012860919540229813,0.035862124226305685,7.9964110699738296,0.32581903321436334,-0.12741281398384574,0.16000000000000014,1.010453305776143,1.0000097215357657,5.047666666666666,5.04,4.98,5.19,0.20999999999999996,0.001694367816091956,0.0411626993295138,5.04782890623946,1.2720580724939554,3.688486737788213,0.20999999999999996,1.0281648004322823,1.0000321414989357,42.227000000000004,42.385000000000005,40.66,42.9,2.240000000000002,0.2408975862068974,0.49081318870512985,42.22975724138924,-1.2634188562131765,2.1771771330783913,2.240000000000002,1.0158713381841054,1.0000652956968108
442,0,61.417,61.385000000000005,60.86,61.99,1.1300000000000026,0.092814827586207,0.30465526023065315,61.41773042045758,0.2581409123736544,-0.8083722945992537,1.1300000000000026,1.009317660806167,1.0000118928058612,0.20366666666666672,0.2,0.17,0.26,0.09,0.00047229885057471256,0.021732437750393133,0.20478443951303202,0.7445806528964252,0.797976738032812,0.09,1.269627714968325,1.005488246381499,8.009333333333332,8.004999999999999,7.92,8.11,0.1899999999999995,0.002358160919540228,0.048560899080847215,8.009475638267464,0.26803546626924535,-0.7798058211123893,0.1899999999999995,1.012550679504193,1.000017767388147,5.039333333333333,5.04,4.98,5.19,0.20999999999999996,0.0015581609195402303,0.0394735470858679,5.03948277769323,1.8911858752447124,6.459422018517678,0.20999999999999996,1.029867593351647,1.0000296555814057,42.47199999999999,42.4,41.76,44.1,2.3400000000000034,0.25534758620689674,0.5053192913464681,42.47490576799435,1.4095755700873558,3.1181205215974668,2.3400000000000034,1.0382601021149338,1.0000684160857591
443,0,61.428999999999995,61.38,60.83,62.26,1.4299999999999997,0.11482310344827595,0.3388555790425708,61.429903440154185,0.3436208068439703,0.11543758979573981,1.4299999999999997,1.0135129067987956,1.0000147070626932,0.20299999999999999,0.2,0.17,0.26,0.09,0.0005872413793103447,0.02423306376235462,0.20439341150503523,0.5579780082241599,-0.18968632950245778,0.09,1.2720566582137356,1.0068640960839175,8.023000000000001,8.02,7.92,8.13,0.21000000000000085,0.0027320689655172528,0.052269197100369286,8.023164587617533,0.044271935594610935,-0.6725538726056133,0.21000000000000085,1.0133158694696793,1.0000205144730814,5.029666666666667,5.03,4.95,5.09,0.13999999999999968,0.0010378160919540201,0.032215153141868194,5.029766396165929,-0.14686451235173797,-0.1309238509697357,0.13999999999999968,1.0119754277017687,1.0000198282522224,42.45666666666668,42.45,40.81,44.1,3.289999999999999,0.39247816091954,0.6264807745809443,42.46113446435458,0.09307251310014518,1.7918174662464939,3.289999999999999,1.0385968381749484,1.0001052319467982
444,0,61.395,61.365,60.83,62.26,1.4299999999999997,0.10630862068965542,0.3260500278939651,61.39583691098282,0.8365842353779569,1.2964892140146622,1.4299999999999997,1.0140752717528734,1.0000136315820967,0.20633333333333337,0.21,0.17,0.25,0.07999999999999999,0.00037574712643678157,0.01938419785383913,0.2072116470342984,0.19449077346616536,-0.21024115291846135,0.07999999999999999,1.20649588755317,1.0042567707639662,8.018666666666666,8.015,7.92,8.13,0.21000000000000085,0.0025154022988505787,0.05015378648567403,8.018818283679128,0.11592930375176726,-0.43951619710163925,0.21000000000000085,1.0138650998672913,1.0000189080078727,5.019666666666665,5.02,4.95,5.08,0.1299999999999999,0.0015205747126436717,0.038994547216805474,5.019813077529215,-0.08904151939136949,-1.1051105011288573,0.1299999999999999,1.0119898732365566,1.0000291674472177,42.274,42.35,40.81,43.19,2.3799999999999955,0.3312110344827586,0.5755093695872888,42.2777866812664,-0.5236156003917669,0.13227141441627488,2.3799999999999955,1.0215766573972003,1.000089574709429
445,0,61.40500000000001,61.42,60.78,62.18,1.3999999999999986,0.0768741379310346,0.2772618580530589,61.40560509160924,0.18339378341175366,1.2537687960313093,1.3999999999999986,1.0126111436771197,1.0000098541097506,0.20500000000000004,0.20500000000000002,0.17,0.25,0.07999999999999999,0.000356896551724138,0.018891705897672077,0.20583974348992956,0.06575563009360984,-0.0540791639300382,0.07999999999999999,1.214537075111692,1.0040963097069733,8.020333333333332,8.02,7.92,8.09,0.16999999999999993,0.0018860919540229825,0.04342916018095425,8.020446995024654,-0.35709219493850664,-0.13333829997780988,0.16999999999999993,1.0086719611785342,1.000014171691699,5.016333333333334,5.02,4.95,5.11,0.16000000000000014,0.0014171264367816043,0.03764473982884733,5.016469874323975,0.24415378608247867,-0.0954141517293805,0.16000000000000014,1.0186446102576525,1.0000272192818076,42.44166666666667,42.41,41.18,43.88,2.700000000000003,0.36551091954023057,0.6045749908325936,42.44582896665663,0.28784453536007876,-0.0036358888438363657,2.700000000000003,1.0337882677346222,1.0000980710777134
446,0,61.47600000000001,61.46,60.78,62.26,1.4799999999999969,0.09983862068965503,0.31597249989461906,61.47678494087558,-0.015319093943444197,0.37997036107570903,1.4799999999999969,1.0127400133217386,1.0000127682490008,0.21833333333333327,0.215,0.17,0.31,0.13999999999999999,0.0014833333333333332,0.038514066694304475,0.221592719495324,1.0904905327164267,0.8816160570858997,0.13999999999999999,1.398962929405005,1.0149284862381256,8.028666666666666,8.03,7.92,8.14,0.22000000000000064,0.0021360919540229953,0.04621787483239569,8.028795260394508,-0.14899563496801627,0.6692991463005864,0.22000000000000064,1.0138507379997665,1.0000160168223668,5.031333333333334,5.03,4.95,5.12,0.16999999999999993,0.00113609195402299,0.033705963181950314,5.031442470438605,0.5481533403194697,1.7790984894627222,0.16999999999999993,1.0176008232393992,1.000021691487731,42.50833333333333,42.379999999999995,40.99,44.57,3.5799999999999983,0.5861385057471264,0.7655968297655931,42.51499739307687,0.4951155303436301,0.8992655524950814,3.5799999999999983,1.048335945735181,1.0001567706663839
447,0,61.711333333333336,61.69,60.99,63.04,2.049999999999997,0.17306712643678154,0.41601337290618623,61.71268880870448,0.8902271008654061,2.4484679881374722,2.049999999999997,1.0215079138005134,1.0000219647720754,0.3086666666666666,0.31,0.17,0.44,0.27,0.007694712643678161,0.08771951119151407,0.3204892093867332,0.020069544628323974,-1.3828490589398041,0.27,1.372901137114584,1.0383019742550754,8.068,8.055,7.94,8.29,0.34999999999999876,0.005933793103448274,0.0770311177606055,8.06835547060242,1.002013143681704,1.4043971227430525,0.34999999999999876,1.0274708433713853,1.0000440593210733,5.0603333333333325,5.055,5.0,5.16,0.16000000000000014,0.0019412643678160923,0.044059781749528584,5.060518748112687,0.7303067662058673,-0.3753518348007647,0.16000000000000014,1.0196583111018833,1.0000366408232702,42.77233333333334,42.62,40.99,44.57,3.5799999999999983,0.7397840229885055,0.8601069834552592,42.78069217922185,0.13636011485399943,-0.15561240283463995,3.5799999999999983,1.0418251255328494,1.000195426464658
448,0,62.059333333333335,61.955,61.26,63.11,1.8500000000000014,0.18903402298850594,0.4347804307791531,62.06080555927925,0.8330174745047961,0.4592247947285313,1.8500000000000014,1.0169059107638971,1.0000237228772344,0.32300000000000006,0.325,0.2,0.44,0.24,0.005745862068965516,0.07580146482071119,0.331486550757845,-0.009965437476205666,-1.1921923577924605,0.24,1.3273540027312463,1.0262741509530804,8.241666666666665,8.21,8.02,8.5,0.4800000000000004,0.027483333333333342,0.1657809800107761,8.24327827182042,0.20476375086116258,-1.546608608512876,0.4800000000000004,1.0311431592764715,1.000195543598029,5.123333333333333,5.13,5.01,5.26,0.25,0.004402298850574721,0.06634982178253926,5.123748627713892,0.0399980049458491,-0.5866296333447947,0.25,1.0265921266217348,1.0000810594106493,43.457,43.615,41.25,44.98,3.729999999999997,0.7165113793103441,0.8464699518059363,43.464968384512446,-0.6036952669905975,0.14064583030653788,3.729999999999997,1.034856383699278,1.0001833625080527
449,1,62.59966666666666,62.295,61.34,66.55,5.209999999999994,1.4090722988505755,1.1870435117764535,62.61054519807347,2.4556707851255957,6.491285836026986,5.209999999999994,1.0629199887888494,1.0001737793823207,0.40733333333333327,0.29500000000000004,0.2,1.14,0.94,0.06223402298850574,0.2494674788193959,0.4754787061478148,1.7751156191165904,2.8574892060656705,0.94,2.3975837093440764,1.1672963326051102,8.702333333333332,8.48,8.15,10.99,2.84,0.42624609195402313,0.6528752499168758,8.725975208154864,2.880059943502986,8.399924973208693,2.84,1.2594580820868355,1.002716728251603,5.322333333333334,5.225,5.09,6.33,1.2400000000000002,0.08421850574712647,0.2902042483271506,5.329975922397148,2.6687049353856245,7.366774210335333,1.2400000000000002,1.1876226257234372,1.0014359470903391,45.50899999999999,44.519999999999996,41.25,54.09,12.840000000000003,7.897609310344828,2.8102685477272145,45.592800272265215,1.7635975002319384,3.406753310635242,12.840000000000003,1.186371525262592,1.0018413999926437
450,1,64.31366666666666,63.375,61.34,68.34,7.0,5.405934367816093,2.3250665297612656,64.35428079519393,0.4741639746671543,-1.370488428661495,7.0,1.0619340183054884,1.000631500746766,0.8063333333333333,0.775,0.22,1.43,1.21,0.14178264367816093,0.37654036128702184,0.8872598266573326,0.1101858688179872,-1.0938908719077287,1.21,1.611703761442,1.1003635717122768,9.657333333333334,9.145,8.44,11.6,3.16,1.2150547126436781,1.1022952021322048,9.717954517283975,0.5893737385419814,-1.4202705726967735,3.16,1.1936668338351133,1.00627721772235,5.752333333333335,5.51,5.17,6.52,1.3499999999999996,0.22440471264367814,0.4737137454662659,5.7711578849770975,0.5106560389000057,-1.3898867404583664,1.3499999999999996,1.129755957114293,1.003272507094587,49.866,48.870000000000005,43.85,57.18,13.329999999999998,18.47426620689655,4.298170099809517,50.04474411297687,0.4711459099316975,-1.1015899759077867,13.329999999999998,1.1425775276403685,1.0035844886892247
451,1,65.47666666666667,65.025,62.38,68.34,5.960000000000001,2.9823057471264383,1.726935362752885,65.49867764568484,0.0016466115223669623,-0.8623805081677443,5.960000000000001,1.043379843020424,1.000336165234712,0.9643333333333332,0.865,0.67,1.43,0.7599999999999999,0.04934264367816091,0.2221320410885402,0.9887551095527479,0.9187773220475285,-0.4890621684433034,0.7599999999999999,1.446263069777555,1.02532503583071,10.169666666666666,10.030000000000001,8.95,11.6,2.6500000000000004,0.6061412643678159,0.7785507461738226,10.198434030117893,0.3168981843973884,-1.0156614243512352,2.6500000000000004,1.137429527488536,1.002828742022147,5.984333333333334,5.9,5.41,6.52,1.1099999999999994,0.1135219540229885,0.33693019161688154,5.993495084951129,0.13166274465479938,-0.8877367735625104,1.1099999999999994,1.0878460576985964,1.0015309560994479,51.668666666666674,50.735,47.25,57.18,9.93,9.86842574712644,3.141405059384485,51.76089830493027,0.6532405271685114,-0.9232976074228492,9.93,1.1046948927189224,1.0017850593834483
452,1,66.04633333333332,65.70500000000001,64.12,69.41,5.289999999999992,2.2263757471264367,1.4921044692401524,66.0626241531473,0.7203338785954737,-0.26531230089832336,5.289999999999992,1.0506697378398528,1.0002466574447328,1.1226666666666667,0.995,0.74,1.98,1.24,0.11115816091954021,0.3334039005763733,1.1695440707101779,0.838410681198962,-0.20338185405236686,1.24,1.692967413188365,1.0417554074021773,10.539,10.42,9.61,13.02,3.41,0.7049196551724137,0.8395949351755367,10.571279172045989,1.5828928804968216,2.5283858174672673,3.41,1.2316390276050273,1.0030628306334557,6.173666666666666,6.13,5.56,7.1,1.54,0.1341343678160919,0.36624359081913216,6.184159064362214,0.853491492904434,0.6613559954197008,1.54,1.1480946602611746,1.0016995406882268,53.381,52.31,47.25,62.38,15.130000000000003,13.774126551724137,3.711351041295358,53.505571205249275,0.7114950398583937,0.2510816915802536,15.130000000000003,1.1658599019662477,1.002333624421597
453,1,67.59133333333334,67.315,64.47,73.44,8.969999999999999,2.9819360919540223,1.7268283330875778,67.61265325366251,1.1058016650055886,3.380886052117628,8.969999999999999,1.0861872218573498,1.0003154238757805,1.586333333333333,1.645,0.96,2.33,1.37,0.10070678160919544,0.3173433182047409,1.6167261157454385,-0.20856330275457383,0.179418031707828,1.37,1.4411841172774562,1.0191591399950235,11.315333333333335,11.215,10.15,14.03,3.879999999999999,0.7047843678160914,0.8395143642702556,11.345398186048827,1.4176208495588856,2.8214540393691756,3.879999999999999,1.2366247327707163,1.0026570010648228,6.573333333333334,6.545,5.92,7.74,1.8200000000000003,0.13374712643678163,0.36571454228234024,6.583160335279705,0.9982000949247283,2.335323495373167,1.8200000000000003,1.1757270985062744,1.0014949800121253,58.251000000000005,58.45,52.0,69.65,17.650000000000006,13.864478275862071,3.7235034948099712,58.36592610419199,0.6051205149506429,1.6769686748911834,17.650000000000006,1.1933332450797447,1.0019729464591507
454,1,69.55400000000002,69.24,66.93,73.44,6.509999999999991,3.834314482758619,1.9581405676709267,69.58063969237419,0.4760174585015378,-0.7289119214046123,6.509999999999991,1.0554660078534572,1.000383007337812,1.7546666666666666,1.755,1.42,2.33,0.9100000000000001,0.038791264367816096,0.19695498056108177,1.7653196122326782,0.7607015439012814,1.1741713041664665,0.9100000000000001,1.3198743070968013,1.0060712075794138,12.205666666666668,12.025,11.15,14.6,3.4499999999999993,0.8609495402298851,0.9278736660935503,12.239712006415838,0.8653157075849395,0.2590844979123963,3.4499999999999993,1.1928385236798824,1.0027893060394766,6.962999999999999,6.96,6.4,7.74,1.3399999999999999,0.13743551724137937,0.3707229656244395,6.972533494601036,0.6289496838968912,-0.10932626146076618,1.3399999999999999,1.1100699632340565,1.0013691648141658,61.836999999999996,61.07,57.48,70.17,12.690000000000005,10.293566551724142,3.2083588564442325,61.917404795959165,1.2694107002334098,1.2693386346915645,12.690000000000005,1.1332839325426542,1.0013002699995015
455,1,71.70933333333333,71.425,67.73,75.21,7.47999999999999,4.027130574712638,2.00677118145359,71.73647175600428,0.032359300554811676,-0.5449053282950564,7.47999999999999,1.0484206730407672,1.0003784503551971,2.111666666666667,1.99,1.42,3.0,1.58,0.2290626436781609,0.4786048930779552,2.163460961823285,0.2666013474079699,-1.1876155562120778,1.58,1.3866670362619857,1.024527685157041,13.494333333333337,13.225,11.74,15.67,3.9299999999999997,1.1137150574712644,1.0553269907811818,13.53416504012469,0.482163761650478,-0.7239759996768953,3.9299999999999997,1.1578106187964465,1.0029517357995716,7.4540000000000015,7.395,6.8,8.61,1.8099999999999996,0.20034206896551723,0.4475958768415067,7.466979308930754,0.7685345150743732,0.11688207510063986,1.8099999999999996,1.1530767186808935,1.001741254216629,66.74333333333334,66.31,58.8,78.22,19.42,28.4556091954023,5.334379926045979,66.94908239351255,0.5536845641161009,-0.41996048150709564,19.42,1.1683505912782997,1.0030826908082586
456,1,73.22200000000001,73.465,68.26,76.98,8.719999999999999,3.980071724137928,1.995011710275889,73.24826746529004,-0.4787947122924892,-0.007051941186057675,8.719999999999999,1.0509463590586399,1.000358737337003,2.6903333333333332,2.685,1.95,3.59,1.64,0.12085850574712642,0.34764709943724026,2.711959316312347,0.03212534751660993,0.7908358598575802,1.64,1.3237661709769266,1.0080384027923481,14.583666666666666,14.52,12.85,17.15,4.299999999999999,1.0573136781609194,1.0282575932911555,14.618666263833145,0.5634414007459195,0.2882947044519715,4.299999999999999,1.173157639040534,1.0023999175218723,7.967000000000001,8.055,6.91,8.86,1.9499999999999993,0.21490448275862062,0.4635779144422441,7.980026942310408,-0.12187509044036396,-0.3465523312060008,1.9499999999999993,1.1102719406903179,1.0016351126283929,72.12066666666666,71.125,63.18,83.61,20.43,23.67948229885057,4.866156830482406,72.2791859850861,0.3857303628191349,-0.12146501180504643,20.43,1.1567645493026426,1.0021979735593973
457,1,75.32433333333333,75.19,69.68,81.12,11.439999999999998,6.691411609195402,2.58677629670511,75.3672578555613,0.05801098803211834,0.012478409622989073,11.439999999999998,1.076329460671949,1.0005698626237822,3.0533333333333337,2.98,2.42,4.04,1.62,0.13065747126436786,0.36146572626511614,3.073946431977413,0.5874930881023888,0.48396743095049466,1.62,1.3142714388165648,1.0067510148397638,15.630666666666665,15.545,13.6,17.97,4.369999999999999,1.3603857471264362,1.166355754959196,15.672676223287457,0.2328886201563609,-0.6410079583358215,4.369999999999999,1.146581460880244,1.0026876369074122,8.503666666666666,8.375,7.51,9.5,1.9900000000000002,0.2143274712643678,0.46295515038107937,8.515839946828498,0.06574132728357421,-0.2496185189445801,1.9900000000000002,1.1155681717031363,1.0014315330831993,77.01700000000001,76.07499999999999,66.48,87.87,21.39,29.446987241379315,5.426507831135906,77.20157841650649,0.021098725470142052,-0.8201732029628177,21.39,1.1381891640341448,1.0023965931743184
458,1,77.85833333333333,77.53,72.3,82.68,10.38000000000001,6.870538505747128,2.6211712087818926,77.90097297210093,0.09664511628977458,-0.7860451405865283,10.38000000000001,1.0613474626255388,1.0005476567111327,3.485666666666667,3.46,2.67,4.29,1.62,0.18548747126436782,0.43068256438398783,3.5112927344023404,-0.018821927583011495,-0.9859574010651873,1.62,1.221772243016988,1.0073518411788296,16.841666666666665,16.56,14.93,18.98,4.050000000000001,1.3182005747126437,1.1481291629048727,16.87945486876477,0.13178888353273757,-1.1518705763923005,4.050000000000001,1.1244438962968089,1.0022437329301201,9.035666666666666,8.925,8.23,9.8,1.5700000000000003,0.19789436781609193,0.44485319805087603,9.046246182809751,0.05277756827602255,-0.9105339658649352,1.5700000000000003,1.0833222755558631,1.0011708617120765,81.129,81.405,73.54,87.87,14.329999999999998,16.855326551724133,4.105523907094456,81.22935505919848,-0.15559640248568293,-0.8396925692799475,14.329999999999998,1.081751787096696,1.0012369813408089
459,1,79.65333333333334,80.155,74.54,85.52,10.97999999999999,8.23984367816092,2.8705127901057885,79.70331670221343,0.05372724958867774,-0.5491344714512358,10.97999999999999,1.0729791875477253,1.0006275113267504,4.012333333333333,3.955,3.0,4.89,1.8899999999999997,0.21630816091954022,0.4650894117473975,4.038306163067217,-0.10105624730988778,0.07356903055427955,1.8899999999999997,1.2109037310548776,1.0064732482513625,17.96733333333333,18.095,15.36,20.58,5.219999999999999,1.3753374712643676,1.172747829358199,18.00429282143567,-0.10408606993528852,0.25410336690025526,5.219999999999999,1.143060724689932,1.0020570380376799,9.558666666666669,9.51,8.75,11.14,2.3900000000000006,0.30896367816091974,0.5558450127157027,9.574276648046752,0.6859029968858882,0.8434800844702917,2.3900000000000006,1.1635343754426264,1.0016330710050303,86.84766666666668,87.03999999999999,75.17,107.21,32.03999999999999,49.270273678160905,7.019278714950768,87.12143901857145,0.814406548905637,1.1339812623311412,32.03999999999999,1.2305811429164561,1.003152328236469
460,0,62.006666666666675,62.010000000000005,61.3,62.8,1.5,0.12570574712643692,0.3545500629339063,62.007646517721234,0.0032891211154591326,-0.08541161448759338,1.5,1.0127783189134958,1.0000158023500896,0.1873333333333333,0.18,0.14,0.25,0.10999999999999999,0.0006685057471264367,0.025855478087369353,0.18905025786811291,0.7132052732003621,0.2174488735987774,0.10999999999999999,1.3223996773091282,1.0091650775877916,8.046666666666665,8.055,7.95,8.13,0.1800000000000006,0.0017609195402298974,0.04196331183581555,8.04677243785772,-0.022110395907112987,0.08791169461530979,0.1800000000000006,1.0103429745012695,1.0000131447213407,5.122333333333333,5.125,5.04,5.24,0.20000000000000018,0.002673678160919554,0.0517076218842015,5.122585610151707,0.3874612421696544,-0.3224669867893528,0.20000000000000018,1.0229209229057308,1.0000492503712581,42.607666666666674,42.63,41.6,43.43,1.8299999999999983,0.20933574712643696,0.4575322361609474,42.61004126572358,-0.26686193337172387,-0.7289039278132465,1.8299999999999983,1.019243321759841,1.0000557317319319
461,0,62.05033333333334,62.114999999999995,61.33,62.75,1.4200000000000017,0.10627919540229892,0.32600490088693285,62.051161176349744,-0.19412495568836383,-0.21181852938561407,1.4200000000000017,1.011262300501745,1.0000133414757333,0.1836666666666667,0.18,0.14,0.24,0.09999999999999998,0.0005757471264367816,0.023994731222432595,0.18517559234413158,0.30449506621302136,-0.06545495010558522,0.09999999999999998,1.2960671380166688,1.0082155663019867,8.036666666666667,8.04,7.95,8.11,0.15999999999999925,0.0017609195402298822,0.04196331183581537,8.036772569466759,-0.1541061262480576,-0.813869819822906,0.15999999999999925,1.0091115469425433,1.0000131774533503,5.133666666666667,5.145,5.04,5.19,0.15000000000000036,0.001665402298850586,0.04080934082842537,5.133823461449889,-0.7141618448486544,-0.24915838262699808,0.15000000000000036,1.0109424367573103,1.0000305424550138,42.691333333333326,42.705,41.6,43.6,2.0,0.2196740229885056,0.46869395450390183,42.693820317855526,-0.4463394466611181,0.2093527761017362,2.0,1.0212250783696086,1.000058255021055
462,0,62.22233333333333,62.21,61.67,62.79,1.1199999999999974,0.09152195402298845,0.30252595594921844,62.22304425746675,-0.028801561127803847,-0.5206089039084514,1.1199999999999974,1.0091116683424761,1.0000114255460273,0.18566666666666665,0.185,0.14,0.24,0.09999999999999998,0.0006322988505747127,0.02514555329625325,0.18730545462781734,0.34813283594908395,-0.547878156065341,0.09999999999999998,1.2813294758387501,1.0088265060744201,8.047333333333334,8.04,7.97,8.12,0.14999999999999947,0.001978850574712631,0.0444842733414027,8.047452184801514,0.0989089729023794,-1.0383434335682304,0.14999999999999947,1.0090150041941846,1.0000147690499768,5.15,5.16,5.06,5.23,0.17000000000000082,0.001806896551724146,0.04250760581030348,5.150169576496163,-0.481984434820486,-0.2523350287612103,0.17000000000000082,1.0155005427138089,1.000032927474983,42.718,42.760000000000005,41.77,43.79,2.019999999999996,0.23320275862068962,0.48291071495742316,42.72063849398008,-0.0018051910552124564,0.08380679115181966,2.019999999999996,1.0250314963380194,1.0000617653911719
463,0,62.048,62.010000000000005,61.41,62.79,1.3800000000000026,0.12381655172413833,0.35187576177415,62.04896448236129,0.23631145144464885,-0.38048303408109785,1.3800000000000026,1.0119427539818067,1.0000155441329501,0.19233333333333336,0.19,0.15,0.23,0.08000000000000002,0.0004805747126436783,0.02192201433818704,0.1935372487834491,0.08087699482774086,-0.5788158438051663,0.08000000000000002,1.1884017234188828,1.0062595257371703,8.054,8.05,7.98,8.12,0.1399999999999988,0.0015144827586206831,0.038916355926791026,8.05409088600321,-0.011885215431692143,-0.78216099861271,0.1399999999999988,1.0081833089456849,1.0000112845794897,5.131666666666666,5.13,4.98,5.24,0.2599999999999998,0.0034626436781609276,0.05884423232705927,5.131992790330087,-0.3697584232587846,0.2637699173813477,0.2599999999999998,1.0210458615361706,1.0000635512172955,42.730999999999995,42.785,41.83,43.79,1.9600000000000009,0.24017482758620742,0.49007634873171285,42.73371654794373,0.1387256355463187,-0.38613274191841507,1.9600000000000009,1.0247177998401147,1.0000635732359116
464,0,61.94433333333334,61.915,61.41,62.77,1.3600000000000065,0.1372736781609197,0.37050462636911796,61.94540443003016,0.6042882619182243,-0.37049104087827844,1.3600000000000065,1.0133116504373016,1.0000172912781393,0.18433333333333338,0.19,0.12,0.24,0.12,0.0007495402298850575,0.027377732372953344,0.18628830702256471,-0.17647275114018787,0.2619560551824307,0.12,1.2883256272812083,1.0106056438837143,8.048666666666666,8.05,7.95,8.14,0.1900000000000004,0.0019016091954023003,0.043607444265885385,8.048780860064046,-0.26702885655370995,-0.2679265400532591,0.1900000000000004,1.0113332865587832,1.0000141878651594,5.137999999999999,5.14,4.98,5.28,0.2999999999999998,0.003906206896551734,0.062499655171462616,5.138367445015975,-0.15406864664636782,0.8260912247172172,0.2999999999999998,1.0275637265142266,1.0000715151841135,42.67366666666667,42.61,41.74,43.63,1.8900000000000006,0.20139643678160934,0.4487721435000276,42.67594767547641,0.1023498680336313,-0.4004422588538934,1.8900000000000006,1.0223557384543294,1.000053452374448
465,0,62.17666666666667,62.230000000000004,61.41,62.77,1.3600000000000065,0.1417609195402299,0.3765115131576057,62.1777686422835,-0.37421770964698425,-0.8591955590334241,1.3600000000000065,1.0095248087965922,1.0000177232983998,0.1823333333333333,0.18,0.12,0.25,0.13,0.0007357471264367815,0.02712465901051627,0.18427334768399542,0.2467058312035773,1.2114869987601233,0.13,1.3566801881122665,1.0106399324533573,8.051666666666668,8.045,7.95,8.16,0.20999999999999996,0.002186781609195409,0.04676303678329081,8.051797935865007,0.15166192022685057,0.09325847768795459,0.20999999999999996,1.0134382488230398,1.0000163033572766,5.146,5.145,5.05,5.28,0.23000000000000043,0.0028524137931034577,0.05340799371913775,5.146267903377488,0.38089122378001106,-0.021135348000650644,0.23000000000000043,1.025986229075782,1.0000520605086451,42.64766666666666,42.58,41.74,44.09,2.3500000000000014,0.26926678160919565,0.5189092228985679,42.65071820419128,0.6422979654919704,0.788281609393175,2.3500000000000014,1.033745780995249,1.0000715522738552
466,0,62.12599999999999,62.175,61.5,62.73,1.2299999999999969,0.11665241379310338,0.3415441608241947,62.12690753610709,-0.34332797192000314,-0.7434240894682076,1.2299999999999969,1.0097074277122582,1.0000146079919374,0.18966666666666673,0.19,0.15,0.25,0.1,0.0006791954022988505,0.02606137759787173,0.191389654892839,0.665199868453995,0.2582905174154737,0.1,1.3062357008793266,1.0090842964473055,8.045333333333335,8.04,7.94,8.16,0.21999999999999975,0.0025085057471264448,0.050084985246343486,8.04548403350186,0.14629773417154063,-0.08034353041574649,0.21999999999999975,1.0142335707859578,1.000018731376598,5.124666666666666,5.115,5.04,5.21,0.16999999999999993,0.0019154022988505754,0.0437653093082932,5.124847314798754,0.3073218933648352,-0.7014339014631799,0.16999999999999993,1.0166156531054797,1.0000352507087462,42.72633333333333,42.709999999999994,41.82,44.09,2.270000000000003,0.2464791954022989,0.49646671127307107,42.72912149030604,0.4828456122357721,0.9625804959706823,2.270000000000003,1.0318489700286186,1.0000652561723693
467,0,61.917666666666676,61.915,61.38,62.55,1.1699999999999946,0.0959012643678161,0.30967929276562245,61.9184152736486,0.27158701112575545,-0.7914303263832316,1.1699999999999946,1.0102002727873463,1.0000120903616403,0.19300000000000003,0.19,0.15,0.25,0.1,0.000759655172413793,0.02756184268901107,0.1948931331097464,0.2786619115443774,-0.4717752008606375,0.1,1.2827542767205775,1.0098089798432455,8.032666666666668,8.02,7.94,8.13,0.1900000000000004,0.002496091954022999,0.04996090425545757,8.032816857533021,0.36746360081846835,-0.4169290626187059,0.1900000000000004,1.0120982644308445,1.0000186975101277,5.120666666666666,5.125,5.04,5.2,0.16000000000000014,0.0016064367816091903,0.04008037901029867,5.120818293983882,-0.08675020129009746,-0.2776423836140167,0.16000000000000014,1.0154627056595902,1.000029610854814,42.577666666666666,42.605000000000004,41.64,43.48,1.8399999999999963,0.1540874712643674,0.39253977029642156,42.57941580153491,-0.2236735447490934,0.8843029594289895,1.8399999999999963,1.0211506940974193,1.0000410810409583
468,0,62.231333333333325,62.385000000000005,61.38,62.89,1.509999999999998,0.18024643678160887,0.4245543979063329,62.23273324117034,-0.3463980120517688,-1.0509590093006096,1.509999999999998,1.0105614316549871,1.0000224952248655,0.272,0.28,0.16,0.4,0.24000000000000002,0.0060441379310344845,0.07774405399150783,0.28253613338238115,0.050326639618049694,-1.6842511272754315,0.24000000000000002,1.4157481211744505,1.0387357844940484,8.094666666666667,8.08,7.97,8.27,0.2999999999999998,0.0065981609195402335,0.08122906449996968,8.095060633909215,0.3024873149857212,-0.8888324958105134,0.2999999999999998,1.0216106307293098,1.0000486699772544,5.135666666666666,5.14,5.03,5.21,0.17999999999999972,0.0020598850574712643,0.045385956610732185,5.135860525105148,-0.5390256780264193,-0.011774863124646817,0.17999999999999972,1.0144356480345296,1.0000377474729307,42.96366666666666,42.845,41.64,44.43,2.789999999999999,0.4852378160919544,0.6965901349372918,42.96912515593803,0.47007792398822135,-0.1591805333610039,2.789999999999999,1.0339982449901028,1.000127048962411
469,0,62.60433333333334,62.545,62.03,63.3,1.269999999999996,0.11221160919540238,0.33498001312824977,62.60519965093421,0.5041449819703817,-0.11809937189995168,1.269999999999996,1.0110981252825606,1.0000138379814103,0.2753333333333333,0.32,0.12,0.4,0.28,0.008508505747126437,0.09224156192913494,0.2898850346832919,-0.524526986014652,-1.3204972887187796,0.28,1.379857364617018,1.0528512155567504,8.220666666666666,8.21,8.04,8.39,0.3500000000000014,0.00819264367816093,0.0905132237750978,8.221148338279757,0.006916306221031171,-0.6668638015166457,0.3500000000000014,1.0205386954197173,1.0000585927677914,5.193,5.1850000000000005,5.03,5.33,0.2999999999999998,0.004745862068965518,0.06889021751283354,5.193441697628526,0.20199632452219182,0.35721689323228745,0.2999999999999998,1.0262943747753692,1.000085056350573,43.48833333333333,43.45,42.3,44.47,2.1700000000000017,0.35660057471264334,0.5971604262781011,43.492296444312984,0.007653341702516132,-0.8534784020799377,2.1700000000000017,1.022479924851493,1.0000911304406466
470,1,62.727000000000004,62.44,62.0,66.68,4.680000000000007,0.9674079310344834,0.9835689762464468,62.73445377143249,2.993189327319715,9.86573593348025,4.680000000000007,1.0628928123442785,1.0001188287568747,0.32733333333333337,0.24,0.12,1.25,1.13,0.06728229885057473,0.25938831671949825,0.4149538126908423,2.462451372427562,6.612703395451627,1.13,3.012383455146854,1.267679672171616,8.522333333333332,8.344999999999999,8.17,11.22,3.0500000000000007,0.4078254022988508,0.6386120906300247,8.545431332979435,3.655277932465526,13.226218460728973,3.0500000000000007,1.3129822899282553,1.0027102905674623,5.3276666666666666,5.27,5.16,6.36,1.2000000000000002,0.058066781609195435,0.24097049945832671,5.332931964063795,3.466656757386759,12.890836725676955,1.2000000000000002,1.1925897504144343,1.000988293323618,45.015666666666675,44.105000000000004,42.3,57.7,15.400000000000006,10.19771505747127,3.193386142869551,45.12502672206042,2.941360860034836,9.520055749676649,15.400000000000006,1.278669602909997,1.0024293776698574
471,1,63.67133333333333,62.775000000000006,61.33,67.82,6.489999999999995,3.1730740229885073,1.78131244395488,63.69541579527787,0.9447521931509525,-0.13316646895114825,6.489999999999995,1.0647548046154351,1.0003782308408473,0.6286666666666666,0.5700000000000001,0.13,1.36,1.23,0.11917057471264367,0.3452109133741917,0.7144368411553257,0.6811649477906965,-0.36517365247941136,1.23,1.9035972414310625,1.136431878826075,9.120000000000001,8.64,8.3,11.4,3.0999999999999996,0.9552827586206896,0.9773856754734487,9.170487446150286,1.394932037539501,0.5811176453217208,3.0999999999999996,1.2431182166642243,1.0055359041831453,5.598666666666667,5.445,5.17,6.5,1.33,0.16230160919540232,0.40286673875538836,5.6126606881228795,1.2030525714013687,0.21365657076651612,1.33,1.1580960191936858,1.0024995275284971,47.814,46.725,43.19,57.7,14.510000000000005,15.27461103448276,3.9082746876956795,47.96815665973973,1.3140543191034342,0.8379166996711569,14.510000000000005,1.202881328321468,1.003224090428321
472,1,64.68333333333332,64.315,61.33,68.8,7.469999999999999,3.5181747126436798,1.8756798001374542,64.7096168535507,0.7058356273084004,0.024351338868805694,7.469999999999999,1.0632113640188376,1.0004063414617477,0.7973333333333332,0.695,0.53,1.36,0.8300000000000001,0.06759954022988506,0.25999911582519863,0.8373091822419403,1.200363673210357,-0.07981949341938055,0.8300000000000001,1.6242506696970969,1.0501369342499252,9.634666666666668,9.235,8.42,11.88,3.460000000000001,0.9880050574712643,0.9939844352258562,9.684104157501269,1.2271689876458765,0.19027928617043655,3.460000000000001,1.2267526047618766,1.0051312092618254,5.819,5.645,5.23,6.83,1.5999999999999996,0.17832655172413794,0.4222872857713549,5.833793219967034,1.1629182485420322,0.28445529429059135,1.5999999999999996,1.1707648424396153,1.0025422271811366,49.81066666666667,48.754999999999995,45.39,59.56,14.170000000000002,13.634916781609192,3.6925488191233424,49.942796611056266,1.2277552233004163,0.5440566064717554,14.170000000000002,1.192564374475071,1.0026526435647571
473,1,64.73366666666666,64.535,62.4,68.8,6.399999999999999,2.2545757471264367,1.5015244743681126,64.75049824776126,1.2999766649829894,1.8915317153705793,6.399999999999999,1.0625400863595478,1.0002600127871832,0.9243333333333333,0.785,0.54,1.39,0.8499999999999999,0.07341850574712645,0.27095849451000137,0.961958072544398,0.3659705144377088,-1.338430265603618,0.8499999999999999,1.4449694219244116,1.040704730484383,9.776666666666667,9.635,9.02,11.88,2.860000000000001,0.5142643678160919,0.7171222823313272,9.802057607121748,2.014136559057083,3.7180309410094985,2.860000000000001,1.2119904285574195,1.0025970958528894,5.905333333333334,5.85,5.47,6.83,1.3600000000000003,0.10919816091954028,0.33045145017012756,5.914264113142057,1.330553656871309,1.9489684238988119,1.3600000000000003,1.1548351357564657,1.0015123244200819,51.382,50.379999999999995,46.56,59.56,13.0,10.105906206896552,3.178978799378277,51.47697511185624,0.8350767503281652,0.14896041199904841,13.0,1.1570221418523496,1.0018484121259632
474,1,65.86866666666667,65.19,63.5,71.56,8.060000000000002,4.768556781609198,2.1837025396351946,65.90364825511054,1.0629637356991535,0.21688899612552603,8.060000000000002,1.0858275967211093,1.0005310808646073,1.2896666666666665,1.2,0.76,2.14,1.3800000000000001,0.14343091954022988,0.3787227475875061,1.3423449631149216,0.735270314868719,-0.18296521091992535,1.3800000000000001,1.5942250753741527,1.0408464433561038,10.464666666666666,9.925,9.34,13.22,3.880000000000001,1.3671981609195405,1.1692724921589237,10.52762429674109,1.4504456630138867,0.5920974040205484,3.880000000000001,1.2557439007480877,1.0060162097924212,6.253333333333333,6.11,5.67,7.41,1.7400000000000002,0.2321333333333335,0.48180217240412426,6.271249742542018,1.215980737488055,0.29266669689319347,1.7400000000000002,1.1815826676034107,1.0028650974214315,54.971000000000004,53.485,49.53,65.81,16.28,23.94140931034482,4.892995944239564,55.18110367991323,1.1395459366802267,0.1923136323073038,16.28,1.1926184075936823,1.003822082187212
475,1,68.03399999999998,67.96000000000001,63.75,73.09,9.340000000000003,7.0548662068965555,2.656099811169858,68.08410137469687,0.12570799528381785,-1.0716042453878374,9.340000000000003,1.0735252213692807,1.0007364167136563,1.5483333333333333,1.4649999999999999,1.0,2.22,1.2200000000000002,0.14987643678160922,0.3871387823269702,1.594433023575047,0.22307401765133164,-1.4949057512012713,1.2200000000000002,1.392344468018044,1.0297737504252187,11.619666666666665,11.085,9.82,14.14,4.32,2.0477343678160924,1.4309906945246333,11.704534591345356,0.3514518461620272,-1.4390122253409057,4.32,1.2080787911426647,1.007303817494365,6.723333333333334,6.51,5.88,7.64,1.7599999999999998,0.3211264367816092,0.5666801891557611,6.746379275828875,0.24457542731822265,-1.5631803074227208,1.7599999999999998,1.1324593070794011,1.003427755452981,59.581,59.724999999999994,51.7,68.76,17.060000000000002,27.626974827586196,5.256136872988202,59.80469577438436,0.06085143542944292,-1.4293761536700014,17.060000000000002,1.1497424927868523,1.0037544817036363
476,1,68.82,68.425,64.65,73.09,8.439999999999998,7.2440344827586225,2.6914744068555847,68.8708571651803,0.1806901090527801,-1.5438565363439942,8.439999999999998,1.0612616570852385,1.0007389881601323,1.8123333333333336,1.875,1.0,2.61,1.6099999999999999,0.18767367816091957,0.4332132017389585,1.8617115780915154,-0.20297030806877872,-0.6376472073018014,1.6099999999999999,1.4019357405917692,1.027245674871169,12.179333333333334,11.83,10.26,14.15,3.8900000000000006,1.5233029885057474,1.234221612396148,12.239635887830433,0.27793168494060977,-1.4086199940823478,3.8900000000000006,1.156080142389611,1.0049512196477994,6.920666666666667,6.67,6.15,8.33,2.1799999999999997,0.3448064367816091,0.5872022111518391,6.944705897300476,0.5861462659623992,-0.745865571247788,2.1799999999999997,1.1994748407183107,1.0034735426212034,62.820666666666654,61.555,54.7,72.63,17.929999999999993,25.51127540229884,5.050868776982712,63.0166411354969,0.28542912284231037,-0.8881275423133661,17.929999999999993,1.1525527018146315,1.0031195859456588
477,1,68.91199999999999,68.125,65.41,73.58,8.170000000000002,7.323775172413787,2.7062474337010993,68.96334818824658,0.365757850199205,-1.3722984183008837,8.170000000000002,1.0669435567303305,1.0007451269480874,2.187333333333333,2.12,1.45,2.91,1.4600000000000002,0.12688919540229884,0.3562150971004722,2.215194498608794,0.4474225508525119,-0.042375655782294075,1.4600000000000002,1.3136544000211106,1.012737503173786,12.681,12.195,11.1,15.04,3.9399999999999995,1.4415886206896547,1.2006617428275355,12.735827286307972,0.7129062395838912,-0.7031570930270847,3.9399999999999995,1.1809205371502798,1.004323577502403,7.0603333333333325,6.92,6.32,8.33,2.01,0.3502998850574711,0.5918613731757387,7.084273427811775,0.7378753749044829,-0.7034284771735466,2.01,1.1758439429084842,1.00339078813254,65.80333333333333,64.91999999999999,56.78,77.52,20.739999999999995,39.133450574712626,6.255673470915232,66.09014813117004,0.3990318317588146,-1.100202928305147,20.739999999999995,1.1729433537680225,1.004358666701333
478,1,70.28966666666666,69.9,65.73,76.64,10.909999999999997,8.473603333333331,2.910945436337365,70.3479096348996,0.4107755680659213,-0.4661583750444964,10.909999999999997,1.0894424638593512,1.0008286135216593,2.3903333333333334,2.2800000000000002,1.86,3.18,1.32,0.16467229885057477,0.40579834752075417,2.4234018789021903,0.6997369635578073,-0.8806573459427658,1.32,1.3122049742078072,1.0138342820675736,13.377999999999997,12.915,11.82,15.88,4.0600000000000005,1.6847268965517237,1.2979702987941302,13.438729602657139,0.7640818154159115,-0.7146016754016751,4.0600000000000005,1.181659313753896,1.0045395128313008,7.446666666666667,7.35,6.48,8.68,2.1999999999999993,0.40349195402298826,0.6352101652390241,7.4728098240666245,0.4024749579694292,-0.6443156584764722,2.1999999999999993,1.1615443460163468,1.0035107194359836,68.307,67.68,56.78,78.92,22.14,36.23954586206896,6.01992905789337,68.56294779252129,0.14946256569263733,-0.8208684012847591,22.14,1.1510590273746726,1.0037470214256414
479,1,72.284,72.28999999999999,67.03,80.54,13.510000000000005,8.777562758620693,2.962695184898489,72.34266813805898,0.6786457598414415,0.6290945449276801,13.510000000000005,1.1133125453196888,1.0008116338063606,2.7156666666666665,2.45,1.86,3.92,2.0599999999999996,0.3439771264367817,0.5864956320696529,2.776212647955244,0.4526976555913137,-0.940483407453192,2.0599999999999996,1.4119955843033807,1.0222950710526246,14.22766666666667,13.99,12.58,16.97,4.389999999999999,1.8217219540229883,1.3497118040615146,14.289419045806818,0.5031286444498537,-1.0877245568417935,4.389999999999999,1.1875920179539972,1.0043403026361888,7.918666666666667,7.9399999999999995,6.87,9.03,2.1599999999999993,0.3487981609195402,0.5905913654292113,7.939927791443278,0.15687454374499363,-0.9544594218658768,2.1599999999999993,1.1372899398066911,1.0026849374612659,72.04966666666668,72.435,62.2,83.04,20.840000000000003,31.20261712643678,5.585930282991078,72.25868111629678,0.3598332637226532,-0.6310071547064204,20.840000000000003,1.1492044792009313,1.002900977329945
480,1,72.354,72.47,66.61,80.54,13.930000000000007,8.797590344827583,2.966073219734736,72.41274510287076,0.6237964534612878,0.9509565215958506,13.930000000000007,1.1122351443186353,1.000811912304375,2.9743333333333335,2.87,2.24,3.92,1.6799999999999997,0.27721160919540233,0.5265088880497673,3.019044550847172,0.2256757708517977,-1.3343613075198357,1.6799999999999997,1.298424032497305,1.0150323492705946,14.688666666666666,14.425,13.27,16.97,3.6999999999999993,0.9084395402298846,0.953120947325094,14.718528685526508,0.8759893279087525,-0.004532365582027076,3.6999999999999993,1.1529685040249626,1.002032997244577,8.113333333333333,8.075,7.06,9.09,2.0300000000000002,0.2121747126436781,0.4606242640631061,8.1259633275077,0.2654836029769194,0.3716857152414659,2.0300000000000002,1.118636601426551,1.0015566960773665,75.42566666666667,74.465,67.37,84.21,16.83999999999999,23.541356436781598,4.851943573124238,75.57637088843752,0.27570205962108846,-0.8906110856768965,16.83999999999999,1.1142371485964448,1.0019980495822047
481,1,73.325,73.16,66.61,81.99,15.379999999999995,12.05361206896551,3.4718312270278218,73.40441028984566,0.6119137669719888,0.37122912368473493,15.379999999999995,1.116962859264902,1.0010829906559244,3.2413333333333325,3.285,2.26,4.56,2.3,0.3183567816091954,0.5642311420058231,3.2884626600687845,0.27559818528066965,-0.31308006332680227,2.3,1.3866661937115072,1.0145401049163263,15.294666666666668,14.96,13.6,18.3,4.700000000000001,1.4026947126436788,1.1843541331222174,15.338929775791618,0.9396051281058935,0.6229596063159724,4.700000000000001,1.193042817686123,1.0028940224778757,8.448,8.34,7.63,9.87,2.2399999999999993,0.3028510344827586,0.5503190297298092,8.46530920876491,0.7805416553768636,0.566499560142665,2.2399999999999993,1.1659349654683238,1.0020489120223615,79.703,79.24000000000001,67.37,97.28,29.909999999999997,41.152642413793096,6.415032534118054,79.95216755452391,0.40059497954352546,0.836145871553498,29.909999999999997,1.2167274881404466,1.0031262004507222
482,1,75.89766666666667,74.965,70.77,81.99,11.219999999999999,9.588970229885051,3.0966062439201165,75.95870683031231,0.32480641866633575,-0.9139971234484925,11.219999999999999,1.0794022623787063,1.0008042429540518,3.933,4.06,2.59,5.21,2.62,0.4159044827586206,0.6449065690149393,3.983783377644924,-0.04276846582401716,-0.43690964910998575,2.62,1.3078020329207691,1.0129121224624775,16.379666666666665,16.259999999999998,13.94,19.06,5.119999999999999,1.2479964367816092,1.1171376087043212,16.416451402988,0.37636320518233835,0.539786240581984,5.119999999999999,1.1610304524478927,1.00224575609931,9.031666666666666,8.864999999999998,8.16,10.53,2.369999999999999,0.31031781609195397,0.5570617704455709,9.048258211759137,0.6965664363876561,0.20973470754416645,2.369999999999999,1.1637598920768184,1.0018370413462783,86.44533333333332,86.825,76.26,97.28,21.019999999999996,40.020880919540225,6.326205886591127,86.66880930684734,0.1209918160138061,-1.1454638625882478,21.019999999999996,1.1224337887876616,1.0025851710543159
483,0,62.06700000000001,62.004999999999995,61.55,63.12,1.5700000000000003,0.11274586206896503,0.3357765061301416,62.06787797779675,1.1905684629306066,2.0955919753385785,1.5700000000000003,1.0169511518112415,1.0000141456457818,0.18766666666666668,0.185,0.14,0.24,0.09999999999999998,0.0007012643678160917,0.026481396636433126,0.18946415668053593,0.06712109613769411,-0.5511955850526649,0.09999999999999998,1.2667303631719367,1.009578099541044,8.082666666666668,8.08,7.97,8.16,0.1900000000000004,0.0022754022988505838,0.047701177122274285,8.082802731726169,-0.6918316379422913,0.47970848712354686,0.1900000000000004,1.0095508044469303,1.000016834179252,5.014333333333334,5.005,4.92,5.2,0.28000000000000025,0.0034185057471264285,0.058467989080576634,5.014662833464811,1.2121817577881957,2.6496598113443213,0.28000000000000025,1.0369590484326008,1.0000657116528906,43.06100000000001,42.96,41.88,44.29,2.4099999999999966,0.5326162068965512,0.7298055952762703,43.06697787555255,0.20232570031321792,-1.0621087483937783,2.4099999999999966,1.028398141331893,1.000138823426129
484,0,62.206,62.175,61.71,62.95,1.240000000000002,0.12849379310344844,0.3584603089652304,62.20699837370926,0.5442351388668244,-0.5299239383405681,1.240000000000002,1.011944019896719,1.0000160494760837,0.19,0.195,0.14,0.24,0.09999999999999998,0.0006758620689655173,0.025997347344787262,0.1917115889385233,-0.21447579536952788,-0.6033878079900594,0.09999999999999998,1.2518805009589768,1.0090083628343332,8.096,8.09,7.98,8.21,0.23000000000000043,0.0031075862068965713,0.055745728149308185,8.096185521589781,-0.0005630336800175753,-0.5383745942362084,0.23000000000000043,1.0140577903145518,1.000022915216129,5.0216666666666665,5.02,4.92,5.12,0.20000000000000018,0.0020764367816091937,0.04556793589366533,5.021866518868591,-0.1742361837386131,-0.0862817474401445,0.20000000000000018,1.0195412364631147,1.000039797982461,42.954333333333324,42.935,41.88,44.28,2.3999999999999986,0.37043919540229886,0.608637162357261,42.95850140930585,0.38975435010910087,-0.2201606745710798,2.3999999999999986,1.0307622134697623,1.0000970350520908
485,0,62.26866666666667,62.3,61.66,62.95,1.2900000000000063,0.13630850574712688,0.36919981818403824,62.269724692930296,0.0888796781921572,-0.9859252615662912,1.2900000000000063,1.0109246557685028,1.0000169913107229,0.19000000000000003,0.19,0.14,0.24,0.09999999999999998,0.0005586206896551723,0.023635157914750057,0.1914157778240864,-0.20147547899111212,0.14533571392281974,0.09999999999999998,1.2538151385857186,1.0074514622320334,8.098333333333334,8.09,8.0,8.21,0.21000000000000085,0.003552298850574713,0.05960116484243167,8.098545342632013,0.24713393666184588,-1.0608550145285471,0.21000000000000085,1.0137623057787024,1.0000261793741938,5.042,5.04,4.97,5.14,0.16999999999999993,0.0014303448275862077,0.0378198998886328,5.042137113037156,0.4814146353306775,0.552486767664992,0.16999999999999993,1.0194090094673953,1.0000271941763499,43.041999999999994,43.06,41.67,44.06,2.3900000000000006,0.25494758620689656,0.5049233468625675,43.044862798402946,-0.40437603707061814,1.1084960287131977,2.3900000000000006,1.0235832370137028,1.000066511742088
486,0,62.10600000000001,62.185,61.36,62.62,1.259999999999998,0.11561793103448276,0.3400263681458877,62.106899777721964,-0.5390922733264991,-0.4060846094112742,1.259999999999998,1.0082615655283778,1.0000144877744817,0.18566666666666667,0.185,0.14,0.24,0.09999999999999998,0.000790919540229885,0.028123291774432894,0.18771432195404447,-0.010600801182914801,-0.6842332120505037,0.09999999999999998,1.278538565953193,1.011028664025374,8.098666666666666,8.105,8.0,8.22,0.22000000000000064,0.0031498850574712585,0.05612383680283502,8.098854651533552,0.19842611191917978,-0.40564029975191174,0.22000000000000064,1.0149583309836916,1.0000232118291346,5.044666666666666,5.04,4.92,5.14,0.21999999999999975,0.0016050574712643659,0.040063168512542366,5.044820446094522,-0.4853253550248089,2.633703556366636,0.21999999999999975,1.0188667872172064,1.0000304835657174,42.85466666666667,42.86,41.67,43.82,2.1499999999999986,0.24777057471264352,0.4977655820892436,42.857461038501405,-0.14131781969475005,0.15298843367248338,2.1499999999999986,1.0224590756935854,1.0000652057769222
487,0,62.04900000000001,62.03,61.36,62.47,1.1099999999999994,0.10008517241379303,0.3163624067644464,62.04977961282376,-0.5431206304504212,-0.4285344380164746,1.1099999999999994,1.0067723107124362,1.0000125644703985,0.1876666666666667,0.18,0.14,0.23,0.09,0.0007081609195402297,0.026611293082829134,0.18948174934102052,-0.07226846064665984,-0.7003962173195477,0.09,1.2138372207344181,1.0096718437354555,8.101333333333333,8.11,7.99,8.22,0.23000000000000043,0.002742988505747131,0.052373547767428655,8.101496981011184,-0.4141185163551676,0.42349392554969656,0.23000000000000043,1.0146272990370262,1.0000202000919007,5.027,5.03,4.92,5.1,0.17999999999999972,0.002014827586206896,0.044886830877295135,5.027193716843092,-0.3057002158862009,-0.21408278554093085,0.17999999999999972,1.0144824900844736,1.0000385352781165,42.99066666666668,42.985,42.1,44.12,2.019999999999996,0.2564754022988505,0.5064340058673494,42.99355005889449,0.09587876668762696,-0.5510137092467953,2.019999999999996,1.0262004402884257,1.0000670701910759
488,0,62.13300000000001,62.224999999999994,61.53,62.65,1.1199999999999974,0.08978724137931028,0.29964519248489585,62.13369845207457,-0.278354105582622,-0.7673656914462583,1.1199999999999974,1.008309525439302,1.0000112412417645,0.19200000000000003,0.19,0.16,0.23,0.07,0.0003475862068965518,0.018643663987975963,0.1928730152198591,0.44059395833261844,-0.3320600727063354,0.07,1.1924944489399891,1.0045469542700993,8.096333333333332,8.105,7.98,8.18,0.1999999999999993,0.002796436781609192,0.05288134625375182,8.096500272751596,-0.7673654939315387,-0.14061218178447632,0.1999999999999993,1.010313064217316,1.0000206191384904,5.008,5.01,4.94,5.08,0.13999999999999968,0.0012234482758620643,0.034977825487901106,5.008118076350304,0.1425563231940601,-0.5671465618667293,0.13999999999999968,1.0143530808487007,1.0000235775459874,43.14266666666666,43.224999999999994,41.99,44.12,2.1299999999999955,0.28466850574712627,0.5335433494544995,43.14585572991532,-0.3468453860997213,-0.2957570785112287,2.1299999999999955,1.0225779336996497,1.0000739190109247
489,0,62.153333333333336,62.224999999999994,61.53,62.77,1.240000000000002,0.09494712643678128,0.3081349159650384,62.15407168212447,-0.1754866564446128,-0.40560520759347174,1.240000000000002,1.0099097018297625,1.0000118794721302,0.19133333333333333,0.19,0.15,0.23,0.08000000000000002,0.0003912643678160922,0.01978040363127336,0.19231917914411623,0.2030859828574848,-0.05876476282137322,0.08000000000000002,1.1959285653338156,1.0051525042375413,8.082666666666668,8.075,7.98,8.18,0.1999999999999993,0.0025581609195402364,0.05057826528796966,8.082819640034865,0.07593700613937525,-0.46710509217734497,0.1999999999999993,1.0120230766357563,1.000018926101311,5.015,5.005,4.94,5.11,0.16999999999999993,0.0020327586206896476,0.04508612448070523,5.015195908436678,0.2503387667105195,-0.46772371667966883,0.16999999999999993,1.0189033675441952,1.0000390644938542,42.95033333333334,43.065,41.81,43.96,2.1499999999999986,0.37188609195402267,0.6098246403303352,42.95451807823402,-0.23169388242273972,-0.7769067091339021,2.1499999999999986,1.0234080596582338,1.0000974321868052
490,0,62.09633333333334,62.1,61.59,62.77,1.1799999999999997,0.09031367816091916,0.3005223421992434,62.097036295355245,0.2738551452112838,-0.16014355934144042,1.1799999999999997,1.0108372918385977,1.0000113205077363,0.19266666666666668,0.19,0.13,0.28,0.15000000000000002,0.0008409195402298852,0.028998612729402854,0.19476481543988725,0.6156313966501198,1.9081498377631299,0.15000000000000002,1.4376313266213117,1.0108900455357468,8.086666666666666,8.08,8.01,8.19,0.17999999999999972,0.0023954022988505745,0.04894284726955078,8.086809836600175,0.5394421983870179,-0.05781037920893617,0.17999999999999972,1.0127603054214032,1.00001770444355,5.014333333333334,5.01,4.94,5.11,0.16999999999999993,0.001887471264367816,0.04344503728123404,5.014515264044305,0.41675237993906644,-0.27387504707064103,0.16999999999999993,1.0190416682227197,1.0000362821334117,43.03766666666666,43.004999999999995,41.81,44.17,2.3599999999999994,0.41634954022988485,0.645251532528118,43.042342214769555,-0.08507937198948924,-0.6139796530267541,2.3599999999999994,1.0261988016266341,1.0001086385128428
491,0,62.40233333333333,62.415000000000006,61.63,63.13,1.5,0.18925298850574712,0.43503216950674706,62.403799163191984,-0.025363036369551468,-0.8797759930480842,1.5,1.011637125408165,1.0000234899847547,0.27366666666666667,0.255,0.13,0.4,0.27,0.008272298850574712,0.09095217892153389,0.28790623473624183,0.07211847116978187,-1.6647712153334644,0.27,1.3893412220351884,1.0520325264418093,8.148333333333333,8.13,8.01,8.3,0.2900000000000009,0.00602126436781609,0.0775968064279458,8.148690487843224,0.38605681659232033,-0.7323698405772232,0.2900000000000009,1.0185685678432026,1.0000438316027682,5.0456666666666665,5.025,4.97,5.21,0.2400000000000002,0.0042598850574712705,0.06526779494874382,5.046074712090577,1.0419886709385173,0.39544483397521235,0.2400000000000002,1.0324857036929422,1.0000808704678423,43.52466666666667,43.375,41.99,45.33,3.3399999999999963,0.57843264367816,0.7605475946172995,43.53108957974749,0.2508651573109488,-0.3722635846496143,3.3399999999999963,1.0413247276284452,1.0001475694950177
492,0,62.81100000000001,62.725,62.04,64.08,2.039999999999999,0.17320931034482745,0.4161842264488497,62.812332838915204,0.9877320952579253,2.0127453026149684,2.039999999999999,1.0201818194579044,1.0000212198327554,0.3063333333333333,0.305,0.18,0.4,0.22000000000000003,0.004403333333333334,0.06635761699558938,0.31320387396497296,-0.3038232096079295,-0.9576691724970079,0.22000000000000003,1.2771234114579755,1.022428315446049,8.311333333333334,8.3,8.11,8.5,0.39000000000000057,0.017294712643678198,0.1315093633308222,8.31233902099764,-0.06585769982574725,-1.3551458856293481,0.39000000000000057,1.0225761940806688,1.0001210019649043,5.140666666666667,5.155,5.0,5.3,0.2999999999999998,0.007461609195402301,0.08638060659316014,5.141368170698016,-0.01712660297322471,-0.9440662259676733,0.2999999999999998,1.0308540108459978,1.0001364616842203,44.08233333333333,44.135,42.77,46.17,3.3999999999999986,0.7887771264367814,0.8881312551851677,44.09098089934796,0.4058166921855791,-0.5097263300514401,3.3999999999999986,1.0471529337348624,1.0001961685183323
493,1,63.223,63.055,62.26,66.54,4.280000000000008,0.7017389655172427,0.8376986125792752,63.22836449463695,2.180630847599261,7.536094842951375,4.280000000000008,1.0523757894393102,1.000084850365167,0.428,0.325,0.18,1.28,1.1,0.06058896551724137,0.24614825922041653,0.49168418047902795,1.6992764424962001,3.525151561044831,1.1,2.6032970976470056,1.1487948142033364,8.692666666666666,8.545,8.3,10.97,2.67,0.24239954022988505,0.4923408780813198,8.706134235889849,3.6391864897018746,16.253748957630826,2.67,1.260031111716343,1.0015493023878193,5.303,5.245,5.08,6.12,1.04,0.038890689655172395,0.19720722515965888,5.306543444968045,2.636551553338737,9.598475208235593,1.04,1.153293111319633,1.0006681962979531,46.00533333333333,45.35,42.77,54.91,12.139999999999993,6.786839540229883,2.605156337003575,46.07658089167062,1.5120262055396345,3.343717404065398,12.139999999999993,1.1917116881805396,1.0015486804067055
494,1,64.53066666666668,64.16,62.43,69.12,6.690000000000005,2.6587236781609236,1.6305593145178507,64.55057737929228,0.977242485261157,0.8946895091882432,6.690000000000005,1.0707882532770898,1.000308546519881,0.8186666666666668,0.855,0.32,1.44,1.1199999999999999,0.09814298850574711,0.31327781361875456,0.8746923268593744,0.12566645717875105,-0.605820201375463,1.1199999999999999,1.6462931659300024,1.0684352526783887,9.393333333333334,9.239999999999998,8.59,11.73,3.1400000000000006,0.6572988505747127,0.810739693474245,9.427093931854078,1.499126478317967,1.7284702557919243,3.1400000000000006,1.24428589391312,1.0035941020426624,5.6209999999999996,5.57,5.16,6.51,1.3499999999999996,0.11011275862068969,0.3318324255112657,5.630460312739388,0.9424893874332574,0.708673355651511,1.3499999999999996,1.156210973598478,1.001683030197365,49.55966666666667,48.71,44.19,58.17,13.980000000000004,12.452989540229883,3.5288793603961417,49.68096667739065,1.0435851713096052,0.8605888153353272,13.980000000000004,1.170870936906963,1.0024475550156506
495,1,66.513,66.405,62.71,70.65,7.940000000000005,3.389290689655174,1.8410026316263577,66.53762456936175,0.30662338090365326,-0.2929494452127326,7.940000000000005,1.0618052636723052,1.0003702219019102,1.1006666666666667,1.02,0.82,1.78,0.9600000000000001,0.05587540229885059,0.2363797840316523,1.1249355537096335,1.2201217892308855,1.1624279207329966,0.9600000000000001,1.5823128659505865,1.0220492613957906,10.285,10.11,8.98,12.32,3.34,0.8250396551724136,0.908316935420899,10.323699110945327,0.6955652321118607,-0.35761228027224234,3.34,1.193370696646725,1.0037626748609945,6.075,6.09,5.47,6.9,1.4300000000000006,0.13830172413793107,0.3718893977218644,6.085993482305635,0.43941090853556874,-0.5931860293296412,1.4300000000000006,1.133750803391591,1.001809626716977,53.463,52.945,47.38,63.55,16.169999999999995,15.505097586206894,3.9376512778821455,53.60299086804765,0.5498229294406078,-0.15992791798542205,16.169999999999995,1.185568173918476,1.0026184626386032
496,1,67.49033333333334,67.50999999999999,64.44,70.65,6.210000000000008,2.2281550574712665,1.4927005920382248,67.5062884231289,0.08540347445167076,-0.2965192177675178,6.210000000000008,1.0465691663740473,1.0002364055562853,1.3860000000000001,1.34,0.82,1.9,1.08,0.11321793103448276,0.3364787230041192,1.4249350862407733,-0.011521727997939294,-1.3244893895637442,1.08,1.3333940741206187,1.0280916928144106,10.916666666666666,10.82,9.74,12.32,2.58,0.44748505747126444,0.6689432393493968,10.93646103636821,0.41666346387964687,-0.16660602087496157,2.58,1.1265070079828345,1.001813224705485,6.385666666666666,6.380000000000001,5.96,6.97,1.0099999999999998,0.07119091954022987,0.2668162655091137,6.3910528605752175,0.29819085699866443,-0.4963661742476786,1.0099999999999998,1.0905871304861456,1.0008434818460956,56.94566666666667,57.055,51.02,63.55,12.529999999999994,9.979852988505746,3.1590905318628884,57.03030898858373,0.14881998212900996,-0.19805906458715183,12.529999999999994,1.1143197560567553,1.0014863698481662
497,1,68.17466666666668,68.15,64.44,73.17,8.730000000000004,2.7159567816091976,1.6480160137599384,68.19391908374236,0.5454696177005925,1.9209269090391894,8.730000000000004,1.072969569473592,1.0002823984042315,1.8143333333333334,1.85,1.21,2.53,1.3199999999999998,0.08401850574712642,0.28985945861249107,1.8365792477683434,-0.17645293186595354,0.5118116408713842,1.3199999999999998,1.3775610298734688,1.0122612058249183,11.491999999999999,11.4,10.43,13.78,3.3499999999999996,0.49998206896551717,0.7070941019167938,11.513009163550597,1.102258771401357,2.257244561422837,3.3499999999999996,1.1969068906525795,1.0018281555473894,6.6770000000000005,6.654999999999999,5.99,7.66,1.67,0.12306310344827583,0.3508035111686823,6.685902332520271,0.624305423512342,0.9282087740547773,1.67,1.1456942711743952,1.0013332832889428,60.611999999999995,60.260000000000005,55.47,69.18,13.710000000000008,11.77207172413794,3.4310452815633226,60.70580049166088,0.6275059735638107,0.21608583026616834,13.710000000000008,1.1395945599877761,1.0015475564518723
498,1,70.46333333333334,70.275,66.65,75.83,9.179999999999993,5.358747126436781,2.3148967852664146,70.50008132383016,0.5094143945496145,-0.03714431537580953,9.179999999999993,1.075601596141255,1.0005215193315222,2.242,2.16,1.84,3.05,1.2099999999999997,0.11227862068965516,0.33508002132275083,2.2660759034065916,0.7427705091540714,-0.49278652729600436,1.2099999999999997,1.3459390285272155,1.0107385831429936,12.562999999999999,12.55,10.95,14.93,3.9800000000000004,0.9788562068965518,0.989371622241386,12.600603027897778,0.6643655154522805,0.35602633685702445,3.9800000000000004,1.1848639280949436,1.0029931567219437,7.191000000000001,7.13,6.4,8.06,1.6600000000000001,0.19713344827586204,0.4439971264274827,7.204237873178073,0.4727936153963728,-0.4301125882383343,1.6600000000000001,1.11878593431902,1.0018408946152235,65.04699999999998,64.72,59.24,73.77,14.529999999999994,14.593966551724137,3.820205040534361,65.1553505861184,0.33965873403393637,-0.6653308381068177,14.529999999999994,1.1322170679213102,1.0016657276449095
499,1,72.63466666666666,72.055,69.73,77.58,7.849999999999994,3.4676257471264327,1.8621562091098676,72.6577376471357,0.7432055769089144,0.1343634025561955,7.849999999999994,1.0677458796855113,1.0003176304308647,2.787333333333333,2.7350000000000003,2.04,3.6,1.56,0.2073926436781609,0.455403824839187,2.823066890221815,0.17016025721084801,-0.8023103711475468,1.56,1.2752088916026854,1.012819979749515,13.82933333333333,13.75,12.3,15.77,3.469999999999999,1.0114340229885053,1.005700762149709,13.864637752209756,0.4624442441775492,-0.8867800419064098,3.469999999999999,1.1374260389519781,1.0025528648435518,7.705666666666668,7.745,7.03,8.61,1.5799999999999992,0.16849436781609192,0.41048065461857264,7.716228137287458,0.28616301679397016,-0.2893492527525754,1.5799999999999992,1.115830150017666,1.001370610886463,70.78133333333334,70.58000000000001,60.83,83.14,22.310000000000002,26.64787402298851,5.162157884353065,70.96306616825404,0.28060648818001865,-0.10065172497251762,22.310000000000002,1.1715953733294773,1.0025675248877393
500,1,74.50933333333333,74.155,70.56,78.83,8.269999999999996,5.841144367816088,2.416845954506842,74.5472145243089,0.23416267196066862,-1.1335358222578553,8.269999999999996,1.0574506439042675,1.000508408668832,3.272333333333333,3.24,2.61,4.11,1.5000000000000004,0.13145988505747128,0.3625739718422591,3.2916930800628013,0.05016050906521381,-0.2896565489108589,1.5000000000000004,1.2485975757866183,1.0059161903013552,15.009000000000002,14.774999999999999,13.13,17.14,4.01,1.0936024137931033,1.045754471084443,15.044175949516143,0.21854740896123304,-0.6325616033915091,4.01,1.1393113227016773,1.002343657106812,8.298,8.24,7.41,9.26,1.8499999999999996,0.25226482758620683,0.5022597212460967,8.31268067472822,0.13610908880738706,-1.076347705268623,1.8499999999999996,1.1139607501286282,1.0017691823003398,76.99133333333334,76.97,67.05,86.25,19.200000000000003,26.58299816091954,5.155870262227274,77.1580346215912,-0.23438429877847092,-0.7752247381800252,19.200000000000003,1.1178356268792853,1.0021651954972142
501,1,77.232,77.87,71.6,81.76,10.16000000000001,5.985361379310349,2.4464998220540193,77.26944851190109,-0.6330248736174594,-0.18068250515505424,10.16000000000001,1.0581154851572065,1.000484883363128,3.7806666666666664,3.745,3.01,4.9,1.8900000000000006,0.22175126436781614,0.47090472960867163,3.8089106054093738,0.30855002861618774,-0.12087869134805551,1.8900000000000006,1.286457075952655,1.0074706238959728,16.262999999999995,16.27,14.46,18.39,3.9299999999999997,1.1872975862068962,1.0896318581093782,16.29824806535966,-0.07351311757716868,-0.7663194446559336,3.9299999999999997,1.128342133844812,1.0021673778121913,8.931666666666667,8.969999999999999,8.04,9.8,1.7600000000000016,0.20147643678160918,0.44886126674241916,8.942562831761373,-0.18520638729913927,-0.8662726335386228,1.7600000000000016,1.0958827110717366,1.0012199475754477,84.14433333333332,82.87,67.05,97.47,30.42,47.57205298850575,6.897249668418982,84.41714962020454,-0.046737409189631596,0.23662884464279488,30.42,1.1546232067597715,1.003242241943857
502,1,80.40233333333335,79.755,75.24,86.59,11.350000000000009,8.8330667816092,2.972047573914186,80.45541521033041,0.5284309096456433,-0.0045163506760199645,11.350000000000009,1.0762482521982177,1.000660203190584,4.477666666666667,4.4399999999999995,3.69,5.71,2.02,0.24843919540229886,0.4984367516569167,4.504404141134171,0.4037626104817207,-0.4052822753156242,2.02,1.2676482440499377,1.005971296315232,17.805333333333333,17.645,15.61,21.71,6.100000000000001,1.883880919540231,1.3725454162031328,17.85639885307225,0.9114794167341761,1.3646893094571748,6.100000000000001,1.2158106558123127,1.002867990100658,9.580000000000002,9.42,8.4,10.7,2.299999999999999,0.3333448275862068,0.5773602234188001,9.596803287206283,0.1208234918905584,-0.07479266445638011,2.299999999999999,1.1149546030879276,1.001753996576856,90.81800000000001,91.53999999999999,77.92,104.4,26.480000000000004,37.576513103448264,6.1299684422881215,91.01776247890665,0.01903953337085306,-0.09775153298804229,26.480000000000004,1.1470288563091704,1.0021995912584138
503,1,82.329,81.75999999999999,76.27,86.91,10.64,7.029402413793106,2.6513020223643147,82.37025755696045,-0.015373181686768548,-0.4378722494026879,10.64,1.055113855142437,1.0005011303059732,5.166666666666668,5.125,4.27,6.21,1.9400000000000004,0.27318160919540235,0.522667780904278,5.1921594736679655,0.253292208326989,-0.7320132077910415,1.9400000000000004,1.1960341417658706,1.0049340916776706,19.14,19.009999999999998,17.06,21.71,4.650000000000002,1.5008206896551732,1.225079870724833,19.177862063674706,0.3851224442576977,-0.5542189720537976,4.650000000000002,1.132034422185228,1.0019781642463272,10.217666666666666,10.195,9.28,11.69,2.41,0.3021219540229884,0.549656214394951,10.231948169011282,0.3019259854997018,0.2700488472472733,2.41,1.142499923465661,1.0013977263900384,97.384,96.505,81.7,116.68,34.980000000000004,55.63694896551725,7.459017962541534,97.65974523825057,0.25975719930573743,0.4105014191278151,34.980000000000004,1.194760438042795,1.0028315250785609
504,1,83.5,83.89,78.19,87.83,9.64,7.37953793103448,2.7165304951416394,83.5427049677788,0.04667699507766929,-1.0971156957495598,9.64,1.0513186044655214,1.000511436739866,5.768666666666666,5.859999999999999,4.7,6.61,1.9100000000000001,0.24070850574712643,0.4906205313143004,5.788799530127122,-0.2824362643323033,-0.6675159322149007,1.9100000000000001,1.1418602364098183,1.0034900375812648,20.245,20.295,17.95,22.69,4.740000000000002,1.2084810344827586,1.0993093443079425,20.273830997947414,-0.13556196580960747,-0.09334392553845028,4.740000000000002,1.1191767358767668,1.0014241046158268,10.742333333333333,10.72,9.7,11.69,1.9900000000000002,0.27877712643678154,0.5279934909038004,10.75486912984068,-0.06635051141585173,-0.45359808683659475,1.9900000000000002,1.0869495350310387,1.0011669528507785,104.02999999999999,104.72,92.02,116.68,24.66000000000001,31.554793103448294,5.617365316894415,104.17650342887626,0.012248507761753976,0.3319879120395641,24.66000000000001,1.1200222330331924,1.001408280581335
505,1,87.50133333333332,87.425,80.23,96.83,16.599999999999994,19.623136091954017,4.4298009088393595,87.6096590945694,0.37445885510076515,-0.18497240689554673,16.599999999999994,1.1052434286438415,1.001237989835234,6.636000000000001,6.455,5.2,8.31,3.1100000000000003,0.6221006896551722,0.7887335986600116,6.681157085415668,0.3076394692885763,-0.5115486235387676,3.1100000000000003,1.2437965301160097,1.0068048651922343,22.058,21.884999999999998,19.85,25.26,5.41,2.382775172413793,1.5436240385578974,22.11014955474823,0.5678617359146222,-0.3653276321255481,5.41,1.1424617430765107,1.0023642014121057,11.668666666666669,11.645,10.45,13.28,2.83,0.6400464367816092,0.8000290224620662,11.695148281801874,0.25729651268459786,-0.6627501505197406,2.83,1.1355136061561715,1.002269463674959,112.03133333333332,108.565,96.88,130.38,33.5,87.70385333333334,9.36503354683438,112.40907454471815,0.4930586530740723,-0.7067277625014277,33.5,1.1598707713595908,1.0033717461012528
506,0,62.236000000000004,62.28,61.75,62.8,1.0499999999999972,0.0669282758620692,0.25870499775239986,62.23651977202238,-0.022223461843168407,-0.5418350690089762,1.0499999999999972,1.009053851822719,1.0000083516296416,0.2206666666666667,0.21,0.17,0.27,0.1,0.0005167816091954023,0.02273283108623742,0.22179570179183666,0.2705159452399179,-0.07311786605322412,0.1,1.2173364849667143,1.0051164733769031,8.046666666666665,8.04,7.98,8.14,0.16000000000000014,0.002119540229885059,0.04603846467775678,8.046793978556511,0.5564862091769487,-0.8098168617957571,0.16000000000000014,1.011583000843798,1.0000158216930215,5.027666666666667,5.025,4.95,5.13,0.17999999999999972,0.002446091954022989,0.04945798170187487,5.027901815535647,0.40981555264204894,-0.5789303995808459,0.17999999999999972,1.020306320252492,1.0000467709744043,43.09399999999999,43.085,42.0,44.22,2.219999999999999,0.3215144827586203,0.5670224711231648,43.09760588864924,0.018168528163096855,-0.4484051609536963,2.219999999999999,1.026043073349612,1.0000836749582136
507,0,62.136999999999986,62.095,61.75,62.8,1.0499999999999972,0.060821724137931035,0.24662060769110727,62.13747310064462,0.5750639983269042,0.30842651621482586,1.0499999999999972,1.0106622761804664,1.000007613831447,0.22800000000000004,0.23,0.17,0.28,0.11000000000000001,0.0005544827586206899,0.02354745758294704,0.22917242417009948,0.18879443703031557,0.5820835116056742,0.11000000000000001,1.2217874860553668,1.005142211272366,8.037666666666667,8.03,7.95,8.13,0.1800000000000006,0.0022116091954023074,0.0470277492062113,8.037799657451865,0.22746352730043728,-0.4827305512348632,0.1800000000000006,1.0114708435737954,1.0000165459443286,5.010666666666666,5.02,4.92,5.13,0.20999999999999996,0.0031719540229884964,0.05632010318694823,5.010972626812749,0.286230934638369,-0.50567759599131,0.20999999999999996,1.0237533473143234,1.0000610617641197,42.86300000000001,42.93,41.82,43.98,2.1599999999999966,0.33218724137930983,0.5763568698118465,42.866745658299436,-0.013246394598799734,-0.5577043583576939,2.1599999999999966,1.025970115636362,1.0000873867507973
508,0,62.29200000000001,62.224999999999994,61.8,63.15,1.3500000000000014,0.10340275862068951,0.32156299323878906,62.29280231294784,0.8068729373434081,0.37343721706722643,1.3500000000000014,1.013760782228832,1.0000128798713772,0.22699999999999998,0.23,0.18,0.28,0.10000000000000003,0.0005527586206896554,0.02351081922625529,0.22817391028190173,0.352747320582708,0.007307084154188459,0.10000000000000003,1.227134161193402,1.005171410933488,8.059333333333335,8.045,7.95,8.22,0.27000000000000046,0.004696091954022997,0.06852803772196456,8.059614961853534,0.6461657280106508,0.0004652116090353431,0.27000000000000046,1.0198998387522946,1.000034944394102,5.027,5.04,4.92,5.11,0.1900000000000004,0.002994137931034473,0.05471871646004202,5.027287870545443,-0.552200313871428,-0.5745695289710699,0.1900000000000004,1.0164526344192786,1.0000572648787434,42.792333333333325,43.035,41.37,43.91,2.539999999999999,0.3962116091954026,0.6294534209895142,42.796808253264246,-0.41117852443879666,-0.44291755026479507,2.539999999999999,1.0260110926999058,1.0001045729359057
509,0,62.252666666666656,62.205,61.64,63.15,1.509999999999998,0.14446850574712672,0.38009012845261675,62.253788318463,0.3284250480400308,-0.3958837188031694,1.509999999999998,1.0143960987073168,1.0000180177309086,0.22033333333333335,0.215,0.18,0.27,0.09000000000000002,0.0005205747126436781,0.022816106430407403,0.22147234590350104,0.36674365943462617,-0.6852591701962365,0.09000000000000002,1.2191138306614733,1.005169497292743,8.075666666666667,8.07,7.97,8.22,0.2500000000000009,0.004901264367816105,0.07000903061617197,8.075960004853913,0.37353783393899703,-0.7753439373670741,0.2500000000000009,1.0178356498867644,1.0000363237116332,5.017666666666666,5.02,4.89,5.11,0.22000000000000064,0.0024391954022988456,0.049388211167229426,5.0179016198672795,-0.2181961990102686,0.36769354707758106,0.22000000000000064,1.0183539628931897,1.000046825191114,42.769,42.875,41.37,43.84,2.470000000000006,0.3492093103448287,0.5909393457410234,42.772946239416335,-0.4375650630678478,-0.4269008645789687,2.470000000000006,1.0249469315162665,1.0000922686856446
510,0,62.124333333333325,62.055,61.52,62.85,1.3299999999999983,0.12932195402298888,0.3596136176829082,62.125339462519904,0.3472893584516064,-0.7305483467446532,1.3299999999999983,1.011664492198345,1.0000161954122095,0.21933333333333332,0.22,0.18,0.29,0.10999999999999999,0.0006064367816091952,0.024625937172201087,0.22066565961502335,0.6609893799289492,0.9425758973297396,0.10999999999999999,1.3142053933808204,1.0060744359347569,8.059666666666669,8.055,7.95,8.17,0.21999999999999975,0.003065402298850573,0.055366075342673265,8.059850494891329,0.08052221808545763,-0.14623175899224083,0.21999999999999975,1.0136664452000057,1.0000228084153182,5.019333333333335,5.02,4.89,5.15,0.2600000000000007,0.002516781609195406,0.05016753541081529,5.01957567927808,-0.07023285746244409,1.2336180083700032,0.2600000000000007,1.025983136634505,1.0000482824966286,42.869,42.875,41.75,43.82,2.0700000000000003,0.2710713793103455,0.5206451568106107,42.87205612828322,-0.2658944991256372,-0.3247424685977891,2.0700000000000003,1.02211099623681,1.0000712899363928
511,0,62.25033333333334,62.285,61.52,62.85,1.3299999999999983,0.12882402298850565,0.3589206360583153,62.251333560012995,-0.16581644173839236,-0.8394673494840497,1.3299999999999983,1.0096169255460186,1.0000160678124292,0.2193333333333333,0.22,0.17,0.29,0.11999999999999997,0.0007236781609195402,0.02690126690175651,0.22092230911944288,0.15558463722783095,0.43254188652367986,0.11999999999999997,1.312678656835919,1.0072445704533872,8.050333333333333,8.05,7.95,8.15,0.20000000000000018,0.0021205747126436755,0.04604969829047391,8.05046064934589,-0.11369100951406179,-0.0633469630289154,0.20000000000000018,1.0123644291910423,1.0000158149988685,5.025666666666666,5.03,4.95,5.15,0.20000000000000018,0.0020805747126436784,0.04561331727295964,5.025866757751012,0.2218330480286108,0.545961818474729,0.20000000000000018,1.0246988724994643,1.0000398138391615,42.866,42.885000000000005,41.75,43.82,2.0700000000000003,0.24475586206896555,0.4947280688104987,42.86875964304698,-0.3499157543995718,0.07503343494435599,2.0700000000000003,1.0221895936545322,1.0000643783662337
512,0,62.23733333333333,62.28,61.75,62.73,0.9799999999999969,0.0887719540229883,0.29794622673057686,62.23802272994647,-0.20755647223375012,-0.9426573448534081,0.9799999999999969,1.0079047702429147,1.0000110768983217,0.2213333333333333,0.22,0.17,0.27,0.1,0.0007843678160919543,0.028006567374313375,0.22303960784279253,-0.07578012999582483,-0.7560435716749758,0.1,1.2105473221164695,1.0077090715788821,8.042666666666667,8.04,7.91,8.16,0.25,0.0034409195402298905,0.0586593516860687,8.042873450038446,-0.08545592551367837,0.03820642113421524,0.25,1.0145627741986907,1.0000257107972204,5.003,5.005,4.9,5.06,0.15999999999999925,0.0017872413793103318,0.04227577769018959,5.003172660089462,-0.44706392705849346,-0.5174336385397571,0.15999999999999925,1.0113582608019611,1.0000345113111058,42.91566666666667,42.93,41.91,43.65,1.740000000000002,0.20202540229885071,0.4494723598830641,42.917941896911444,-0.3917280406841617,-0.4886817283547744,1.740000000000002,1.0170571576998486,1.0000530163089962
513,0,62.164,62.21,61.48,62.76,1.2800000000000011,0.09956275862069003,0.31553566933183647,62.16477410881504,-0.3618277180579606,-0.3201159070753987,1.2800000000000011,1.0095749707083799,1.0000124526866843,0.22366666666666665,0.22,0.18,0.28,0.10000000000000003,0.0009688505747126442,0.031126364624103536,0.2257505998515471,0.19168016792231865,-1.0721875799905183,0.10000000000000003,1.2403067818385738,1.009317137935382,8.049000000000001,8.055,7.91,8.2,0.28999999999999915,0.0039748275862069,0.06304623371944514,8.049238680355636,0.051429708219028,0.6149476126684381,0.28999999999999915,1.0187298855992803,1.0000296534172735,5.0089999999999995,5.015,4.9,5.13,0.22999999999999954,0.002781724137931018,0.05274205284145677,5.00926840965824,0.045086259474297494,-0.3196960528504498,0.22999999999999954,1.024101641291367,1.000053585477788,43.13400000000001,43.18,42.19,44.14,1.9500000000000028,0.24948000000000026,0.49947972931841816,43.13679543035156,-0.11875919110696519,-0.38293774488770094,1.9500000000000028,1.0232563536451893,1.0000648080482115
514,0,62.214666666666666,62.235,61.48,62.76,1.2800000000000011,0.09805333333333364,0.31313468880552603,62.215428418787994,-0.49835219576749723,0.2653909475780458,1.2800000000000011,1.008752998975533,1.0000122439315702,0.256,0.245,0.18,0.38,0.2,0.003031724137931035,0.055061094594377934,0.26166135875720486,0.8009667467631514,0.07685671650182302,0.2,1.4522587584382354,1.0221146826453316,8.055333333333333,8.055,7.95,8.2,0.2499999999999991,0.003218850574712634,0.05673491495289857,8.055526467380432,0.45517420839853384,0.5702442334501576,0.2499999999999991,1.017934710189904,1.0000239759224239,5.02,5.015,4.93,5.13,0.20000000000000018,0.0025379310344827515,0.05037788239379214,5.020244349962792,0.09015713344869343,-0.6966897147958013,0.20000000000000018,1.021862611137249,1.0000486752913929,43.11533333333333,43.095,42.01,44.65,2.6400000000000006,0.34939816091954,0.5910991126025652,43.119249993477396,0.40770846063925814,0.5805529514455099,2.6400000000000006,1.0355003857152931,1.0000908414673217
515,0,62.465999999999994,62.385000000000005,61.69,63.38,1.6900000000000048,0.1598248275862068,0.39978097451755606,62.46723663916416,0.5807307789349802,0.34819610318414496,1.6900000000000048,1.0146118735187268,1.0000197969961926,0.32099999999999995,0.335,0.2,0.43,0.22999999999999998,0.003664482758620689,0.06053497136879383,0.3264710298530841,-0.1135608610723736,-0.8911659304518782,0.22999999999999998,1.3171153354510663,1.0170437067074274,8.107666666666667,8.105,7.95,8.32,0.3700000000000001,0.007239195402298854,0.08508346139114731,8.10809821515913,0.44261244880692235,-0.1667232666448033,0.3700000000000001,1.0261345853513089,1.0000532272119964,5.053666666666667,5.045,4.96,5.18,0.21999999999999975,0.0029550574712643705,0.054360440315217924,5.053949280842986,0.6989187685656396,0.34601470099139675,0.21999999999999975,1.0249410336654565,1.0000559225993637,43.45933333333334,43.209999999999994,42.01,45.09,3.0800000000000054,0.5968271264367819,0.7725458733543153,43.46597044432192,0.5005734280484896,-0.29704611557987537,3.0800000000000054,1.0373632416135377,1.00015272003686
516,1,62.66533333333333,62.620000000000005,61.69,63.38,1.6900000000000048,0.19178436781609193,0.43793192143995613,62.66681253529123,-0.18841887892524983,-0.38973668034384623,1.6900000000000048,1.0113806245420116,1.0000236047887918,0.2943333333333333,0.295,0.15,0.43,0.28,0.006170229885057472,0.07855081084914065,0.3042970040382696,-0.02512602775948148,-1.1057816052793483,0.28,1.4130931106568552,1.0338516558491608,8.264666666666665,8.22,8.04,8.56,0.5200000000000014,0.020715402298850577,0.14392846243481716,8.265878053782307,0.3016409547608567,-0.7620239044938586,0.5200000000000014,1.0355826621568787,1.0001465742254951,5.129,5.12,5.01,5.31,0.2999999999999998,0.006230000000000006,0.0789303490426845,5.129587052905266,0.2952022108438628,-0.7502998790671445,0.2999999999999998,1.0351710469544624,1.0001144575756027,43.971999999999994,43.855000000000004,42.6,45.82,3.219999999999999,0.6383682758620695,0.7989795215536312,43.979016284284185,0.2653885477288359,-0.573828005795415,3.219999999999999,1.041860502377214,1.0001595625462611
517,1,63.68399999999999,63.07,61.86,68.32,6.459999999999994,3.4121420689655193,1.8471984378960262,63.70989138273585,1.620974978681008,1.2663689377738523,6.459999999999994,1.0723609555315203,1.0004065602464647,0.5256666666666666,0.395,0.15,1.52,1.37,0.1513357471264368,0.3890189547135677,0.650089737395282,1.2057151942857904,0.42529320425992534,1.37,2.3381387407993737,1.2366957591539924,8.953000000000001,8.49,8.18,11.59,3.41,1.1131872413793102,1.0550768888471163,9.012895761074795,1.7736267616423265,1.5459379435126168,3.41,1.2859352096420877,1.0066900213419852,5.431,5.235,5.07,6.61,1.54,0.1927679310344827,0.43905344894953585,5.448128424820154,1.6917566481414892,1.5044312239772841,1.54,1.2132606804727075,1.0031538252292678,46.74833333333333,44.83,42.6,58.42,15.82,20.522869540229888,4.530217383330505,46.96004092133368,1.6289945286978076,1.442219769620742,15.82,1.2440363946416437,1.0045286660059258
518,1,64.79833333333333,64.0,62.41,68.77,6.359999999999999,3.8509798850574715,1.9623913689826176,64.8270515808537,0.7581169322608666,-0.7208179285494731,6.359999999999999,1.060822578275499,1.0004431942311331,0.8173333333333334,0.75,0.42,1.52,1.1,0.08804781609195401,0.296728522545363,0.867840231071749,0.9350802095026491,-0.020731507233453073,1.1,1.7514744599047443,1.0617947362215525,9.567666666666666,9.23,8.44,11.86,3.42,1.160501264367816,1.0772656424335718,9.626113615230881,1.0926262050588968,-0.24876107037423756,3.42,1.2320652419097318,1.0061087985817736,5.696666666666667,5.529999999999999,5.14,6.61,1.4700000000000006,0.1839402298850575,0.4288825362323086,5.7122517451526935,0.8919652575771873,-0.5169225967179889,1.4700000000000006,1.1571618855224857,1.002735824192983,49.55766666666668,49.065,44.52,58.42,13.899999999999999,15.845528850574713,3.980644275814496,49.71196707031417,0.7784422841694156,-0.2788111369871147,13.899999999999999,1.1751697517293758,1.003113552635263
519,1,64.79366666666667,64.375,62.8,68.77,5.969999999999999,2.132044712643679,1.460152290907931,64.80956886653905,1.5499481723119664,2.2639908257043846,5.969999999999999,1.0611087406184814,1.0002454283063529,0.8673333333333332,0.775,0.56,1.54,0.98,0.058206436781609215,0.24126010192654984,0.8991848160046594,1.3760178361140156,1.2525261521946733,0.98,1.7126623721724634,1.0367234619577166,9.716000000000001,9.5,8.9,12.38,3.4800000000000004,0.6818799999999999,0.8257602557643471,9.749861879363555,2.2609268375920326,4.745532385511716,3.4800000000000004,1.2697615774643296,1.003485166669777,5.753666666666667,5.73,5.38,6.8,1.42,0.1031826436781609,0.3212205530132854,5.762327943924515,1.8883324801576107,3.961245631782978,1.42,1.1800786186023218,1.0015053491555266,50.22966666666666,49.56,45.17,61.56,16.39,8.610175747126435,2.934310097301653,50.31244958589606,2.200525193611337,7.234036825676396,16.39,1.2235540210559919,1.0016480881662777
520,1,65.05633333333334,64.78,63.37,70.26,6.890000000000008,2.0261964367816128,1.4234452700338052,65.07138513458379,2.0663477548253626,5.639869726386614,6.890000000000008,1.0797372739904778,1.0002313656561819,1.1460000000000001,1.19,0.65,1.8,1.15,0.10158344827586208,0.31872158426416947,1.1880712661003687,0.03718558742970146,-1.0356195717680456,1.15,1.51506062924001,1.0367114014837422,10.116000000000001,10.02,9.39,12.76,3.369999999999999,0.58628,0.7656892319995103,10.143973251804903,2.3222578066778037,6.132995309197355,3.369999999999999,1.2578897521964216,1.0027652483002079,5.941666666666667,5.875,5.48,7.04,1.5599999999999996,0.10482816091954017,0.3237717728887745,5.950187952213498,1.9214587612114096,4.774817834341161,1.5599999999999996,1.1831559030637153,1.001434157455287,52.43299999999999,51.525,47.81,63.15,15.339999999999996,12.578263103448275,3.546584709752225,52.548819936004904,1.4480067838964927,2.5846922801394783,15.339999999999996,1.2017396409073589,1.002208913012891
521,1,66.518,65.82,63.32,75.2,11.880000000000003,6.8884924137931085,2.624593761669243,66.56803437086,1.5158714634597843,2.9035970627768686,11.880000000000003,1.1296713311534796,1.0007521929531857,1.528,1.47,1.03,2.34,1.3099999999999998,0.10439586206896553,0.3231034850770965,1.5606729317829535,1.1924171782730193,1.249408694260926,1.3099999999999998,1.4993532292039708,1.0213828087584773,10.957333333333333,10.585,9.77,14.35,4.58,1.5621029885057471,1.249841185313457,11.026023157361257,1.699723732247741,1.70654095634373,4.58,1.3014665210837664,1.0062688449769948,6.337,6.1,5.75,7.88,2.13,0.27409758620689656,0.5235432992665425,6.357871499173289,1.5694999003336487,1.8097505916829544,2.13,1.239408503462933,1.0032935930524363,56.52033333333333,55.345,50.85,67.69,16.839999999999996,22.412775747126428,4.73421331871795,56.711672196588715,1.1137333140435928,0.5530940694561073,16.839999999999996,1.1935814511932457,1.0033853102409525
522,1,67.944,67.82,63.32,75.2,11.880000000000003,6.52429379310345,2.554269718158881,67.99039603747968,0.5927915326276484,1.0119305709309003,11.880000000000003,1.1060385640134531,1.0006828570216602,1.7666666666666668,1.73,1.25,2.34,1.0899999999999999,0.0954781609195402,0.308995405984523,1.7925977425698902,0.3415275889047062,-0.6962133849023613,1.0899999999999999,1.3053681506065866,1.0146779674923907,11.764333333333331,11.625,10.19,14.45,4.26,1.4046460919540227,1.1851776626118224,11.821901849251386,0.9018843358130543,0.02849909086871616,4.26,1.2223075596685855,1.0048934788131971,6.716000000000003,6.66,5.94,7.88,1.9399999999999995,0.2349765517241379,0.484743800088395,6.732889424311081,0.5432699714953967,-0.03959535076756682,1.9399999999999995,1.1703741890587032,1.0025148040963487,60.392,59.955,51.5,67.86,16.36,21.024168275862063,4.585211911772679,60.56002829149494,0.1690786987083449,-0.933978314694468,16.36,1.1205410881475806,1.0027822938716209
523,1,68.57133333333333,68.71000000000001,65.03,73.68,8.650000000000006,4.668680919540228,2.1607130581223015,68.60423320272105,0.3643656141467014,0.02804616765730472,8.650000000000006,1.0739862040623702,1.0004797904282798,2.1279999999999997,2.01,1.55,3.58,2.0300000000000002,0.23258206896551728,0.48226763209396223,2.1801865363618163,1.4399216662729513,2.1887176903655785,2.0300000000000002,1.6420613283733607,1.0245237482903273,12.478333333333333,12.0,10.96,15.49,4.529999999999999,1.3672488505747127,1.1692941676818167,12.531180178525352,1.3994082971476307,1.0513902924780707,4.529999999999999,1.2361166130661156,1.004235088435316,7.007,6.87,6.36,8.11,1.7499999999999991,0.19481482758620688,0.44137832704631846,7.020425200798025,1.2442399683908612,1.021031876667731,1.7499999999999991,1.155200684864233,1.0019159698584308,63.347333333333346,61.93,55.73,79.25,23.520000000000003,28.86428229885058,5.372548957324687,63.567183200138736,1.1948402031331895,1.8025809292921071,23.520000000000003,1.2467124703399952,1.0034705465129612
524,1,69.62933333333334,68.705,65.49,77.19,11.700000000000003,8.835496091954024,2.9724562388627396,69.69063810871587,1.1098629493184708,0.6212249217011871,11.700000000000003,1.1076093158967104,1.0008804446696202,2.488666666666667,2.4299999999999997,1.85,3.58,1.73,0.2114464367816092,0.45983305316343803,2.5293991381353793,0.5791729836560977,-0.5281441419870321,1.73,1.4153559025243845,1.0163671864996164,13.318666666666667,12.76,11.58,16.93,5.35,2.002722298850575,1.4151757130655453,13.391148071269567,1.1153599141072401,0.34171853775223093,5.35,1.2642680007640992,1.005442091646028,7.412333333333334,7.255,6.55,8.71,2.160000000000001,0.3128529885057472,0.5593326277857812,7.432705429384377,0.6789702483315138,-0.39347330002181247,2.160000000000001,1.1718478665340324,1.0027484052773814,66.53066666666666,65.89500000000001,56.46,81.19,24.729999999999997,41.54998574712644,6.44592784222151,66.83183817113917,0.6126622690922884,-0.3280808069940604,24.729999999999997,1.2148401453824038,1.0045268072538855
525,1,71.475,70.8,66.29,79.79,13.5,14.508674137931031,3.8090253527550892,71.57304434398935,0.46876001998543404,-0.9900316984779249,13.5,1.1148051718537904,1.0013717291918762,2.878333333333333,2.9699999999999998,1.95,3.97,2.0200000000000005,0.25124885057471263,0.5012472948303189,2.920218599123474,0.10947176379684898,-0.42793229761752594,2.0200000000000005,1.3594872661901496,1.014551916313888,14.4,13.95,12.34,17.35,5.010000000000002,2.9809999999999994,1.7265572680916204,14.499711491382627,0.6271396601222625,-1.2046981986459127,5.010000000000002,1.1965755325760337,1.0069244091237934,8.008666666666667,7.895,6.93,9.36,2.4299999999999997,0.5005498850574713,0.7074955017931007,8.038818735776212,0.35555913395233063,-1.2270097456379716,2.4299999999999997,1.1643501747767941,1.003764929964565,71.46333333333334,72.0,57.79,83.58,25.79,40.86907126436781,6.392892245640295,71.73921368400967,-0.16060594049102797,-0.4066305293901409,25.79,1.165053193475824,1.0038604461590046
526,1,72.41933333333333,72.38499999999999,66.29,79.79,13.5,9.85175126436781,3.1387499525078146,72.48505501136079,0.052669924857404384,0.009932895540704756,13.5,1.100778636196031,1.0009075156453726,3.2809999999999997,3.2350000000000003,2.54,4.21,1.67,0.14479551724137935,0.38052006154916374,3.302261346410971,0.28853574114340674,0.16460938442379103,1.67,1.2748839532569387,1.0064801421551268,15.108000000000002,14.72,12.85,17.92,5.070000000000002,1.9326234482758624,1.3901882779954169,15.169702260316997,0.43732504169988684,-0.781754565133312,5.070000000000002,1.1813020250817718,1.0040840786548184,8.358333333333334,8.355,7.26,9.58,2.3200000000000003,0.35746954022988514,0.5978875648730998,8.378979054753628,-0.022950880363462742,-0.5619695257531938,2.3200000000000003,1.1433373848291217,1.0024700763414112,75.96033333333335,75.905,66.02,83.58,17.560000000000002,15.934906781609193,3.991855055185395,76.06165908875072,-0.35241010030289965,0.07350938443478716,17.560000000000002,1.0988453447022064,1.001333929841681
527,1,73.621,74.03,69.31,76.7,7.390000000000001,5.123085172413794,2.263423330359081,73.65462617287979,-0.3820738400112006,-1.1087231808415878,7.390000000000001,1.0413466741379178,1.0004567470270682,3.546,3.5300000000000002,2.8,4.29,1.4900000000000002,0.15772137931034477,0.3971415104346872,3.567433250952287,0.20811503071139864,-0.842884742491592,1.4900000000000002,1.202545275053102,1.0060443460102333,15.721333333333328,15.48,13.59,19.41,5.82,1.6594050574712649,1.2881789695035644,15.772267222353713,0.9971801779321859,1.2245915634959612,5.82,1.2306410819929936,1.003239794484377,8.665666666666665,8.64,7.38,9.87,2.4899999999999993,0.3126047126436782,0.5591106443662812,8.683084897277773,0.20502790367958912,0.3021709298289048,2.4899999999999993,1.1366927902656272,1.002010027766024,78.604,78.91,68.1,90.18,22.080000000000013,23.01058344827587,4.796934797167444,78.74536418101067,-0.07486947563232402,0.555853917057592,22.080000000000013,1.14521027285752,1.0017984349525555
528,1,75.55799999999999,75.875,70.83,81.17,10.340000000000003,4.475988965517245,2.1156533188396547,75.58662681541844,-0.08471995999010186,1.0849360661405543,10.340000000000003,1.0738672093175434,1.0003788720640892,4.049,4.06,2.98,5.07,2.0900000000000003,0.27971965517241376,0.5288852949103555,4.082253870923104,0.06354392776963733,-0.284616412779676,2.0900000000000003,1.2419609755562657,1.0082128601934066,17.086000000000002,16.85,14.74,19.58,4.839999999999998,1.8209834482758624,1.3494381972790983,17.13743504728756,0.19254820220929905,-0.6917271352439767,4.839999999999998,1.1425280356116674,1.0030103621261592,9.156000000000002,9.004999999999999,8.43,10.27,1.8399999999999999,0.25566620689655156,0.5056344597597672,9.169486354207633,0.7148593918313886,-0.5387862266989374,1.8399999999999999,1.120019115933072,1.0014729526220654,84.29199999999999,83.77,68.1,104.39,36.290000000000006,57.72456137931035,7.5976681540661115,84.62234736364462,0.09264396258052687,1.0356730470105342,36.290000000000006,1.233598490850278,1.0039190832302547
529,0,62.02133333333333,62.05,61.41,62.67,1.2600000000000051,0.11410160919540253,0.3377892970409254,62.02222252279151,-0.08067764363148687,-0.735850154268122,1.2600000000000051,1.010444280305667,1.0000143368323509,0.19833333333333333,0.2,0.14,0.24,0.09999999999999998,0.0006074712643678162,0.024646932149211112,0.1998082414049364,-0.4312834869464046,-0.41859117477712937,0.09999999999999998,1.2011516557698438,1.0074365112853936,7.921666666666667,7.925,7.82,8.0,0.17999999999999972,0.0019040229885057473,0.04363511187685609,7.921782838056932,-0.270025389328935,-0.5064166479124923,0.17999999999999972,1.0098736816625806,1.0000146650187585,5.144000000000001,5.14,5.05,5.22,0.16999999999999993,0.0013420689655172444,0.03663425945091895,5.144126100061442,-0.2216491649861324,0.393103056410113,0.16999999999999993,1.0147496189756413,1.0000245140088337,42.23533333333334,42.22,41.16,42.87,1.7100000000000009,0.22728091954022972,0.4767398866680128,42.23793421400562,-0.4797528933993292,-0.43424102027850475,1.7100000000000009,1.0149644104939393,1.0000615806829736
530,0,62.04600000000001,62.05,61.53,62.49,0.9600000000000009,0.08631448275862053,0.29379326533911654,62.046672379212524,-0.18023817056483904,-1.0241615280496565,0.9600000000000009,1.0071450668309492,1.0000108367858125,0.19933333333333333,0.2,0.15,0.23,0.08000000000000002,0.00040643678160919537,0.020160277319749235,0.20031641636837122,-0.8225132081872711,0.3456021287735447,0.08000000000000002,1.148183479765544,1.0049318546908255,7.941999999999999,7.95,7.85,8.03,0.17999999999999972,0.0023131034482758634,0.048094734101311584,7.9421407693392085,-0.12975923715535778,-1.105716624396173,0.17999999999999972,1.0110624116610942,1.0000177246712678,5.132999999999998,5.14,5.05,5.19,0.14000000000000057,0.0007734482758620726,0.027810938061526666,5.133072828887845,-0.6830493180607734,1.6368504385275937,0.14000000000000057,1.0110902714630856,1.0000141883670068,42.43233333333334,42.58,40.97,43.4,2.4299999999999997,0.27552195402298835,0.524901851799923,42.435471601008516,-0.9858123350891227,1.1791260706546947,2.4299999999999997,1.0227292960959709,1.0000739593472394
531,0,62.01333333333333,61.95,61.53,62.49,0.9600000000000009,0.07058160919540211,0.2656719955046111,62.013883445564026,0.20030695751400146,-1.1005613929673301,0.9600000000000009,1.0076775800511495,1.0000088708702004,0.191,0.19,0.15,0.23,0.08000000000000002,0.0003679310344827585,0.019181528470973278,0.19192880624509356,-0.15202401745817934,-0.27834010065722303,0.08000000000000002,1.1983610198996884,1.0048628599219558,7.955333333333333,7.965,7.88,8.08,0.20000000000000018,0.002529195402298846,0.05029110659250645,7.95548699535945,0.29159700939850175,-0.3422018916596241,0.20000000000000018,1.0156512108829014,1.0000193155986905,5.138000000000001,5.14,5.08,5.2,0.1200000000000001,0.0005958620689655207,0.024410286130349245,5.138056052633135,-0.16276803411889396,1.0177664333480365,0.1200000000000001,1.012055911171915,1.0000109094264567,42.38099999999999,42.400000000000006,40.97,43.4,2.4299999999999997,0.23466448275862073,0.48442180252195577,42.383676142275974,-0.6059310696424437,1.3578101341004647,2.4299999999999997,1.0239791341910118,1.0000631448591581
532,0,61.92600000000001,61.9,61.47,62.41,0.9399999999999977,0.05424551724137952,0.23290667066741458,61.92642338560603,0.03846999950287642,-0.19889135233938093,0.9399999999999977,1.0078088897752548,1.00000683696034,0.18666666666666668,0.19,0.13,0.22,0.09,0.00044367816091954004,0.02106366921786278,0.18781196270028527,-0.40411825154408326,0.3724778805183675,0.09,1.1713843827460615,1.006135514465814,7.940000000000001,7.945,7.8,8.08,0.28000000000000025,0.003889655172413794,0.06236710008020089,7.940236772288343,-0.16996627930015318,-0.036714433019302106,0.28000000000000025,1.0176018967342932,1.0000298201874487,5.132,5.13,5.05,5.2,0.15000000000000036,0.0010648275862068992,0.03263169603632179,5.13210028480868,-0.5290014088207414,0.4060344567681806,0.15000000000000036,1.0132303952423352,1.0000195410772954,42.391333333333336,42.32,41.66,43.6,1.9400000000000048,0.17974988505747155,0.4239692029587427,42.39338273834726,0.5043666158378886,1.090795936030073,1.9400000000000048,1.0284623963390702,1.0000483449057338
533,0,61.893666666666654,61.945,61.31,62.46,1.1499999999999986,0.09566540229885072,0.3092982416678936,61.89441372207996,-0.3388646770507413,-0.5643199963677281,1.1499999999999986,1.0091379212421279,1.000012069981527,0.189,0.19,0.13,0.22,0.09,0.0005541379310344826,0.023540134473585377,0.19041183436610937,-0.3986737721492598,-0.20554003841572888,0.09,1.155390371257076,1.0074700231011078,7.919333333333333,7.92,7.8,8.08,0.28000000000000025,0.003916781609195406,0.0625841961616142,7.919572379028217,0.46077882770761225,0.09427403495104159,0.28000000000000025,1.0202571064817352,1.0000301850780644,5.134666666666666,5.14,5.05,5.17,0.1200000000000001,0.0009843678160919547,0.031374636509319986,5.134759325745787,-0.9171826663612059,0.34731673257404205,0.1200000000000001,1.0068631598909643,1.0000180457827423,42.45399999999999,42.44,41.31,43.6,2.289999999999999,0.22547310344827623,0.47484008197315886,42.456566904700786,-0.15798040607311636,0.704854935431666,2.289999999999999,1.026931831249234,1.0000604632001882
534,0,62.049333333333315,62.105000000000004,61.31,62.5,1.1899999999999977,0.10856505747126437,0.32949212049951115,62.05017899517562,-0.9487596295210766,0.2397297426655549,1.1899999999999977,1.0072493103502467,1.0000136288626627,0.18900000000000003,0.19,0.15,0.22,0.07,0.00035413793103448283,0.01881855284113215,0.18990348425801284,0.15433903761551188,-0.2932866513653636,0.07,1.158483220355749,1.004780339989486,7.922666666666665,7.92,7.85,8.08,0.23000000000000043,0.002371954022988507,0.048702710632864236,7.922811369709618,1.0218694503552366,2.389825067572607,0.23000000000000043,1.019840006653616,1.0000182644365894,5.146666666666666,5.155,5.09,5.2,0.11000000000000032,0.0007678160919540208,0.027709494617441526,5.146738773242721,-0.5039762536660276,-0.3482152461544743,0.11000000000000032,1.0103485389688276,1.0000140103450885,42.526,42.605000000000004,41.31,43.67,2.3599999999999994,0.33933517241379313,0.5825248255772394,42.5298565715898,-0.35362720460595054,0.07641465046162077,2.3599999999999994,1.0268080713249297,1.000090687381597
535,0,62.06499999999999,62.1,61.53,62.5,0.9699999999999989,0.05967413793103443,0.24428290552356388,62.06546471267254,-0.2524553478412746,-0.8506383406016087,0.9699999999999989,1.0070012411787959,1.000007487515871,0.1950000000000001,0.19,0.16,0.23,0.07,0.0002879310344827586,0.0169685307107822,0.19571237399135838,0.49908721483282276,-0.022348231964938403,0.07,1.1751939609610764,1.0036531999556835,7.941999999999999,7.9350000000000005,7.86,8.04,0.17999999999999883,0.0019751724137930934,0.04444291185097004,7.94212020390861,0.18606238173722808,-0.05593063302327739,0.17999999999999883,1.0123241393454634,1.0000151352189135,5.153666666666666,5.155,5.09,5.2,0.11000000000000032,0.00075505747126437,0.027478309104898905,5.153737478762379,-0.3264808425645486,-0.35311351488068254,0.11000000000000032,1.0089764993712351,1.0000137401388745,42.47033333333333,42.545,41.31,43.67,2.3599999999999994,0.35157574712643674,0.5929382321342053,42.474334250226924,-0.11672405546794287,-0.336283712390971,2.3599999999999994,1.0281503117324715,1.000094204979796
536,0,61.88733333333333,61.85,61.15,62.68,1.5300000000000011,0.10010988505747113,0.31640146184471263,61.888115175694274,-0.007210649919702592,0.7286744822795064,1.5300000000000011,1.0127954264248902,1.0000126333179802,0.1966666666666667,0.195,0.15,0.23,0.08000000000000002,0.00041609195402298843,0.020398332138265335,0.19768662069042509,-0.3753189221391819,-0.1320210877916641,0.08000000000000002,1.1634575936232796,1.0051862069004662,7.944333333333332,7.9350000000000005,7.85,8.06,0.21000000000000085,0.002742643678160914,0.05237025566255061,7.9445001940545845,0.4667537276019147,-0.23870646136873352,0.21000000000000085,1.0145383350902115,1.000021003741189,5.157333333333333,5.15,5.06,5.26,0.20000000000000018,0.0013857471264367843,0.037225624594313854,5.157463200708917,0.3108788916733266,1.9058384866578084,0.20000000000000018,1.019881246903902,1.0000251811095366,42.42533333333333,42.364999999999995,41.07,43.74,2.6700000000000017,0.43797057471264367,0.6617934532107761,42.43032264784231,0.1498654078950226,-0.34520911696673107,2.6700000000000017,1.030866542378845,1.000117602246511
537,0,61.98033333333333,62.04,61.15,62.68,1.5300000000000011,0.12449298850574697,0.35283563950619695,61.98130414353455,-0.32577613392593374,0.07038887657374415,1.5300000000000011,1.0112726872420663,1.0000156631974857,0.2366666666666667,0.22,0.15,0.37,0.22,0.004029885057471264,0.06348137567406101,0.24475838426224886,0.8407790095733946,-0.25660024332595954,0.22,1.5116948950094382,1.034190356037671,7.949666666666666,7.945,7.85,8.07,0.22000000000000064,0.0029688505747126467,0.05448715972330221,7.949847168342294,0.41820984433769276,-0.24836324494735296,0.22000000000000064,1.0151138542808944,1.0000227055653017,5.158333333333331,5.155,5.06,5.26,0.20000000000000018,0.0013660919540229896,0.03696068118992113,5.158461333899221,0.28626538784388483,2.0315183701369026,0.20000000000000018,1.0196839056316094,1.000024814326182,42.684,42.519999999999996,41.07,43.76,2.6899999999999977,0.5143282758620683,0.7171668396280382,42.68982361172274,-0.10253183462425194,-0.7178033871696532,2.6899999999999977,1.0250686533167916,1.0001364354728408
538,0,62.36766666666667,62.3,61.7,63.35,1.6499999999999986,0.1916943678160915,0.4378291536845068,62.36915223089055,0.6135116055439105,-0.26707294622827016,1.6499999999999986,1.0157264887211928,1.0000238194613216,0.3019999999999999,0.3,0.19,0.44,0.25,0.004457931034482759,0.066767739474111,0.30905231488104623,0.08838814006326808,-0.7324836867444029,0.25,1.423707180997351,1.0233520360299548,8.052,8.05,7.89,8.23,0.34000000000000075,0.009878620689655159,0.09939125056892663,8.052592957137056,0.15250514846869392,-1.2036613899942818,0.34000000000000075,1.022031045628068,1.0000736409757895,5.201333333333333,5.1899999999999995,5.12,5.33,0.20999999999999996,0.0036671264367816162,0.060556803389723406,5.201674089495931,0.6815438996277328,-0.5467731004573437,0.20999999999999996,1.0246701174076256,1.0000655132330039,43.129333333333335,43.129999999999995,41.84,44.39,2.549999999999997,0.42274436781609137,0.6501879480704724,43.13407060163308,-0.2001806797829092,-0.8310510573031622,2.549999999999997,1.0291168763079683,1.0001098386627758
539,1,62.428,62.379999999999995,61.36,63.35,1.990000000000002,0.21796827586206882,0.4668707271419668,62.4296875426,-0.0873099602788235,-0.20921754345570331,1.990000000000002,1.0147415835898907,1.0000270318222593,0.29100000000000004,0.295,0.15,0.44,0.29000000000000004,0.008843793103448275,0.09404144354192079,0.30533588062984013,0.031520746167384005,-1.3127483030101472,0.29000000000000004,1.441036012840606,1.0492641946042616,8.218,8.2,8.04,8.47,0.4300000000000015,0.014126896551724187,0.1188566218253076,8.218830817093146,0.6591489115347259,-0.3247123267170138,0.4300000000000015,1.0305602084404129,1.0001010972369366,5.301333333333333,5.295,5.14,5.49,0.35000000000000053,0.007039540229885061,0.08390196797385066,5.3019751036759875,0.3143506950355898,-0.15958361187477754,0.35000000000000053,1.0354631797862746,1.0001210582889817,43.89933333333333,43.795,42.31,46.34,4.030000000000001,0.9517305747126428,0.9755667966431836,43.90981067293884,1.0195978763324838,0.8974996649893514,4.030000000000001,1.0553450194800968,1.000238667396745
540,1,63.277,62.775,61.36,67.21,5.849999999999994,2.3368975862068955,1.5286914620703864,63.294847578614174,1.540079488104179,2.0042735270494365,5.849999999999994,1.0618557840197511,1.0002820547531357,0.5123333333333332,0.45,0.15,1.19,1.04,0.09661850574712641,0.31083517456543813,0.5965595807070181,0.7332259298565899,-0.17134259134758922,1.04,1.9947714167789585,1.1643973598705626,8.753999999999998,8.47,8.1,10.71,2.610000000000001,0.5199006896551726,0.7210413924700666,8.78265829158044,2.0142073376823024,3.5089796855543014,2.610000000000001,1.2194485592439845,1.003273736758104,5.578333333333333,5.47,5.23,6.39,1.1599999999999993,0.10225574712643676,0.3197745254494747,5.587186232800907,1.4951297865929518,1.6871752257433537,1.1599999999999993,1.143688385127738,1.001587015142081,46.46933333333334,46.17,42.31,54.65,12.339999999999996,9.724702988505742,3.1184456045449536,46.57037133915368,1.3849760352585376,1.7665022800438273,12.339999999999996,1.173492897490672,1.0021742942834058
541,1,64.96300000000001,64.655,62.65,69.94,7.289999999999999,2.8804217241379315,1.6971805219651597,64.98442718580097,1.0876686641567186,1.368990375877031,7.289999999999999,1.0762578517470078,1.0003298367655582,0.7753333333333335,0.71,0.46,1.37,0.9100000000000001,0.053487816091954014,0.23127433081073656,0.8079892738561985,1.4943628118462406,1.5283663943290016,0.9100000000000001,1.695567062990276,1.0421185819297483,9.445,9.14,8.47,11.76,3.289999999999999,0.7023155172413793,0.8380426702987022,9.480871795357217,1.5536356996981644,1.897814180084846,3.289999999999999,1.2403922607369158,1.0037979666868413,5.951666666666667,5.875,5.43,6.95,1.5200000000000005,0.13612471264367815,0.3689508268640662,5.962711072434528,1.201931157090311,1.785336608524661,1.5200000000000005,1.1655771872176879,1.0018556828509428,49.42466666666665,48.455,45.43,59.75,14.32,11.12381195402299,3.3352379156550422,49.533329116195425,1.609729100315728,2.4500657901191767,14.32,1.206258514541558,1.0021985469373345
542,1,65.97366666666667,65.51,63.67,69.94,6.269999999999996,2.9518860919540195,1.7181053785941127,65.99528909955113,1.1720401742541733,0.5108262545633941,6.269999999999996,1.0597726133830316,1.0003277433857618,0.8989999999999999,0.78,0.57,1.58,1.0100000000000002,0.07644379310344827,0.2764847068165765,0.9392000141964792,1.0671685719038475,0.029605790592808656,1.0100000000000002,1.6822827684385728,1.0447163672930804,10.013666666666666,9.665,9.04,12.07,3.030000000000001,0.8463964367816094,0.9199980634662278,10.054436997332735,1.2278838782767194,0.14106391437932153,3.030000000000001,1.200465028842685,1.0040714687260146,6.293333333333332,6.125,5.74,7.18,1.4399999999999995,0.16216091954022985,0.40269209023797553,6.305775130782892,0.8345473235935386,-0.3758320917228648,1.4399999999999995,1.1386387638451307,1.0019769805269427,52.16166666666667,50.7,47.3,60.18,12.880000000000003,17.007414367816093,4.124004651769454,52.319021110873244,0.7836256878695689,-0.6695081318304594,12.880000000000003,1.150250878594765,1.0030166682597037
543,1,66.82966666666667,66.24,64.47,70.97,6.5,3.648106781609193,1.9100017752895397,66.85604572512496,0.7552861889746161,-0.5215332671398287,6.5,1.0615345138985537,1.000394720784556,1.2223333333333335,1.26,0.64,2.0,1.3599999999999999,0.1127426436781609,0.3357717136361562,1.2661292719676507,0.28035470689400455,-0.19569618600650784,1.3599999999999999,1.57961753533418,1.0358297834477643,10.630333333333333,10.285,9.58,13.12,3.539999999999999,0.9241067816091953,0.9613047287978954,10.672267331734153,1.1374192674984451,0.4566065496380478,3.539999999999999,1.2293545122307306,1.0039447491518754,6.6450000000000005,6.5600000000000005,6.02,7.46,1.4400000000000004,0.14697068965517238,0.3833675646884754,6.655681532845954,0.5275951260560854,-0.2695753714302378,1.4400000000000004,1.120846897975018,1.00160745415289,55.40033333333333,55.175,48.55,63.99,15.440000000000005,13.706299885057474,3.702202031907156,55.51978347099947,0.2861182311138648,-0.09389418845404851,15.440000000000005,1.152562131900693,1.002156126695979
544,1,68.16266666666667,68.185,64.93,71.85,6.9199999999999875,3.7392547126436777,1.9337152615221502,68.18917612055449,0.20024701143929763,-0.8160139932522545,6.9199999999999875,1.0536862899321937,1.0003889145654683,1.4796666666666667,1.45,1.08,2.0,0.9199999999999999,0.044189540229885055,0.21021308291798838,1.4940314588388022,0.5792050911700312,0.2998506485873671,0.9199999999999999,1.3386598978005784,1.0097081271719772,11.171333333333331,10.985,10.11,13.12,3.01,0.7147016091954024,0.8454002656702932,11.202212579069666,0.9788122276109059,0.24359630303155821,3.01,1.1711971994276869,1.0027641504209883,7.025333333333333,6.985,6.49,7.88,1.3899999999999997,0.1456050574712643,0.3815823075972788,7.035343630555654,0.31927538741953243,-0.6513456801807611,1.3899999999999997,1.1200590068942566,1.0014248857310193,57.941,57.74,53.13,64.77,11.639999999999993,10.669561034482756,3.266429401423327,58.02993529205422,0.5105260168842635,-0.6910946134371883,11.639999999999993,1.1161480652015936,1.0015349284971646
545,1,69.91966666666667,69.65,66.82,76.92,10.100000000000009,4.327465402298853,2.080256090556846,69.94957471874531,1.3740137399771437,3.369777326788018,10.100000000000009,1.0996492874943347,1.0004277487794846,1.6956666666666669,1.64,1.27,2.61,1.3399999999999999,0.09117712643678158,0.3019555040677046,1.7214596519620589,1.2951579561121505,1.9681967958210187,1.3399999999999999,1.5161551983081416,1.0152111177287548,11.959,11.745000000000001,10.67,14.45,3.7799999999999994,0.852223103448276,0.9231593055633875,11.993393876074721,1.2271746198564668,1.6966576915842655,3.7799999999999994,1.2048299379899372,1.0028759826134896,7.498333333333333,7.475,6.96,8.65,1.6900000000000004,0.1717936781609196,0.4144800093622364,7.509398777532061,0.89082040364909,1.2343845067529173,1.6900000000000004,1.1518898191797444,1.0014757204977187,61.11833333333333,59.915000000000006,53.13,72.29,19.160000000000004,16.4147591954023,4.051513198226349,61.248006253265096,0.5819210065942483,0.7439251595682865,19.160000000000004,1.1802833173226153,1.0021216697651838
546,1,71.826,71.12,68.91,76.92,8.010000000000005,5.094514482758618,2.2571031174402774,71.86027395810103,0.9190136616504092,0.269979499569323,8.010000000000005,1.0704106144216636,1.0004771803817705,2.189666666666667,2.245,1.4,3.16,1.7600000000000002,0.20139643678160923,0.4487721435000275,2.23367932643281,0.17767189741198397,-0.4681541117909571,1.7600000000000002,1.4147062036189975,1.0201001643017855,13.099,12.905000000000001,11.64,15.73,4.09,1.2805196551724138,1.131600483904286,13.146164332864041,0.9302617859032143,0.038139410144027774,4.09,1.196546734219398,1.0036006056083702,8.074333333333334,8.02,7.37,9.27,1.8999999999999995,0.25246678160919545,0.5024607264346095,8.08943199489309,0.6506875054108521,-0.2581611550670653,1.8999999999999995,1.1459395425849688,1.0018699576716041,66.42966666666666,65.675,56.52,77.41,20.889999999999993,30.44887919540229,5.518050307436703,66.65084042981003,0.4447819552537384,-0.3718402640821852,20.889999999999993,1.1614257149768492,1.0033294426156492
547,1,73.696,73.21,70.7,78.44,7.739999999999995,5.054617931034486,2.2482477468096094,73.72914312988227,0.6654136340219743,-0.4784502162442039,7.739999999999995,1.0638940949282296,1.0004497276634048,2.5859999999999994,2.505,2.09,3.19,1.1,0.08368689655172415,0.2892868758719001,2.6015943829377655,0.6280011482960762,-0.306706846020671,1.1,1.2261711590866047,1.006030310494109,14.223666666666666,14.065000000000001,12.66,16.5,3.84,1.3475826436781608,1.1608542732307794,14.269385293931434,0.433892963835989,-1.0077660844026688,3.84,1.1563217097387661,1.0032142645308126,8.650333333333332,8.57,7.98,9.89,1.9100000000000001,0.2673067816091956,0.5170171966281156,8.665256103158944,0.5912901574899888,-0.45607986172997217,1.9100000000000001,1.1413396075384976,1.0017251092241855,72.30233333333332,72.75999999999999,64.3,82.95,18.650000000000006,24.93569436781608,4.9935652962403605,72.46883405989087,0.16677593745156982,-0.5013238290709969,18.650000000000006,1.1446299788878502,1.0023028402941012
548,1,76.27366666666666,76.4,72.09,82.04,9.950000000000003,6.863968850574711,2.619917718283288,76.31715008218445,0.008720451755706796,-0.6119569322813163,9.950000000000003,1.0749877309576252,1.0005700973536231,2.934333333333333,2.865,2.29,3.66,1.37,0.16181160919540233,0.40225813751296857,2.9608664272472676,0.23122967678370437,-0.8878642393991325,1.37,1.2361246580794665,1.0090422903262302,15.140333333333333,15.025,13.03,17.99,4.959999999999999,1.239934367816092,1.1135234024555083,15.179864843491414,0.5675921331306186,0.471127372370435,4.959999999999999,1.18512254130599,1.0026110065932992,9.239666666666666,9.3,8.24,10.28,2.039999999999999,0.2969412643678162,0.5449231729040491,9.25518683405869,-0.09396197543106591,-0.49589584000244447,2.039999999999999,1.1107285227533215,1.0016797323920803,77.12366666666667,76.375,69.77,87.95,18.180000000000007,21.19643781609196,4.603958928584394,77.2563903505723,0.4463039951680099,-0.42856210085130897,18.180000000000007,1.138417153596,1.0017209203042599
549,1,78.30233333333332,77.925,75.36,86.73,11.370000000000005,6.00357712643679,2.4502198118611296,78.33938258202788,1.4816325942921007,3.4765957896368,11.370000000000005,1.1071059937086745,1.000473156381392,3.397666666666667,3.38,2.74,4.61,1.87,0.1635633333333333,0.40442963953366884,3.4208551562438303,0.9227719334381631,1.7905508128182124,1.87,1.347616250745289,1.0068248276985667,16.086666666666666,15.89,14.25,18.99,4.739999999999998,1.3271471264367805,1.1520187179194532,16.126492282369817,0.7627566898993497,0.26954233518959203,4.739999999999998,1.1775654412311778,1.0024756909885921,9.884333333333334,9.845,9.11,11.19,2.08,0.27643919540229883,0.5257748523867406,9.897841683922815,0.6027015264075396,-0.1126793892791329,2.08,1.1305495033504176,1.0013666425578673,81.44666666666669,79.655,72.04,91.34,19.299999999999997,26.300781609195397,5.1284287661227586,81.6025955469555,0.438223254241062,-0.691469928213087,19.299999999999997,1.119327141346153,1.0019144906313597
550,1,78.94,79.30000000000001,74.29,86.73,12.439999999999998,7.330082758620694,2.707412557890041,78.98486783344431,0.6200317454223407,0.8528957457243154,12.439999999999998,1.0980584304184426,1.0005683789389956,3.744333333333333,3.78,3.03,4.61,1.5800000000000005,0.15852885057471267,0.39815681656190777,3.764741248302022,0.37447662835254697,-0.5240942770920807,1.5800000000000005,1.2245197467632625,1.005450346737832,16.938333333333333,16.505,15.5,19.87,4.370000000000001,1.3864695402298846,1.177484411884032,16.977849981667287,1.0134592436433123,0.2677268051944073,4.370000000000001,1.1703484258286923,1.0023329714651552,10.400333333333334,10.375,9.45,11.55,2.1000000000000014,0.2765895402298851,0.5259178074850528,10.413179309573678,0.21686073360846347,-0.6905336880034967,2.1000000000000014,1.1091713353462713,1.001235150434955,85.88333333333334,86.995,76.75,99.3,22.549999999999997,29.284802298850575,5.411543430376455,86.04798421036176,0.08042399783152146,-0.18073706259430278,22.549999999999997,1.154007277581785,1.0019171458609946
551,1,81.462,81.07499999999999,74.29,88.55,14.259999999999991,11.765347586206893,3.43006524518221,81.53177670904353,0.17921993998471344,0.06762617045960306,14.259999999999991,1.086079606924327,1.0008565553146684,4.162,4.08,3.32,5.54,2.22,0.28986482758620685,0.5383909616498097,4.1955269831889614,0.9252765068451759,0.924417674598923,2.22,1.320453907744653,1.0080554981232488,18.104666666666667,18.270000000000003,15.5,20.52,5.02,1.883101609195403,1.3722614944664895,18.154869502881773,-0.1550156783327017,-0.605031920537694,5.02,1.130275268392472,1.0027729224259918,11.073333333333332,11.085,9.81,12.5,2.6899999999999995,0.4569333333333336,0.675968441077935,11.093259815461519,0.0008858959224666211,-0.4616955818387414,2.6899999999999995,1.1268103522264754,1.0017995016973076,91.52,90.08,80.58,106.6,26.019999999999996,34.72996551724136,5.893213513630858,91.70323167696982,0.44906612496743936,0.08443240360349069,26.019999999999996,1.1624454018753116,1.002002094372485
552,0,62.30766666666668,62.33,61.57,62.8,1.2299999999999969,0.12442540229885081,0.35273985073826125,62.30863185252371,-0.37154767963356694,-0.87826614326144,1.2299999999999969,1.0078860365388747,1.0000154906435863,0.20300000000000004,0.21,0.16,0.24,0.07999999999999999,0.000463103448275862,0.021519838481639728,0.20409964886463347,-0.2620262154225025,-0.7876712048477161,0.07999999999999999,1.1758961925464995,1.0054169894809528,7.8373333333333335,7.85,7.74,7.92,0.17999999999999972,0.0017926436781609183,0.042339623028091765,7.83744388602985,-0.48751906062536915,0.07619300840525778,0.17999999999999972,1.01053355088351,1.0000141059071772,4.907666666666667,4.905,4.83,5.0,0.16999999999999993,0.0018322988505747135,0.04280536006827548,4.907847117966628,0.16644119876604693,-0.6878828617517971,0.16999999999999993,1.0187766407180898,1.0000367692657668,42.02533333333334,41.974999999999994,41.02,43.17,2.1499999999999986,0.2918671264367814,0.5402472826741301,42.0286899629289,0.1703633933950966,-0.43676099269879787,2.1499999999999986,1.0271554987337883,1.0000798715757693
553,0,62.229000000000006,62.215,61.57,62.8,1.2299999999999969,0.126588620689655,0.35579294637422904,62.22998320745394,-0.037287403904561665,-1.101539825240152,1.2299999999999969,1.0091598416577714,1.0000157998273143,0.2003333333333333,0.2,0.16,0.24,0.07999999999999999,0.000424022988505747,0.02059181848467364,0.2013537517240077,-0.22552267971958712,-0.7956524979197441,0.07999999999999999,1.1919320993281717,1.0050936026156791,7.8469999999999995,7.85,7.74,7.95,0.20999999999999996,0.002180344827586209,0.046694162671432594,7.847134296459227,-0.19709392817179702,0.5432897596548667,0.20999999999999996,1.0131086967107454,1.0000171143697245,4.902333333333333,4.905,4.81,5.0,0.1900000000000004,0.0020185057471264387,0.044927783688119304,4.902532338836057,0.028869217177632488,-0.22583978169736607,0.1900000000000004,1.0198810848001634,1.0000405940374089,42.17300000000001,42.11,41.2,43.22,2.019999999999996,0.30066310344827624,0.5483275512394724,42.17644567765283,0.36909743367231296,-0.7586607474953784,2.019999999999996,1.0247425857153272,1.0000817034039033
554,0,62.20866666666666,62.23,61.63,62.95,1.3200000000000003,0.11090160919540223,0.3330189321876494,62.2095283162743,0.1521161477031814,-0.32971402546782436,1.3200000000000003,1.01190286606838,1.0000138509576528,0.19800000000000004,0.2,0.13,0.22,0.09,0.00046482758620689657,0.021559860533104026,0.19913144737417376,-1.4705156308013756,2.5299139869797456,0.09,1.1047978754787717,1.0057143806776452,7.830666666666665,7.82,7.7,7.95,0.25,0.0029512643678160874,0.05432554065829522,7.830848825851086,-0.01548129973066135,0.45907361016684956,0.25,1.015215614143332,1.0000232622830436,4.887333333333332,4.89,4.78,5.0,0.21999999999999975,0.002302988505747133,0.04798946244486526,4.887561082312254,0.03371755715049547,0.10250235939850638,0.21999999999999975,1.0230051176433692,1.0000465998456394,42.131,42.165,41.17,43.22,2.049999999999997,0.413236896551724,0.6428350461445953,42.13574045075431,0.1608071382016161,-1.165742898641598,2.049999999999997,1.0257325381646705,1.0001125169294418
555,0,62.24933333333333,62.224999999999994,61.46,62.95,1.490000000000002,0.11720643678160915,0.34235425626331734,62.25024337301823,-0.2153781815967255,0.31423616597760073,1.490000000000002,1.011241026364968,1.000014619267969,0.19700000000000006,0.2,0.13,0.23,0.1,0.0005941379310344826,0.024374944739106234,0.19845234524523345,-1.1712794343613673,1.5929135768737321,0.1,1.158968414889641,1.0073723108895096,7.830666666666667,7.82,7.7,7.97,0.2699999999999996,0.00244781609195402,0.04947540896196837,7.830817752103969,0.3215473859194934,2.265594854824143,0.2699999999999996,1.0177736543362454,1.0000192940708286,4.884333333333333,4.88,4.78,5.0,0.21999999999999975,0.002390919540229893,0.04889702997350548,4.8845699230672635,0.200099727005196,0.3435068676020845,0.21999999999999975,1.0236315742738415,1.0000484384905337,41.98500000000001,41.805,41.17,43.16,1.9899999999999949,0.32632931034482704,0.5712524051107593,41.988756550613246,0.38913954863242983,-1.056309534733496,1.9899999999999949,1.0278942161093751,1.0000894736361376
556,0,62.26199999999999,62.224999999999994,61.46,62.86,1.3999999999999986,0.11074068965517231,0.33277723728520303,62.26285966234873,-0.2755930494006896,-0.08316082184228746,1.3999999999999986,1.0095906346237478,1.0000138071753033,0.198,0.2,0.14,0.23,0.09,0.00036827586206896563,0.01919051489848476,0.1988969582472291,-0.5733671207405688,1.7500412472638143,0.09,1.1563776642280763,1.0045300921577227,7.836333333333333,7.82,7.72,7.97,0.25,0.003224022988505751,0.05678048069984747,7.8365321837319515,0.390917125741429,0.5192909696304708,0.25,1.0170314895847832,1.0000253754390172,4.888999999999999,4.88,4.77,5.04,0.27000000000000046,0.0028024137931034606,0.05293782950880647,4.889277042672056,0.3633076104707537,1.5934285551359864,0.27000000000000046,1.0308272482848655,1.0000566665314086,41.97433333333334,41.905,41.09,43.24,2.1499999999999986,0.29234264367816026,0.5406871957778918,41.97769951613198,0.31715302206038964,-0.3771241851572098,2.1499999999999986,1.0300707399028126,1.0000801962182915
557,0,62.30633333333333,62.23,61.71,63.15,1.4399999999999977,0.12179643678160916,0.3489934623766026,62.30727814629684,0.6454441528136556,0.025260856157756528,1.4399999999999977,1.0135252554561036,1.0000151639955839,0.19733333333333336,0.195,0.15,0.25,0.1,0.00043402298850574704,0.02083321839048751,0.1983935482821959,0.38106747774971533,0.836766618274714,0.1,1.2601216227273622,1.005372710889506,7.835999999999999,7.83,7.72,7.96,0.2400000000000002,0.003583448275862074,0.059861910058584614,7.836221028021096,0.1582741986295753,-0.14093599311264615,0.2400000000000002,1.0157957479167943,1.000028206740824,4.8933333333333335,4.9,4.77,5.04,0.27000000000000046,0.0033471264367816215,0.057854355382992745,4.89366393070332,0.08208237002257802,0.22097729095864427,0.27000000000000046,1.0299031709918929,1.0000675607704332,41.983333333333334,42.075,41.09,43.24,2.1499999999999986,0.2706436781609194,0.5202342531599773,41.986449004410936,0.10970120480005226,-0.27534914440330294,2.1499999999999986,1.0298560851254026,1.0000742120939485
558,0,62.25033333333333,62.15,61.63,63.15,1.519999999999996,0.1263688505747125,0.3554839666914846,62.251314497500104,0.7907204641231599,0.39260218934793567,1.519999999999996,1.0144364100542163,1.0000157615889624,0.19466666666666668,0.19,0.15,0.25,0.1,0.0005705747126436781,0.023886705772116802,0.19607821568615585,0.3450779961589218,-0.1414213649430498,0.1,1.2750014025023144,1.007251107976828,7.819000000000001,7.81,7.69,7.96,0.2699999999999996,0.0036920689655172427,0.06076239762811572,7.819228222785161,0.3310613096077772,0.2710800807475482,0.2699999999999996,1.0180032828309873,1.0000291882318915,4.882666666666666,4.885,4.81,4.96,0.15000000000000036,0.00248919540229886,0.049891837030709346,4.882913064964397,0.03032577455720476,-1.1474217229367027,0.15000000000000036,1.0157870791492711,1.000050463878563,42.057,42.125,40.92,42.92,2.0,0.2420906896551724,0.49202712288569256,42.05978209643982,-0.39282893220770554,-0.4853798379717107,2.0,1.0204522672416079,1.0000661506155888
559,0,62.204000000000015,62.14,61.63,62.92,1.2899999999999991,0.12604551724137913,0.35502889634701446,62.20497938268286,0.26188979675475826,-1.016464285322458,1.2899999999999991,1.0114945881248245,1.0000157446897762,0.1926666666666667,0.19,0.15,0.27,0.12000000000000002,0.0007926436781609198,0.028153928290043644,0.1946449759605078,0.6813306609702885,0.4589907961612689,0.12000000000000002,1.3871408633469238,1.0102680413175145,7.825333333333333,7.8149999999999995,7.69,7.96,0.2699999999999996,0.0036395402298850616,0.060328602087940525,7.825558127060331,0.16602807992549265,0.2937668727806657,0.2699999999999996,1.0171798446522013,1.000028726409141,4.878666666666666,4.88,4.81,4.96,0.15000000000000036,0.00199816091954024,0.044700793276408864,4.878864622020168,0.16125965910390086,-0.8671298394605733,0.15000000000000036,1.0166299711645281,1.0000405757078783,42.09133333333333,42.09,40.92,42.92,2.0,0.24669471264367832,0.4966837148967926,42.09416602491767,-0.29571385459846083,-0.25719289835658854,2.0,1.0196187275593838,1.0000672986897778
560,0,62.483333333333334,62.545,61.69,63.26,1.5700000000000003,0.1826229885057474,0.42734411018024737,62.48474597851863,-0.12183234544857911,-0.8367707016126449,1.5700000000000003,1.0124070924725834,1.0000226083518586,0.26199999999999996,0.25,0.15,0.42,0.27,0.006685517241379309,0.08176501233033179,0.2740559553570523,0.3062012246219453,-1.0811016288906912,0.27,1.532533746448988,1.0460150967826425,7.897666666666666,7.87,7.75,8.08,0.33000000000000007,0.00714264367816092,0.08451416258924252,7.898103780866223,0.6351301079939441,-0.3357895365459407,0.33000000000000007,1.0230303657916517,1.000055347258628,4.915000000000001,4.915,4.81,5.04,0.23000000000000043,0.0035844827586206988,0.059870550011008744,4.915352479731235,0.33260793344566025,-0.30052794151837814,0.23000000000000043,1.0253588162360192,1.0000717151029976,42.40899999999999,42.355000000000004,41.29,44.18,2.8900000000000006,0.3472093103448278,0.5892446947956578,42.412956943210965,0.6256418590433053,1.7105598317951785,2.8900000000000006,1.0416628121249605,1.0000933043271705
561,0,62.867666666666665,62.885000000000005,62.07,63.49,1.4200000000000017,0.13135643678160916,0.3624312855999178,62.86867654086572,-0.31135580866882523,-0.5048979188025444,1.4200000000000017,1.009882877981858,1.0000160634910218,0.311,0.32,0.2,0.42,0.21999999999999997,0.0036506896551724136,0.06042093722520707,0.3166228039797513,-0.009486938765531213,-0.876906840210049,0.21999999999999997,1.3264995278952172,1.0180797555619012,8.101666666666667,8.094999999999999,7.83,8.51,0.6799999999999997,0.03437988505747128,0.18541813572968335,8.103717459701237,0.35038572775446125,-0.5900297573137103,0.6799999999999997,1.0501353289177657,1.0002531322404324,4.991666666666666,4.99,4.87,5.11,0.2400000000000002,0.005048850574712643,0.07105526422941964,4.992155513069145,0.01593988031424622,-1.3116026526118776,0.2400000000000002,1.0236059326722386,1.0000979325013313,43.05999999999999,42.885,41.9,44.96,3.0600000000000023,0.5749448275862068,0.7582511639201135,43.06645306964575,0.9973495027864432,0.7422142079822183,3.0600000000000023,1.0439680260478397,1.000149862276957
562,1,63.21500000000001,63.155,62.32,66.66,4.339999999999996,0.5407155172413779,0.7353336094871347,63.219134102474605,3.6318289096117655,17.33618616816096,4.339999999999996,1.0544276024399186,1.0000653974922817,0.38566666666666666,0.33,0.2,1.08,0.8800000000000001,0.03537022988505748,0.1880697473945703,0.4277031680967538,2.043595178583301,5.406816138815785,0.8800000000000001,2.5251157357704805,1.1089969786432683,8.515999999999998,8.45,8.11,10.63,2.5200000000000014,0.21423862068965532,0.462859180193777,8.528150639695182,3.427904651563777,15.28534657607467,2.5200000000000014,1.2464601587267394,1.001426801279378,5.125666666666666,5.085,4.93,5.85,0.9199999999999999,0.028728850574712635,0.16949587185153694,5.128374986289516,2.820493234101319,11.249638360712167,0.9199999999999999,1.140712216957558,1.0005283838764747,44.80200000000001,44.295,42.51,53.27,10.760000000000005,5.21378206896552,2.283370769052963,44.858212105848956,1.9580494524580339,5.369273203505212,10.760000000000005,1.1875194640905953,1.0012546784931242
563,1,64.238,63.66,62.38,67.17,4.789999999999999,1.6883475862068953,1.299364300805165,64.25070204545109,0.7233089162781786,-0.5635040514965262,4.789999999999999,1.045436047570092,1.0001977341363537,0.6903333333333335,0.785,0.22,1.21,0.99,0.07658954022988507,0.276748153074027,0.7420220122521075,-0.18359612857525628,-1.022619614217279,0.99,1.630679386892492,1.074874957390788,9.233333333333333,9.085,8.36,10.99,2.630000000000001,0.5168781609195404,0.7189423905429004,9.260350605313674,0.9884593562431221,0.21387098061242105,2.630000000000001,1.18678011971748,1.002926058337221,5.412666666666667,5.324999999999999,5.04,6.17,1.13,0.09077885057471259,0.3012952880061562,5.420766858418958,0.9041503505335343,0.12627712573758165,1.13,1.1382153413252616,1.0014965251420662,48.257,48.605,42.91,53.27,10.360000000000007,8.310097586206899,2.882723987170277,48.3401607706608,-0.11472500511147049,-0.958626570514709,10.360000000000007,1.1019822679681959,1.0017232892774273
564,1,65.954,65.795,63.45,70.74,7.289999999999992,2.5145903448275826,1.5857459900083564,65.97242519921991,0.9666178538361966,1.7217606452993461,7.289999999999992,1.0722661746386195,1.0002793643936672,0.961,0.9,0.78,1.51,0.73,0.03795413793103448,0.19481821765695959,0.9799030564295633,1.667087878158058,2.211013758917785,0.73,1.5409687622589232,1.0196701939953834,10.150666666666668,10.094999999999999,9.06,12.67,3.6099999999999994,0.7336960919540229,0.8565606177930566,10.185542368147772,1.2764797857483001,1.8641607687497164,3.6099999999999994,1.2439200134910464,1.0034358040339981,5.811333333333335,5.795,5.31,6.88,1.5700000000000003,0.12900505747126442,0.3591727404345497,5.822052902542194,1.0236709720652912,1.622735867609772,1.5700000000000003,1.1817137554686001,1.0018445972023964,52.12933333333333,51.75,48.22,62.37,14.149999999999999,8.860082298850575,2.9765890376151316,52.21141771681746,1.6470035852573033,3.8077546278432095,14.149999999999999,1.1945662984728804,1.0015746294501648
565,1,67.012,66.56,64.69,70.99,6.299999999999997,2.7234579310344826,1.6502902566016933,67.03164043942233,0.8584184800876069,0.31084772863023913,6.299999999999997,1.0590521063579654,1.0002930883934569,1.209,1.2,0.78,1.7,0.9199999999999999,0.08982999999999998,0.2997165327438578,1.2443940962037174,0.1276689469755218,-1.4766186986275103,0.9199999999999999,1.3661266998824593,1.0292755138161434,10.914666666666667,10.605,9.74,12.99,3.25,0.6949291954022988,0.8336241331693192,10.945396901589879,0.946126848104258,0.3287492894486208,3.25,1.1868002701768752,1.0028154991683862,6.175666666666666,6.13,5.65,6.96,1.3099999999999996,0.11649436781609193,0.34131271264940005,6.1847772797409615,0.6370592008699533,-0.27210345969166605,1.3099999999999996,1.125343676125312,1.0014752436564411,56.061,55.45,49.81,62.76,12.949999999999996,14.25914724137931,3.776128604984119,56.183801609835314,0.3682982166641632,-0.9711742950600533,12.949999999999996,1.1170479426763011,1.0021904998097664
566,1,67.90533333333335,68.015,64.69,70.99,6.299999999999997,2.90469471264368,1.70431649427085,67.92600508396373,-0.05272025786177217,-0.7703085545429267,6.299999999999997,1.0451078333290593,1.0003044201333775,1.582,1.63,0.97,2.13,1.16,0.07136827586206897,0.2671484154212204,1.6036562391402132,-0.5663710527976864,0.2729204262480973,1.16,1.3282148305936075,1.0136891524274418,11.744666666666665,11.94,10.47,13.68,3.209999999999999,0.6774326436781607,0.8230629645890772,11.77251233453024,0.24551794718495087,-0.5214151749605787,3.209999999999999,1.1620289375170039,1.0023709202358724,6.500333333333334,6.52,6.01,7.18,1.17,0.10656885057471265,0.32644884832805376,6.508252453616102,0.4446083797086064,-0.5375782007744334,1.17,1.103214734088974,1.0012182637222862,59.93066666666666,60.55,52.49,66.63,14.139999999999993,10.166978850574713,3.1885700322518735,60.012606064615014,-0.38822273858413875,0.010876249805916949,14.139999999999993,1.1102667317639914,1.001367236550264
567,1,70.03033333333333,69.775,66.46,74.97,8.510000000000005,4.6699412643678215,2.1610046886501246,70.06255678558507,0.657482849779283,0.2688371487362313,8.510000000000005,1.0700437357636454,1.000460135640057,1.897333333333333,1.8450000000000002,1.6,2.55,0.9499999999999997,0.058385747126436766,0.2416314282671788,1.9121488784436564,0.9567792999668678,0.3737818176283736,0.9499999999999997,1.3335781689109405,1.007808614780564,13.008333333333331,12.940000000000001,11.45,15.32,3.870000000000001,0.9933867816091957,0.9966879058206715,13.045191067975967,0.5737116103954537,-0.2579670764518118,3.870000000000001,1.174379119490887,1.00283339407887,7.028999999999999,6.92,6.2,8.23,2.0300000000000002,0.2631058620689655,0.5129384583641253,7.047068657723342,0.4372021677329935,-0.35827226013419544,2.0300000000000002,1.167861475420735,1.002570587241904,64.62566666666666,63.004999999999995,58.06,72.15,14.090000000000003,17.906790919540246,4.231641634110838,64.75945251467155,0.5200237847298284,-0.9614256160671788,14.090000000000003,1.1141230692716881,1.0020701658474944
568,1,72.08733333333333,71.935,68.91,76.05,7.140000000000001,3.69210988505747,1.9214863738932602,72.11208405438485,0.17757951000261615,-0.9103979218907545,7.140000000000001,1.0546082670783066,1.0003433435515927,2.4010000000000002,2.3099999999999996,1.69,3.46,1.77,0.23428517241379307,0.48403013585291677,2.4477084521377677,0.3879026183308552,-0.6275028386791144,1.77,1.4135670434843342,1.0194537493285163,14.323333333333334,14.165,12.74,16.33,3.589999999999998,0.9006229885057467,0.949011585021883,14.353692207930333,0.2162443379904699,-0.7134160670771195,3.589999999999998,1.137686371105113,1.00211953976707,7.56,7.5600000000000005,6.8,8.59,1.79,0.1891448275862069,0.43490783803721783,7.572082936682614,0.3535671006699172,-0.004258415589430964,1.79,1.1344302580715449,1.0015982720479648,70.82833333333335,70.855,62.29,85.12,22.830000000000005,30.823890229885052,5.551926713302784,71.03836449412388,0.6046215395469676,0.34087826346330274,22.830000000000005,1.1982257841400743,1.0029653551185806
569,1,73.98400000000001,73.995,69.76,80.3,10.539999999999992,5.477824827586204,2.3404753422299076,74.01977767236718,0.6377801444382386,0.9161355793704731,10.539999999999992,1.0848451930703018,1.0004835866182846,2.955,2.9050000000000002,2.24,3.93,1.69,0.14427413793103452,0.37983435591193504,2.9785046583814507,0.2973745499974691,0.1692610423004024,1.69,1.319454038435381,1.007954199113858,15.603000000000002,15.68,13.8,17.78,3.9800000000000004,1.0746493103448276,1.036652936302612,15.636253920510075,0.20427991938180975,-0.5054674760726034,3.9800000000000004,1.137101001965565,1.0021312517150596,8.03,7.99,7.04,8.99,1.9500000000000002,0.24909655172413794,0.4990957340271884,8.044979386756271,0.10836164215687297,-0.6567647112673116,1.9500000000000002,1.1174671267398686,1.0018654279895731,77.252,76.965,66.56,89.59,23.03,35.20601655172415,5.93346581280487,77.47195613037448,0.1781464339753722,-0.468356269010469,23.03,1.1564184573993788,1.0028472548332015
570,1,76.88566666666665,76.945,71.57,81.6,10.030000000000001,7.313052988505743,2.7042657022758956,76.93162563818167,-0.04530038290255776,-0.787278548249918,10.030000000000001,1.0606821228992902,1.0005977573390146,3.2529999999999997,3.24,2.73,3.93,1.2000000000000002,0.11918724137931037,0.3452350523618805,3.2706609933365662,0.41777346997484033,-0.6172912360758254,1.2000000000000002,1.201591974223782,1.0054291402817603,16.987333333333332,17.064999999999998,15.16,18.97,3.8099999999999987,1.0287443678160917,1.0142703622881286,17.016578582860497,0.07998691653696564,-0.7243128039228042,3.8099999999999987,1.1147951926779827,1.001721591550204,8.642666666666667,8.629999999999999,7.6,9.74,2.1400000000000006,0.2655374712643679,0.515303280859309,8.657503874289247,0.1277112451475149,-0.402258305041042,2.1400000000000006,1.125035592409668,1.001716739542878,82.829,82.255,73.72,93.34,19.620000000000005,28.846705862068955,5.37091294493487,82.99715892727896,0.06630781285648997,-0.9840926321728585,19.620000000000005,1.1246168086522492,1.002030193860592
571,1,80.31633333333335,80.36,74.09,87.83,13.739999999999995,9.592596436781601,3.097191701651934,80.37403961064376,0.2896758273034762,0.10167846070186748,13.739999999999995,1.0927657789191034,1.0007184874472659,3.873666666666667,3.8200000000000003,2.85,5.0,2.15,0.4330791954022989,0.6580875286785937,3.927332003621118,0.29428069201442764,-1.1676208338004672,2.15,1.2731289321579764,1.0138538861426172,18.796333333333333,18.67,16.76,22.23,5.469999999999999,2.434334367816092,1.5602353565459577,18.858826492299745,0.7413516959892213,-0.25408657545603264,5.469999999999999,1.1787583924735052,1.0033247526450058,9.367666666666668,9.31,8.07,11.27,3.1999999999999993,0.4815771264367815,0.6939575825918912,9.39248121282834,0.7122603618578022,0.8498328193191576,3.1999999999999993,1.1998959321427576,1.0026489569969403,89.76766666666668,88.485,74.81,105.64,30.83,53.36579781609196,7.305189786452639,90.05454412003131,0.3649539720047737,-0.03526819323773722,30.83,1.1730668455685618,1.003195777099007
572,1,82.39233333333331,82.015,75.33,87.83,12.5,7.954459885057476,2.8203652041991787,82.43898291059475,-0.3477639679198525,0.12614921514304944,12.5,1.0653940271831328,1.000566188325711,4.5360000000000005,4.625,3.52,5.44,1.9200000000000004,0.23639724137931034,0.48620699437514303,4.561119745559563,-0.3685754239952794,-0.3948327025318097,1.9200000000000004,1.1926895813897591,1.0055378627776814,20.401,20.395,17.97,22.84,4.870000000000001,1.3980368965517238,1.1823861029933174,20.43409495589826,-0.08361309799353855,-0.6118724467167289,4.870000000000001,1.1177397408250411,1.0016222222390208,10.039333333333333,10.114999999999998,8.68,11.27,2.59,0.3220685057471263,0.5675107979123625,10.054827033155103,-0.18429795817328043,0.15697119329552933,2.59,1.1208546862952438,1.001543299670141,97.259,99.265,84.86,107.77,22.909999999999997,37.75905758620689,6.144839915425535,97.44646480675087,-0.41213067324482694,-0.7956139725321703,22.909999999999997,1.1059405819772123,1.001927480302603
573,1,84.71033333333331,85.155,77.99,91.47,13.480000000000004,11.338024022988513,3.3671982452758127,84.77500022608865,-0.03858374464456269,-0.16993413419230352,13.480000000000004,1.0789737511773079,1.000763388481791,5.072000000000001,5.045,3.95,6.85,2.8999999999999995,0.39711310344827583,0.6301691070246747,5.109702535373268,0.5917961179613613,0.9692531126801898,2.8999999999999995,1.3405868448464586,1.0074334651761172,21.898000000000003,21.685000000000002,19.78,24.75,4.969999999999999,2.0024441379310347,1.4150774317792771,21.94215349504237,0.5155853241097739,-0.6789648001891173,4.969999999999999,1.1279658583006467,1.0020163254654473,10.665999999999999,10.57,9.74,12.01,2.2699999999999996,0.32204551724137925,0.567490543746219,10.680583629496407,0.6447316033730648,-0.233172187238329,2.2699999999999996,1.1244703863216017,1.0013673007215835,105.07366666666667,104.69,91.02,119.85,28.83,45.97654126436781,6.7806003616470285,105.28494392203791,0.257089047989595,0.12194542753671733,28.83,1.1383394010139505,1.0020107536176641
574,1,88.691,88.185,81.6,98.19,16.590000000000003,15.566105862068966,3.945390457492004,88.7757890230589,0.26907104849027247,0.03220981109731902,16.590000000000003,1.1060448020855755,1.0009560048151322,5.7123333333333335,5.805,4.56,6.85,2.29,0.29877022988505747,0.5465987832817207,5.73755726187838,-0.1423450124223907,-0.2799137337849529,2.29,1.193887866795324,1.004415696191582,23.879,24.215,21.06,26.6,5.540000000000003,1.94891275862069,1.396034655236284,23.918415290315533,-0.2070754580660559,-0.5244442582958166,5.540000000000003,1.1121138117695544,1.0016506256675544,11.566333333333331,11.615,10.16,12.63,2.4700000000000006,0.5204722988505748,0.7214376610980153,11.588062391961826,-0.14047469794553705,-0.8386475370485824,2.4700000000000006,1.089914739219986,1.0018786471046854,114.10900000000001,114.87,99.09,130.6,31.50999999999999,65.54171965517241,8.095784066733279,114.38627923254899,0.2749516178621549,-0.5921428931742678,31.50999999999999,1.1417453288649093,1.0024299505959124
